{"type":"FeatureCollection","features":[{"type":"Feature","properties":{"id":"brooklyn-greenpoint","name":"Greenpoint","ntaName":"Greenpoint","nta":"BK0101","type":"neighborhood","price":32,"blocks":182,"boro":"brooklyn","borough":"Brooklyn"},"geometry":{"type":"Polygon","coordinates":[[[-73.9321354000605,40.7281678654325],[-73.9373940406488,40.7243406167606],[-73.9402226638863,40.7228997664531],[-73.94721484748,40.7185692457085],[-73.9484178151415,40.7184637926502],[-73.949079597717,40.7225485475074],[-73.950647373334,40.7217139538707],[-73.9516477533936,40.7234941178841],[-73.9547780608445,40.7224677647573],[-73.9581443567555,40.7244125452573],[-73.9579523959962,40.7250446996518],[-73.9584275524772,40.7254087963703],[-73.9601264059093,40.7253278976023],[-73.960286884109,40.7259563824907],[-73.9616166227862,40.7258738235913],[-73.9616186041133,40.7266696826642],[-73.9610183157737,40.7287127011962],[-73.9614298716537,40.7309546546321],[-73.9622648392943,40.7329238134993],[-73.9622866381671,40.7340559574711],[-73.9615763787058,40.7351878777749],[-73.9598307466715,40.7370691639091],[-73.9576355306497,40.7385463814036],[-73.9569314630265,40.7388953363042],[-73.9547645738998,40.7391317984086],[-73.9529249903368,40.7389432057776],[-73.9465249594716,40.7369351166688],[-73.947201264716,40.7353634409958],[-73.9470667600979,40.7344102555189],[-73.9465994978703,40.7344504870712],[-73.9467405116221,40.7352909572272],[-73.9462489137577,40.7361744288034],[-73.9458745362935,40.7361100948351],[-73.9455719151708,40.736620567598],[-73.9450005193002,40.7364449568833],[-73.9452563532496,40.7359010525614],[-73.9451865022197,40.7354874161569],[-73.9450344206744,40.7354368786553],[-73.9445168514156,40.7362926535479],[-73.9423958649341,40.7354340130113],[-73.9411488960529,40.7341611903957],[-73.9409988943019,40.7337987483478],[-73.9411575871058,40.7337571723885],[-73.9405701180843,40.7330667569216],[-73.939814654679,40.7311609512291],[-73.9381047773973,40.7297367816192],[-73.9369326753768,40.7291163527803],[-73.9349306906215,40.7285521772272],[-73.9323474143507,40.7281906563836],[-73.9321354000605,40.7281678654325]]]}},{"type":"Feature","properties":{"id":"brooklyn-williamsburg","name":"Williamsburg","ntaName":"Williamsburg","nta":"BK0102","type":"neighborhood","price":32,"blocks":221,"boro":"brooklyn","borough":"Brooklyn"},"geometry":{"type":"Polygon","coordinates":[[[-73.9581443576915,40.724412545132],[-73.9547780608445,40.7224677647573],[-73.9516477533936,40.7234941178841],[-73.950647373334,40.7217139538707],[-73.949079597717,40.7225485475074],[-73.9484178151415,40.7184637926502],[-73.94721484748,40.7185692457085],[-73.9511457672558,40.7160427802459],[-73.9534861527576,40.7140784665692],[-73.9493737482991,40.7140751369435],[-73.9486567644182,40.70973324099],[-73.9508763557898,40.7095213728865],[-73.9502383669087,40.7054815035734],[-73.9519119871322,40.7063683359581],[-73.9579057402297,40.7084354307],[-73.9584572000155,40.7072601044255],[-73.963280171633,40.707737555926],[-73.9683847494918,40.7068376299429],[-73.9692943992349,40.707101587665],[-73.969850084218,40.7080112989185],[-73.9699434021974,40.7093103103334],[-73.9696068491253,40.7102791015586],[-73.9700707132925,40.7104647552766],[-73.9696633008624,40.7105079813612],[-73.9697697767731,40.7107972529748],[-73.9693757355591,40.7110289244044],[-73.9699091671355,40.711276379205],[-73.9692363650748,40.7112487993251],[-73.9688739209624,40.7125870015982],[-73.9684437551754,40.712946692635],[-73.968850684139,40.7132208037446],[-73.9672417794079,40.7165961445606],[-73.9671064754855,40.7169166518241],[-73.9672525722174,40.7169949251889],[-73.9663147373847,40.7183248002834],[-73.9651209390892,40.7192351535936],[-73.9654031858484,40.7196288147949],[-73.9652587882916,40.7201583349002],[-73.9650342184703,40.7203853287971],[-73.964480897883,40.7200444475305],[-73.9643987913857,40.7204500942861],[-73.962758088809,40.7224072755943],[-73.9616612773936,40.7248687152844],[-73.9621160499916,40.725156323758],[-73.961903830697,40.7253287612115],[-73.9615382281633,40.7251171789727],[-73.9611650972689,40.7252728672512],[-73.9583322153359,40.7244199611136],[-73.9581443576915,40.724412545132]]]}},{"type":"Feature","properties":{"id":"brooklyn-south-williamsburg","name":"South Williamsburg","ntaName":"South Williamsburg","nta":"BK0103","type":"neighborhood","price":32,"blocks":107,"boro":"brooklyn","borough":"Brooklyn"},"geometry":{"type":"Polygon","coordinates":[[[-73.9502383669087,40.7054815035734],[-73.9419322154253,40.7007334909745],[-73.9570213632235,40.6989821697572],[-73.962841070079,40.6980469240302],[-73.9621812139478,40.7002289665779],[-73.9672110551173,40.7042639652394],[-73.9683847494918,40.7068376299429],[-73.963280171633,40.707737555926],[-73.9584572000155,40.7072601044255],[-73.9579057402297,40.7084354307],[-73.9519119871322,40.7063683359581],[-73.9509574916272,40.7058511933723],[-73.9502383669087,40.7054815035734]]]}},{"type":"Feature","properties":{"id":"brooklyn-east-williamsburg","name":"East Williamsburg","ntaName":"East Williamsburg","nta":"BK0104","type":"neighborhood","price":32,"blocks":277,"boro":"brooklyn","borough":"Brooklyn"},"geometry":{"type":"Polygon","coordinates":[[[-73.9240605186909,40.7141198195078],[-73.922236085583,40.7128642142111],[-73.9215474376544,40.7110515425493],[-73.9207499515694,40.7105419079012],[-73.926090722759,40.7056879589663],[-73.9339523538901,40.7026828501405],[-73.9419322154253,40.7007334909745],[-73.9502383669087,40.7054815035734],[-73.9508763557898,40.7095213728865],[-73.9486567644182,40.70973324099],[-73.9493737482991,40.7140751369435],[-73.9534861527576,40.7140784665692],[-73.9511457672558,40.7160427802459],[-73.9490442458056,40.7174367789993],[-73.9419577641654,40.7216605801131],[-73.9402226638863,40.7228997664531],[-73.9372747147791,40.7244138242063],[-73.9321354000605,40.7281678654325],[-73.9295816318408,40.7276210831928],[-73.928495609926,40.7266228651318],[-73.9278731483298,40.7258623123918],[-73.9277979252406,40.7249339297284],[-73.9256161283722,40.7200699228529],[-73.9248194124001,40.7202733981835],[-73.9245222533069,40.719561827091],[-73.9248655579587,40.7184487057624],[-73.9283807242954,40.7175866278493],[-73.9288810759104,40.7177285786909],[-73.9297068234875,40.7170575392961],[-73.9293214218149,40.7161202685693],[-73.9294749927338,40.7157297122755],[-73.9322074980821,40.71497224034],[-73.9321514109865,40.7146957240887],[-73.9317549966735,40.7147499348886],[-73.931427465733,40.7143906029071],[-73.93124209522,40.7137330700863],[-73.9316466986477,40.7133510533732],[-73.932640477457,40.7130608451902],[-73.9320340545548,40.7115984818297],[-73.9333862713143,40.7112419863839],[-73.9332849183169,40.7109869650446],[-73.93190244324,40.7113467306411],[-73.9309336997282,40.7091735695727],[-73.9303623696998,40.7087259957808],[-73.9302518125089,40.7089361712158],[-73.9315475620786,40.7118636105755],[-73.9307803717532,40.7121686868665],[-73.931611751991,40.7120462810358],[-73.9318439196858,40.7126354969559],[-73.93042436746,40.7131808182956],[-73.9310537436354,40.7146184833051],[-73.930853325912,40.7149112450389],[-73.9284402419827,40.7155392092293],[-73.9289074367029,40.71662721666],[-73.9282339543152,40.7171147137204],[-73.9246465614079,40.7179613691785],[-73.9236413150279,40.7173289181682],[-73.9230564223053,40.7163509242918],[-73.9243147221502,40.7158553164366],[-73.9248869577582,40.7152754478813],[-73.9243373200088,40.7141308529874],[-73.9240605186909,40.7141198195078]]]}},{"type":"Feature","properties":{"id":"brooklyn-brooklyn-heights","name":"Brooklyn Heights","ntaName":"Brooklyn Heights","nta":"BK0201","type":"neighborhood","price":45,"blocks":67,"boro":"brooklyn","borough":"Brooklyn"},"geometry":{"type":"Polygon","coordinates":[[[-73.9923651118562,40.6896983761262],[-73.9999166176331,40.6917754825022],[-74.0016187198966,40.6925573236895],[-74.0017450663616,40.6924150022586],[-74.0009601292704,40.6940773364888],[-73.9994144688561,40.6963659303653],[-73.9994755121103,40.6967123879372],[-73.9988735170396,40.6969320381136],[-73.9975004272099,40.699647123441],[-73.9971619864501,40.699801066806],[-73.9972460729959,40.7001496641243],[-73.9950473710191,40.7031400946901],[-73.9926134919757,40.7020693842746],[-73.9908366039856,40.7005780167997],[-73.9914331936121,40.6984275238047],[-73.9912855790331,40.6965964640233],[-73.9904461826623,40.6938365046615],[-73.9909733108071,40.6925570543491],[-73.988935004247,40.6920948949282],[-73.9892214770013,40.690974224408],[-73.990476322512,40.6891493268127],[-73.9907081371095,40.689144996912],[-73.9923651118562,40.6896983761262]]]}},{"type":"Feature","properties":{"id":"brooklyn-downtown-brooklyn","name":"Downtown Brooklyn","ntaName":"Downtown Brooklyn-DUMBO-Boerum Hill","nta":"BK0202","type":"neighborhood","price":45,"blocks":155,"boro":"brooklyn","borough":"Brooklyn"},"geometry":{"type":"Polygon","coordinates":[[[-73.9790591089304,40.7059611451044],[-73.9793290635175,40.704754532591],[-73.9802758623638,40.7030496558352],[-73.9800278268214,40.7021487166653],[-73.9809054672656,40.7018696849669],[-73.9806505162692,40.7015691283436],[-73.9808458433185,40.7013034956303],[-73.9804062635035,40.7007072616641],[-73.9805107003604,40.6974545298291],[-73.9801395342015,40.6947183094867],[-73.9791686221392,40.6934965767775],[-73.9825123524842,40.6936148647653],[-73.9825189139605,40.6929856416483],[-73.9817603291038,40.6929634269032],[-73.9817905113974,40.6916531214899],[-73.9820635954969,40.6913203440999],[-73.9813991706797,40.6899369232146],[-73.9835112603446,40.6899304244569],[-73.9808351909845,40.6888720370989],[-73.9780787334083,40.6849231923033],[-73.9796182384205,40.6824995215972],[-73.98828437762,40.6858750373645],[-73.9891298473696,40.6845977045357],[-73.9939307378881,40.6864611233086],[-73.9923651118562,40.6896983761262],[-73.990476322512,40.6891493268127],[-73.9892214770013,40.690974224408],[-73.988935004247,40.6920948949282],[-73.9909733108071,40.6925570543491],[-73.9904461826623,40.6938365046615],[-73.9912855790331,40.6965964640233],[-73.9914349127138,40.6982901138835],[-73.9908759798523,40.7006813718506],[-73.9926134919757,40.7020693842746],[-73.9950473710191,40.7031400946901],[-73.9946643470875,40.7034388640242],[-73.9949968684502,40.7036588192107],[-73.9947156858336,40.7040049441326],[-73.9947775870515,40.7042541166733],[-73.9935102580507,40.7046317605108],[-73.9921284789269,40.7046978968292],[-73.9918630353478,40.7040948977963],[-73.9909489960062,40.7040406978525],[-73.9902286549428,40.7049422998998],[-73.9883047644284,40.7045487238555],[-73.9882914334837,40.7050789140024],[-73.9879582065225,40.705142472944],[-73.9868841976055,40.705167070192],[-73.986531171262,40.7049873547249],[-73.9864357393996,40.7053568630464],[-73.9834395024106,40.7056523506376],[-73.9833696389391,40.7054693208329],[-73.98092654227,40.7053775110245],[-73.9809100856959,40.7059162002446],[-73.9795606244884,40.7057518711952],[-73.9790519378473,40.7059752195984],[-73.9790591089304,40.7059611451044]]]}},{"type":"Feature","properties":{"id":"brooklyn-fort-greene","name":"Fort Greene","ntaName":"Fort Greene","nta":"BK0203","type":"neighborhood","price":12,"blocks":83,"boro":"brooklyn","borough":"Brooklyn"},"geometry":{"type":"Polygon","coordinates":[[[-73.962841070079,40.6980469240302],[-73.9634765851232,40.6968089229562],[-73.9645521386725,40.6961158462091],[-73.9654686488362,40.6959404162523],[-73.9693959355712,40.6960886438273],[-73.9688113310018,40.6931286367482],[-73.9698326195935,40.6931424977877],[-73.9691050592786,40.689475775631],[-73.9701329769252,40.6895145610506],[-73.9686910469566,40.6820135092684],[-73.9759516691556,40.6835214837622],[-73.9774586577227,40.684060539379],[-73.9808351909845,40.6888720370989],[-73.9835112603446,40.6899304244569],[-73.9813991706797,40.6899369232146],[-73.9820635954969,40.6913203440999],[-73.9817905113974,40.6916531214899],[-73.9817603291038,40.6929634269032],[-73.9825189139605,40.6929856416483],[-73.9825123524842,40.6936148647653],[-73.9791686221392,40.6934965767775],[-73.9801395342015,40.6947183094867],[-73.9805456299956,40.6982547673632],[-73.9657761960643,40.6976440353272],[-73.9639505181714,40.6978683630212],[-73.962841070079,40.6980469240302]]]}},{"type":"Feature","properties":{"id":"brooklyn-clinton-hill","name":"Clinton Hill","ntaName":"Clinton Hill","nta":"BK0204","type":"neighborhood","price":12,"blocks":71,"boro":"brooklyn","borough":"Brooklyn"},"geometry":{"type":"Polygon","coordinates":[[[-73.961347990234,40.6804717764292],[-73.9686910469566,40.6820135092684],[-73.9701329769252,40.6895145610506],[-73.9691050592786,40.689475775631],[-73.9698326195935,40.6931424977877],[-73.9688113310018,40.6931286367482],[-73.9693959355712,40.6960886438273],[-73.9654686488362,40.6959404162523],[-73.9646625054219,40.6960829216247],[-73.9634765851232,40.6968089229562],[-73.962841070079,40.6980469240302],[-73.9610524389204,40.6983343339581],[-73.9594293454508,40.6904555283652],[-73.9602942476566,40.6903545035161],[-73.9588420502672,40.6830263057333],[-73.9616722957283,40.6826991620315],[-73.9612676858437,40.6805313093778],[-73.961347990234,40.6804717764292]]]}},{"type":"Feature","properties":{"id":"brooklyn-brooklyn-navy-yard","name":"Brooklyn Navy Yard","ntaName":"Brooklyn Navy Yard","nta":"BK0261","type":"park","price":12,"blocks":2,"boro":"brooklyn","borough":"Brooklyn"},"geometry":{"type":"MultiPolygon","coordinates":[[[[-73.9789306406593,40.705939845774],[-73.9789325420038,40.7059331625249],[-73.979062287852,40.7059542851822],[-73.9790591084759,40.7059611447012],[-73.9789306406593,40.705939845774]]],[[[-73.9723217576911,40.7090911415324],[-73.9702636217502,40.7068957605912],[-73.9704902551376,40.7054089220744],[-73.9701703815558,40.7053701095244],[-73.9701821927931,40.7049375265671],[-73.9675166028032,40.7034456125771],[-73.9674781802385,40.7039581271731],[-73.9692983743159,40.7050965875655],[-73.9692943991162,40.7071015873088],[-73.9683847499572,40.7068376298917],[-73.9672110553435,40.7042639651758],[-73.9621812141172,40.7002289668104],[-73.9628410703351,40.6980469239887],[-73.9657761955565,40.6976440352779],[-73.9805456298248,40.6982547676288],[-73.9804062634022,40.7007072614477],[-73.9808458429559,40.7013034951972],[-73.9806505158539,40.701569128014],[-73.9809054675708,40.7018696849765],[-73.9800278264443,40.7021487164036],[-73.9802758624744,40.703049655673],[-73.9793290636505,40.7047545321723],[-73.9791223605066,40.7055383254609],[-73.9789649907235,40.7055104529937],[-73.9788666170502,40.7058762119935],[-73.9789290979457,40.7055044553257],[-73.9787397343668,40.7054713204035],[-73.9786405057564,40.7058389043914],[-73.9786984211261,40.705464516605],[-73.9784670182384,40.7055704781836],[-73.9784005334746,40.7059910010523],[-73.9788544726735,40.7060737910124],[-73.9783461873043,40.7060082212317],[-73.9785945753847,40.7049868407321],[-73.9780221117393,40.7042992227591],[-73.9772134020122,40.7042221825271],[-73.97751359364,40.7032050080481],[-73.9771370645103,40.7030138371455],[-73.9762400861442,40.7047838996957],[-73.9759624022334,40.7047237626059],[-73.9769289304816,40.702806076328],[-73.9761608108093,40.7021795353747],[-73.9755360029461,40.7030510647771],[-73.9753313117186,40.7029601801504],[-73.9760073170651,40.7019543889782],[-73.9745516721892,40.7015985983278],[-73.9758009554758,40.6997606728524],[-73.9757189562993,40.6995791672291],[-73.9753614163862,40.6995887735631],[-73.9741165780817,40.7013135252471],[-73.9729278661924,40.7003028086783],[-73.9723934506015,40.7001745775744],[-73.9737584441913,40.7015423939695],[-73.9731882042449,40.7016780588883],[-73.9711396819522,40.699926149196],[-73.9707834422953,40.6999869177501],[-73.9733259978739,40.7024209115986],[-73.9728365650301,40.7027369966291],[-73.9698270008989,40.7002533262129],[-73.96948798783,40.700527316764],[-73.9728403365082,40.7033546838821],[-73.9726708218615,40.7035096362702],[-73.9692468277357,40.7013729974436],[-73.9689866100864,40.7017553445163],[-73.9723139005093,40.7038527954922],[-73.9721594257278,40.7039784633873],[-73.9711048595755,40.7034679914883],[-73.9710210683877,40.7038238698335],[-73.9746571343583,40.7060825195619],[-73.9743922735067,40.7063340296655],[-73.9733937432009,40.7057414673976],[-73.972550237943,40.7062127466182],[-73.9746311039287,40.7076893172078],[-73.974237607963,40.7080326425411],[-73.971097992157,40.7058583127103],[-73.9710583601061,40.7069546899937],[-73.9727590076074,40.7088395349187],[-73.9723217576911,40.7090911415324]]]]}},{"type":"Feature","properties":{"id":"brooklyn-bedford","name":"Bedford","ntaName":"Bedford-Stuyvesant (West)","nta":"BK0301","type":"neighborhood","price":16,"blocks":361,"boro":"brooklyn","borough":"Brooklyn"},"geometry":{"type":"Polygon","coordinates":[[[-73.9441427886215,40.6782452121003],[-73.95205381643,40.6786829088733],[-73.961347990234,40.6804717764292],[-73.9616722957283,40.6826991620315],[-73.9588420502672,40.6830263057333],[-73.9602942476566,40.6903545035161],[-73.9594293454508,40.6904555283652],[-73.9610524389204,40.6983343339581],[-73.9443893131165,40.7004327799162],[-73.9403293644524,40.6798982278156],[-73.9439749034006,40.6800963815916],[-73.944049417034,40.6793443617243],[-73.9441427886215,40.6782452121003]]]}},{"type":"Feature","properties":{"id":"brooklyn-bedford","name":"Bedford","ntaName":"Bedford-Stuyvesant (East)","nta":"BK0302","type":"neighborhood","price":16,"blocks":361,"boro":"brooklyn","borough":"Brooklyn"},"geometry":{"type":"Polygon","coordinates":[[[-73.9277833638568,40.6927694336476],[-73.9180474870636,40.6872215022341],[-73.9163026150138,40.6785853657664],[-73.9216488998889,40.6788787997336],[-73.9218168090474,40.6770266427937],[-73.9441427886215,40.6782452121003],[-73.9439749034006,40.6800963815916],[-73.9403293644524,40.6798982278156],[-73.9443893131165,40.7004327799162],[-73.9419322154253,40.7007334909745],[-73.9280430177296,40.6929138652569],[-73.9277833638568,40.6927694336476]]]}},{"type":"Feature","properties":{"id":"brooklyn-bushwick-west","name":"Bushwick (West)","ntaName":"Bushwick (West)","nta":"BK0401","type":"neighborhood","price":16,"blocks":155,"boro":"brooklyn","borough":"Brooklyn"},"geometry":{"type":"Polygon","coordinates":[[[-73.9114238427911,40.7014948460133],[-73.9140622828907,40.6988464568996],[-73.9163175012935,40.700129648187],[-73.9193221477624,40.6970686532223],[-73.9208253935061,40.6979259145706],[-73.9242502295803,40.6944368670375],[-73.9265012365066,40.6957200444916],[-73.9274990300962,40.6947049265234],[-73.9264827124559,40.6941491511247],[-73.9277833638568,40.6927694336476],[-73.9419322154253,40.7007334909745],[-73.9339523538901,40.7026828501405],[-73.926090722759,40.7056879589663],[-73.9218932676952,40.7094043558929],[-73.9118085171524,40.7034432103918],[-73.9129054584045,40.7023701494135],[-73.9121631151816,40.7019314221599],[-73.9114238427911,40.7014948460133]]]}},{"type":"Feature","properties":{"id":"brooklyn-bushwick-east","name":"Bushwick (East)","ntaName":"Bushwick (East)","nta":"BK0402","type":"neighborhood","price":16,"blocks":167,"boro":"brooklyn","borough":"Brooklyn"},"geometry":{"type":"Polygon","coordinates":[[[-73.9013998194716,40.6915982479412],[-73.9048840030582,40.6877440620197],[-73.9053405521336,40.6868254900452],[-73.9044954252914,40.6863068552148],[-73.9057568944368,40.6840126732951],[-73.9028111228006,40.6823488330953],[-73.9028590480043,40.6809466981805],[-73.9026240362684,40.6806727576387],[-73.904047811043,40.6792288514034],[-73.9277833638568,40.6927694336476],[-73.9264827124559,40.6941491511247],[-73.9274990300962,40.6947049265234],[-73.9265012365066,40.6957200444916],[-73.9242502295803,40.6944368670375],[-73.9208253935061,40.6979259145706],[-73.9193221477624,40.6970686532223],[-73.9163175012935,40.700129648187],[-73.9140622828907,40.6988464568996],[-73.9114238427911,40.7014948460133],[-73.9106802439872,40.7010542270007],[-73.9118082379389,40.6999551397022],[-73.9042615983524,40.6957086280531],[-73.9057973853843,40.6941354122644],[-73.901440999162,40.6916203621743],[-73.9013998194716,40.6915982479412]]]}},{"type":"Feature","properties":{"id":"brooklyn-the-evergreens-cemetery","name":"The Evergreens Cemetery","ntaName":"The Evergreens Cemetery","nta":"BK0471","type":"neighborhood","price":12,"blocks":1,"boro":"brooklyn","borough":"Brooklyn"},"geometry":{"type":"Polygon","coordinates":[[[-73.8965278531015,40.6824115535128],[-73.8968707889581,40.6808897034941],[-73.8974945318656,40.6800820305079],[-73.8989006935401,40.6795691890342],[-73.9002467890235,40.6794310450708],[-73.9026240362684,40.6806727576387],[-73.9028590480043,40.6809466981805],[-73.9028111228006,40.6823488330953],[-73.9057568944368,40.6840126732951],[-73.9044954252914,40.6863068552148],[-73.9053405521336,40.6868254900452],[-73.9050391199533,40.6875050569749],[-73.9018891755245,40.6910859768642],[-73.9004260630241,40.6881921546482],[-73.9011629627145,40.6878861912088],[-73.8965278531015,40.6824115535128]]]}},{"type":"Feature","properties":{"id":"brooklyn-cypress-hills","name":"Cypress Hills","ntaName":"Cypress Hills","nta":"BK0501","type":"neighborhood","price":12,"blocks":148,"boro":"brooklyn","borough":"Brooklyn"},"geometry":{"type":"Polygon","coordinates":[[[-73.8663040396387,40.6831949505845],[-73.871562907421,40.6816927119614],[-73.8712011526599,40.6802297183944],[-73.8732770067486,40.6799290075924],[-73.8735887367192,40.6811024349942],[-73.8810641239786,40.6789909415753],[-73.8805070600916,40.6767756011004],[-73.8882572623939,40.675632989683],[-73.8890071056218,40.6785652980534],[-73.8962191470011,40.6773664375645],[-73.8965381755083,40.6786018346881],[-73.9000476738382,40.6769013426056],[-73.904047811043,40.6792288514034],[-73.9026240362684,40.6806727576387],[-73.9002467890235,40.6794310450708],[-73.8989006935401,40.6795691890342],[-73.8974945318656,40.6800820305079],[-73.8968707889581,40.6808897034941],[-73.8965278531015,40.6824115535128],[-73.8941760428287,40.6852915035914],[-73.8925844407826,40.6835001660123],[-73.8901555964606,40.6850122459818],[-73.8889260900816,40.6831334246973],[-73.8881923342104,40.6825642015557],[-73.8726047737506,40.6899293305449],[-73.8680602543487,40.6911922152254],[-73.8665998841572,40.6852778149465],[-73.8663163705419,40.6832571983139],[-73.8663040396387,40.6831949505845]]]}},{"type":"Feature","properties":{"id":"brooklyn-east-new-york-north","name":"East New York (North)","ntaName":"East New York (North)","nta":"BK0502","type":"neighborhood","price":12,"blocks":213,"boro":"brooklyn","borough":"Brooklyn"},"geometry":{"type":"Polygon","coordinates":[[[-73.8742327494129,40.6708706503688],[-73.8788728495593,40.6702023666333],[-73.8784908782198,40.6686627928411],[-73.9008527673802,40.6653541457986],[-73.9034756361915,40.6755149364559],[-73.8965381755083,40.6786018346881],[-73.8962191470011,40.6773664375645],[-73.8890071056218,40.6785652980534],[-73.8882572623939,40.675632989683],[-73.8805070600916,40.6767756011004],[-73.8810641239786,40.6789909415753],[-73.8765763566641,40.6801752563573],[-73.8742893187159,40.6710901694159],[-73.8742327494129,40.6708706503688]]]}},{"type":"Feature","properties":{"id":"brooklyn-east-new-york","name":"East New York","ntaName":"East New York-New Lots","nta":"BK0503","type":"neighborhood","price":12,"blocks":430,"boro":"brooklyn","borough":"Brooklyn"},"geometry":{"type":"Polygon","coordinates":[[[-73.8671820953689,40.6604605030275],[-73.8691569505852,40.6601264676979],[-73.8900072982345,40.651156945997],[-73.8916650117801,40.6526973324691],[-73.8935481791053,40.6552109631202],[-73.8976115419863,40.653462064672],[-73.8958629573872,40.651888775636],[-73.9039834160632,40.6466368145656],[-73.9094498768095,40.6515298475543],[-73.9074017699488,40.652852238233],[-73.9078448766667,40.6545997796664],[-73.9031799947115,40.6553198825586],[-73.9004890829687,40.6571569295339],[-73.8987900031012,40.6574211371797],[-73.8996537434517,40.6607436667905],[-73.9006625976573,40.6605944083525],[-73.9014525575649,40.6636666150783],[-73.9004296847396,40.663816248753],[-73.9008527673802,40.6653541457986],[-73.8784908782198,40.6686627928411],[-73.8788728495593,40.6702023666333],[-73.8742327494129,40.6708706503688],[-73.8738795088259,40.6694555196419],[-73.8681649438527,40.6617351283859],[-73.8671820953689,40.6604605030275]]]}},{"type":"Feature","properties":{"id":"brooklyn-spring-creek","name":"Spring Creek","ntaName":"Spring Creek-Starrett City","nta":"BK0504","type":"neighborhood","price":12,"blocks":52,"boro":"brooklyn","borough":"Brooklyn"},"geometry":{"type":"MultiPolygon","coordinates":[[[[-73.8882867207546,40.6467306605809],[-73.8886427834629,40.6470878013243],[-73.8885177830308,40.6473689392321],[-73.888201913865,40.64714911677],[-73.8882676380333,40.64674174634],[-73.8882867207546,40.6467306605809]]],[[[-73.8605421752502,40.6546322477272],[-73.8700983960056,40.6493042352642],[-73.8734264910933,40.6467894785641],[-73.8792179862883,40.6545993333058],[-73.8796400596489,40.6545073420675],[-73.8738617413219,40.6463226531514],[-73.8756914513115,40.6439611889188],[-73.87835216675,40.6388798599586],[-73.8793109486916,40.6400753212368],[-73.8804852722861,40.6409862813097],[-73.8807376401038,40.6415742042716],[-73.8802938848548,40.6414131625868],[-73.8800685449744,40.6420116930397],[-73.8813944665828,40.6423555870125],[-73.882242486168,40.6434617395864],[-73.8821497300134,40.6437519746482],[-73.8834213976591,40.6445320631009],[-73.8848089097465,40.6439545508644],[-73.885579026802,40.6440491969787],[-73.8874358530529,40.6459449297336],[-73.887667299034,40.6465131717866],[-73.8876421284933,40.6478106379935],[-73.8886377919043,40.6480327404522],[-73.890069208258,40.6493318836514],[-73.8903366990935,40.6493560171615],[-73.890138418152,40.6491786599248],[-73.8903487548452,40.6490418539659],[-73.8912528793915,40.6500338455067],[-73.8895918495241,40.6513457950519],[-73.8684731693276,40.6603031889482],[-73.8671820956826,40.660460502762],[-73.8638627320052,40.6560684658762],[-73.8624461016556,40.6553020522963],[-73.8608699351862,40.6550860565389],[-73.8605797586002,40.6546835805116],[-73.8605421752502,40.6546322477272]]]]}},{"type":"Feature","properties":{"id":"brooklyn-east-new-york","name":"East New York","ntaName":"East New York-City Line","nta":"BK0505","type":"neighborhood","price":12,"blocks":430,"boro":"brooklyn","borough":"Brooklyn"},"geometry":{"type":"Polygon","coordinates":[[[-73.8633508354175,40.679359896221],[-73.8632843695327,40.6790876264559],[-73.8623472042856,40.6791730409736],[-73.8603865972592,40.6712599643327],[-73.8576346295986,40.6716644475571],[-73.8556860089733,40.6638757449326],[-73.8584309055291,40.6634616133138],[-73.8576167690119,40.6601271844077],[-73.8603063442889,40.6596429063698],[-73.8631722322287,40.6582847636475],[-73.8626991816279,40.6576265601008],[-73.8630034213961,40.6574963671777],[-73.8632776301242,40.6569494657617],[-73.8630031164856,40.6566620077569],[-73.8629959368493,40.6563725984885],[-73.8632030181948,40.6563728976546],[-73.8630337475988,40.6560882646032],[-73.8626425725889,40.6556757877158],[-73.8608699354833,40.6550860568923],[-73.8624461015694,40.6553020519043],[-73.8640434707813,40.6562461002025],[-73.8738795088259,40.6694555196419],[-73.8765763566641,40.6801752563573],[-73.8774494510966,40.6799392544111],[-73.8774063909971,40.680108200593],[-73.8735887367192,40.6811024349942],[-73.8732770067486,40.6799290075924],[-73.8712011526599,40.6802297183944],[-73.871562907421,40.6816927119614],[-73.8663040396387,40.6831949505845],[-73.8660213331452,40.6819278422682],[-73.8641023671419,40.6823811056886],[-73.8637881450894,40.6811220021844],[-73.8633508354175,40.679359896221]]]}},{"type":"Feature","properties":{"id":"brooklyn-highland-park","name":"Highland Park","ntaName":"Highland Park-Cypress Hills Cemeteries (South)","nta":"BK0571","type":"neighborhood","price":12,"blocks":7,"boro":"brooklyn","borough":"Brooklyn"},"geometry":{"type":"Polygon","coordinates":[[[-73.8684065921846,40.6947394439148],[-73.8686859464462,40.6940429494302],[-73.8680602543487,40.6911922152254],[-73.8726047737506,40.6899293305449],[-73.8881923342104,40.6825642015557],[-73.8889260900816,40.6831334246973],[-73.8896292837652,40.6842447096264],[-73.8880848268522,40.6853018878067],[-73.884523916944,40.6866930052959],[-73.8837783930347,40.6878716674743],[-73.8795078175795,40.6911550265957],[-73.8740219375251,40.69419955309],[-73.8689190297885,40.6951548197512],[-73.8684065921846,40.6947394439148]]]}},{"type":"Feature","properties":{"id":"brooklyn-carroll-gardens","name":"Carroll Gardens","ntaName":"Carroll Gardens-Cobble Hill-Gowanus-Red Hook","nta":"BK0601","type":"neighborhood","price":28,"blocks":316,"boro":"brooklyn","borough":"Brooklyn"},"geometry":{"type":"Polygon","coordinates":[[[-73.9923651118562,40.6896983761262],[-73.9939307378881,40.6864611233086],[-73.9891298473696,40.6845977045357],[-73.98828437762,40.6858750373645],[-73.9796182384205,40.6824995215972],[-73.9839019260239,40.6761569031467],[-73.9927722466761,40.6655155290247],[-73.994704182398,40.6666734585043],[-73.9959802283758,40.6680062546204],[-73.9985523488686,40.6719341905067],[-74.0003048221066,40.6687251404546],[-74.0010580854045,40.6689539291906],[-74.0014167147236,40.668367662698],[-74.0022165127867,40.6685868853046],[-74.002896283534,40.6673567135476],[-74.0031921976025,40.667271447386],[-74.0051037189716,40.6679838948695],[-74.0058651075605,40.6680020102065],[-74.0069604038353,40.666052877663],[-74.0047553324866,40.6707296071398],[-74.0054407110884,40.6709297164484],[-74.0075496624198,40.6670599931105],[-74.0077979798182,40.6671680181666],[-74.0070886890595,40.6685996057283],[-74.0098555656192,40.6685318759202],[-74.011541622828,40.665094166608],[-74.0157501775368,40.6645765823913],[-74.0169041227072,40.6648548489553],[-74.0174459098052,40.6652762425292],[-74.0178886409662,40.6658587130642],[-74.0187648188555,40.6710841222675],[-74.0193409190041,40.6716331962832],[-74.017511820532,40.6710427782905],[-74.0164881045134,40.6649387556013],[-74.0160269665769,40.6648712954385],[-74.0159384341707,40.6654790384942],[-74.0122811263985,40.6657406616137],[-74.0108780876847,40.6686098633279],[-74.0103582839042,40.6686510829791],[-74.0103399067308,40.6690864431247],[-74.0109116908454,40.6691987400482],[-74.0108748872428,40.6697183633403],[-74.0115443279953,40.6697925900207],[-74.0116267229678,40.6705892762022],[-74.0142507178614,40.6697368529069],[-74.0117549528967,40.6706660045101],[-74.0120797651574,40.6709418627412],[-74.0126210822562,40.6708501573857],[-74.0142755212276,40.6713875471719],[-74.0152012546093,40.6707622749967],[-74.0138741861846,40.671889009863],[-74.0142343425502,40.6721382486519],[-74.0156877040568,40.6710470828026],[-74.0129773262745,40.6733361671388],[-74.0133652306743,40.6735997858929],[-74.0151206356075,40.6721652445847],[-74.016322447961,40.6729165182846],[-74.0145809161411,40.6744222656462],[-74.0149653709164,40.6746858794097],[-74.0181698420783,40.6719474885646],[-74.0188023979209,40.6722590123484],[-74.0172728344457,40.6736168941278],[-74.0177539208886,40.674055971284],[-74.0180122232049,40.6739214294085],[-74.0178033219757,40.6741036898115],[-74.0181776328324,40.674472425495],[-74.0178359257515,40.6752664721429],[-74.0182994760784,40.6754674283333],[-74.0184138084332,40.6753736980584],[-74.0181721591891,40.6752991542839],[-74.0183883781549,40.6751050955985],[-74.0185230837997,40.6752769616943],[-74.0188886037204,40.6751074616972],[-74.0184117635554,40.6755273096428],[-74.0184970743705,40.6758524902318],[-74.0179936285846,40.6759285165389],[-74.0179211379055,40.6765230142592],[-74.0197707068581,40.6766214737412],[-74.0199534288004,40.6771112593637],[-74.0190840244011,40.6771478129988],[-74.0191788900786,40.6778351975872],[-74.0184318569915,40.6779165699846],[-74.0184124822311,40.6784153705019],[-74.0196634538679,40.6783938876317],[-74.0182717117571,40.6785624677168],[-74.0185802783759,40.6789913288029],[-74.0195314884175,40.6789663371057],[-74.0192827313334,40.6796563900317],[-74.0152022723796,40.6819876699672],[-74.0153220469617,40.6821189788389],[-74.0128214515938,40.6836306669397],[-74.0121362655507,40.6829141778483],[-74.0141069457012,40.6817207693981],[-74.0136100810754,40.6812301966721],[-74.0138754368846,40.6810180627093],[-74.0130198030157,40.6804206233175],[-74.009672533485,40.6832769781984],[-74.0107745717087,40.6843668661993],[-74.011784170614,40.6837682465075],[-74.0119340471079,40.6838959996805],[-74.007983287534,40.6862840732282],[-74.0070213331909,40.6865346689119],[-74.0058836878125,40.6862040200838],[-74.004594150247,40.688223474618],[-74.0038218342427,40.6889378964979],[-74.0029770990111,40.6904348280424],[-74.0009630136325,40.690137020484],[-74.000700503227,40.6906201106569],[-74.001327068178,40.6914713527148],[-74.0019708305502,40.6918514617574],[-74.0016187198966,40.6925573236895],[-73.9999166176331,40.6917754825022],[-73.9943623708385,40.6902477329739],[-73.9923651118562,40.6896983761262]]]}},{"type":"Feature","properties":{"id":"brooklyn-park-slope","name":"Park Slope","ntaName":"Park Slope","nta":"BK0602","type":"neighborhood","price":28,"blocks":132,"boro":"brooklyn","borough":"Brooklyn"},"geometry":{"type":"Polygon","coordinates":[[[-73.9737622847427,40.6830576603382],[-73.9746926195894,40.6802748679248],[-73.9761819488436,40.6780725721021],[-73.971887403113,40.6764029039383],[-73.9694988224354,40.6759146309136],[-73.9696946092318,40.6753691057712],[-73.9688403361525,40.6744172276762],[-73.9687806572308,40.6733070727769],[-73.968943497743,40.6728957423168],[-73.9704087793021,40.6726554697062],[-73.971817380682,40.6706377253055],[-73.9796549710599,40.6612514814478],[-73.9801730472743,40.661162906159],[-73.9917350926051,40.6667448438138],[-73.9839019260239,40.6761569031467],[-73.9780787334083,40.6849231923033],[-73.9774586577227,40.684060539379],[-73.9748397896767,40.6832959940854],[-73.9737622847427,40.6830576603382]]]}},{"type":"Feature","properties":{"id":"brooklyn-windsor-terrace","name":"Windsor Terrace","ntaName":"Windsor Terrace-South Slope","nta":"BK0701","type":"neighborhood","price":12,"blocks":87,"boro":"brooklyn","borough":"Brooklyn"},"geometry":{"type":"Polygon","coordinates":[[[-73.9801730472743,40.661162906159],[-73.9800025752856,40.6607658113166],[-73.9795801363255,40.6608614899641],[-73.9743684473448,40.6581961514845],[-73.9723298960188,40.6514061752911],[-73.9726901817653,40.6509753738253],[-73.9720898943108,40.6506651541549],[-73.9713977488723,40.6482660310682],[-73.9732683234872,40.6475913173849],[-73.9752735684402,40.6478388493048],[-73.9802925904313,40.647305406556],[-73.9817971235846,40.655254343623],[-73.9884327912876,40.6592594586764],[-73.9872521277819,40.6603872031029],[-73.9887179496445,40.6624131859867],[-73.9883187302625,40.6627944959317],[-73.9927722466761,40.6655155290247],[-73.9917350926051,40.6667448438138],[-73.9822317790873,40.6621497405965],[-73.9801730472743,40.661162906159]]]}},{"type":"Feature","properties":{"id":"brooklyn-sunset-park-west","name":"Sunset Park (West)","ntaName":"Sunset Park (West)","nta":"BK0702","type":"neighborhood","price":12,"blocks":177,"boro":"brooklyn","borough":"Brooklyn"},"geometry":{"type":"Polygon","coordinates":[[[-73.9927722466761,40.6655155290247],[-73.9883187302625,40.6627944959317],[-73.9887179496445,40.6624131859867],[-73.9872521277819,40.6603872031029],[-73.9901898544591,40.6576090649618],[-73.9923848350644,40.658907262733],[-73.9929654601415,40.6583456566431],[-73.9951703431493,40.6596777690764],[-74.0161685612002,40.6394906837366],[-74.0184321506242,40.6408455699106],[-74.0210887599231,40.6382718292314],[-74.0215618159553,40.6389910851063],[-74.021689909639,40.6398390191776],[-74.0218534121866,40.6398243403652],[-74.0211160155326,40.64152182111],[-74.023219251083,40.6399097561034],[-74.0247558251628,40.6381296591882],[-74.0269538965753,40.6394543063245],[-74.0262384355633,40.6401347326184],[-74.0288981183772,40.6412222638734],[-74.0290568500161,40.6417335847104],[-74.0298324795395,40.6423275987654],[-74.0325431907866,40.6438337257924],[-74.0322701614165,40.6440826217966],[-74.0318985375714,40.643897591348],[-74.0305197609042,40.6452826665023],[-74.0290823606157,40.6444118391083],[-74.0291556417377,40.6445896881323],[-74.0288638623265,40.6448742659995],[-74.029087994663,40.6445912440125],[-74.0285026140648,40.6441858068565],[-74.0281919819669,40.6444225724175],[-74.0284586625014,40.6441643019019],[-74.0282071469045,40.6440242250228],[-74.0260509349034,40.646269592975],[-74.0297422343263,40.6484942686638],[-74.0293913569887,40.648812297642],[-74.0257190388635,40.6466237350209],[-74.0253829433786,40.6469205885239],[-74.025072564256,40.6467338586502],[-74.024356419794,40.647407521085],[-74.0241471108785,40.6476233442411],[-74.0251305702827,40.648331424543],[-74.0249693712071,40.6486142049119],[-74.0255400967302,40.6497904032083],[-74.0248458144114,40.650607882102],[-74.0252072627814,40.6508267114721],[-74.0254169902553,40.6506269406087],[-74.0260527831548,40.6510025443207],[-74.0255311664857,40.6514867943838],[-74.0249126793188,40.6511145284277],[-74.0251040227795,40.6509015491679],[-74.0247730557155,40.6506959509977],[-74.024241664091,40.6511417599818],[-74.0254174913262,40.6519420506393],[-74.0241789803331,40.6512000168942],[-74.0235954533718,40.6513239069806],[-74.0230613606987,40.6509825478133],[-74.0228528681333,40.6511774388858],[-74.025370352578,40.6527296808677],[-74.0252280807603,40.6528381004238],[-74.0215428329164,40.6506798665836],[-74.0212479733738,40.6508432162791],[-74.0213933318011,40.6509760022267],[-74.0210537535154,40.6511065261984],[-74.0223387967222,40.6519188497718],[-74.0209000782616,40.6512555190262],[-74.0238084896237,40.6530529720676],[-74.0235957955106,40.6532246135641],[-74.0219604508573,40.6522310254303],[-74.0211881500206,40.6528480810056],[-74.0232060970747,40.6541043606015],[-74.0230636413184,40.65424148061],[-74.0221034017043,40.6535961980327],[-74.0216309128869,40.6536534089663],[-74.0211510846576,40.6542189995922],[-74.0218262475105,40.6546644197272],[-74.0216463141651,40.6548872268717],[-74.0204760677989,40.6542248336326],[-74.0191934794289,40.6540308424039],[-74.0187283148797,40.6534825548455],[-74.018120426928,40.6538935155284],[-74.0202573401108,40.6551265074712],[-74.0200532740722,40.6553441930118],[-74.0178755209936,40.654069746797],[-74.0171546443782,40.6547833489936],[-74.0198022660386,40.6564954554593],[-74.0172686079955,40.6552024326962],[-74.0169176270457,40.6554915202391],[-74.0166519280387,40.6553470413319],[-74.0163958237138,40.6556288871722],[-74.0191098873816,40.6573771293754],[-74.0186071438283,40.657854119206],[-74.0158551488069,40.6562214845095],[-74.0154377708272,40.6566406418158],[-74.0177437762324,40.6581071624906],[-74.0178671801063,40.6583166925984],[-74.0176869407152,40.6584612380957],[-74.015048830244,40.6569586318256],[-74.0144227527103,40.6576162672345],[-74.017459479827,40.6594584429249],[-74.0155431023037,40.6607666008356],[-74.0140057317887,40.6598202091703],[-74.0136641876944,40.6600370264216],[-74.0118400670227,40.6589210829045],[-74.0111089510342,40.6597145203916],[-74.0140239247544,40.6615379935067],[-74.0131569971122,40.6619898439116],[-74.0126550356784,40.6619899002408],[-74.0086010158002,40.6595291689608],[-74.0074600274538,40.660566722316],[-74.0103734598306,40.6624071255925],[-74.0104647641472,40.6626503656971],[-74.0095521880685,40.6632759406947],[-74.0086851622899,40.6633802594554],[-74.0061628568406,40.6618533153945],[-74.0056873929202,40.6622829873681],[-74.0042850273535,40.6614531409951],[-74.0041476937375,40.6615698821003],[-74.0062284280346,40.6627960744476],[-74.005925050508,40.6631164973993],[-74.0038095994369,40.661916192227],[-74.0034894556522,40.6622488027038],[-74.0045564299091,40.6628246195636],[-74.0047344262774,40.6625047505785],[-74.0053595739247,40.6628773763648],[-74.0049730227566,40.6630764599278],[-74.0051937830001,40.6632097998007],[-74.0053815894293,40.662892173088],[-74.0059989323372,40.6632668575156],[-74.005614932217,40.6634666369945],[-74.0077227812173,40.6647268799329],[-74.0073066072782,40.6646058376565],[-74.0071267724389,40.6649234659495],[-74.0065261417581,40.6645554735792],[-74.0068835989319,40.6643486198113],[-74.0066308243644,40.6641961769717],[-74.0064512448784,40.6645144532125],[-74.0058430218385,40.6641462680423],[-74.0062045114705,40.6639384155247],[-74.0060475307508,40.663848252435],[-74.0057592559286,40.6639310036274],[-74.0058506932442,40.6645115455562],[-74.005642853018,40.66453973784],[-74.0056517050339,40.6639085846689],[-74.0036300691462,40.6627430936993],[-74.00340493062,40.6629939733227],[-74.004593831457,40.6637434471652],[-74.0043243939961,40.6640605668768],[-74.0052827671391,40.6646652505105],[-74.0048633831827,40.6650730690194],[-74.0011366390292,40.6629099698374],[-74.0008354549269,40.6630146885051],[-73.9995329696089,40.6644057325714],[-74.0029260798843,40.6664705590841],[-74.0022417544352,40.6668020826575],[-74.001620944532,40.6667745267032],[-74.0012075576871,40.667026355298],[-74.0014661536231,40.6671778168234],[-74.0006891927576,40.6675541996131],[-73.9999829372294,40.6674585221263],[-73.9990274535762,40.6684512200755],[-73.9990277762683,40.6690161369626],[-73.9992419347031,40.6683145344742],[-73.9990807969251,40.669046519925],[-73.9986572504547,40.6695230432171],[-73.9989182920273,40.6698128114372],[-73.9985596883013,40.6713437502023],[-73.9987708534102,40.6716102956823],[-73.9985523488686,40.6719341905067],[-73.9959802283758,40.6680062546204],[-73.994704182398,40.6666734585043],[-73.9928281631808,40.6655497154359],[-73.9927722466761,40.6655155290247]]]}},{"type":"Feature","properties":{"id":"brooklyn-sunset-park-central","name":"Sunset Park (Central)","ntaName":"Sunset Park (Central)","nta":"BK0703","type":"neighborhood","price":12,"blocks":76,"boro":"brooklyn","borough":"Brooklyn"},"geometry":{"type":"Polygon","coordinates":[[[-73.996047094511,40.6483488995397],[-74.0095585280318,40.635501205244],[-74.0055663461521,40.6330914176963],[-74.0070244681616,40.6321182360137],[-74.0107436455284,40.6343647896738],[-74.0119096827375,40.6332426453688],[-74.0162918064902,40.6359193692886],[-74.0167754077463,40.6354433842878],[-74.0210887599231,40.6382718292314],[-74.0184321506242,40.6408455699106],[-74.0161685612002,40.6394906837366],[-74.0021670027111,40.6529575592524],[-73.9977961023164,40.6502971344077],[-73.9983074647494,40.6497482600856],[-73.9981508302755,40.64965129381],[-73.996047094511,40.6483488995397]]]}},{"type":"Feature","properties":{"id":"brooklyn-green","name":"Green","ntaName":"Green-Wood Cemetery","nta":"BK0771","type":"neighborhood","price":12,"blocks":1,"boro":"brooklyn","borough":"Brooklyn"},"geometry":{"type":"Polygon","coordinates":[[[-73.9884327912876,40.6592594586764],[-73.9817971235846,40.655254343623],[-73.9802925904313,40.647305406556],[-73.9818067747058,40.6471360441333],[-73.9890601628697,40.6441274845632],[-73.9983074647494,40.6497482600856],[-73.9977961023164,40.6502971344077],[-74.0021670027111,40.6529575592524],[-73.9951703431493,40.6596777690764],[-73.9929654601415,40.6583456566431],[-73.9923848350644,40.658907262733],[-73.9901898544591,40.6576090649618],[-73.9890143047265,40.6586990429918],[-73.9884327912876,40.6592594586764]]]}},{"type":"Feature","properties":{"id":"brooklyn-prospect-heights","name":"Prospect Heights","ntaName":"Prospect Heights","nta":"BK0801","type":"neighborhood","price":12,"blocks":49,"boro":"brooklyn","borough":"Brooklyn"},"geometry":{"type":"Polygon","coordinates":[[[-73.96071117589,40.6731296447419],[-73.9613383857568,40.6713650213117],[-73.9671332519343,40.6728052215762],[-73.968943497743,40.6728957423168],[-73.968742867969,40.6740973574577],[-73.9691295838896,40.6749082490372],[-73.9696946092318,40.6753691057712],[-73.9694988224354,40.6759146309136],[-73.971887403113,40.6764029039383],[-73.9761819488436,40.6780725721021],[-73.9746926195894,40.6802748679248],[-73.9737622847427,40.6830576603382],[-73.961347990234,40.6804717764292],[-73.9631838197893,40.6755377555848],[-73.9600748897538,40.6748725352288],[-73.9603944489299,40.6740068528255],[-73.96071117589,40.6731296447419]]]}},{"type":"Feature","properties":{"id":"brooklyn-crown-heights-north","name":"Crown Heights (North)","ntaName":"Crown Heights (North)","nta":"BK0802","type":"neighborhood","price":12,"blocks":146,"boro":"brooklyn","borough":"Brooklyn"},"geometry":{"type":"Polygon","coordinates":[[[-73.9441427886215,40.6782452121003],[-73.9218168090474,40.6770266427937],[-73.9227539906382,40.6671055833144],[-73.9242460909579,40.6664532505584],[-73.9247825158756,40.6676502948642],[-73.9255290171418,40.6685079403478],[-73.9552710655747,40.6701331546641],[-73.9613383857568,40.6713650213117],[-73.9600748897538,40.6748725352288],[-73.9631838197893,40.6755377555848],[-73.961347990234,40.6804717764292],[-73.95205381643,40.6786829088733],[-73.946912879688,40.6784006645905],[-73.9441427886215,40.6782452121003]]]}},{"type":"Feature","properties":{"id":"brooklyn-lincoln-terrace-park","name":"Lincoln Terrace Park","ntaName":"Lincoln Terrace Park","nta":"BK0891","type":"park","price":12,"blocks":2,"boro":"brooklyn","borough":"Brooklyn"},"geometry":{"type":"Polygon","coordinates":[[[-73.9242460909579,40.6664532505584],[-73.9287234652539,40.6645038198205],[-73.9283510917577,40.6686554456541],[-73.9255290171418,40.6685079403478],[-73.9246889761911,40.6674758623105],[-73.9242460909579,40.6664532505584]]]}},{"type":"Feature","properties":{"id":"brooklyn-crown-heights-south","name":"Crown Heights (South)","ntaName":"Crown Heights (South)","nta":"BK0901","type":"neighborhood","price":12,"blocks":89,"boro":"brooklyn","borough":"Brooklyn"},"geometry":{"type":"Polygon","coordinates":[[[-73.9613383857568,40.6713650213117],[-73.9552710655747,40.6701331546641],[-73.9283510917577,40.6686554456541],[-73.9287234652539,40.6645038198205],[-73.9306860748144,40.6636287266677],[-73.9428303468539,40.662855734486],[-73.9426977142359,40.6640633792992],[-73.9454643620764,40.6642343536345],[-73.957210782941,40.6635256457256],[-73.9572931560184,40.6643108814165],[-73.9580809631357,40.6642677547782],[-73.960338258789,40.6641169473032],[-73.9606168776509,40.6633109984523],[-73.9609573849711,40.6632933031032],[-73.9625726620822,40.6716304947357],[-73.9613383857568,40.6713650213117]]]}},{"type":"Feature","properties":{"id":"brooklyn-prospect-lefferts-gardens","name":"Prospect Lefferts Gardens","ntaName":"Prospect Lefferts Gardens-Wingate","nta":"BK0902","type":"neighborhood","price":12,"blocks":91,"boro":"brooklyn","borough":"Brooklyn"},"geometry":{"type":"Polygon","coordinates":[[[-73.9316088544059,40.6635649726465],[-73.931327117707,40.6606015563029],[-73.9342317965557,40.6604234825879],[-73.933997269487,40.6581268945902],[-73.9310846515601,40.6583041643701],[-73.9309049690747,40.656618603993],[-73.9500680757479,40.6554312443072],[-73.9501610868195,40.6562684788528],[-73.9563899444338,40.655882812874],[-73.9563017787952,40.655056528646],[-73.9596980874929,40.654847461884],[-73.9598624607541,40.6556430362452],[-73.9618822944019,40.654889439142],[-73.9630759529082,40.6622621067035],[-73.9622511691946,40.6632069274069],[-73.9606168776509,40.6633109984523],[-73.960338258789,40.6641169473032],[-73.9572931560184,40.6643108814165],[-73.957210782941,40.6635256457256],[-73.9454643620764,40.6642343536345],[-73.9426977142359,40.6640633792992],[-73.9428303468539,40.662855734486],[-73.9323808221606,40.6635060396246],[-73.9316088544059,40.6635649726465]]]}},{"type":"Feature","properties":{"id":"brooklyn-bay-ridge","name":"Bay Ridge","ntaName":"Bay Ridge","nta":"BK1001","type":"neighborhood","price":12,"blocks":260,"boro":"brooklyn","borough":"Brooklyn"},"geometry":{"type":"Polygon","coordinates":[[[-74.0322985663016,40.6435895559239],[-74.0298324795395,40.6423275987654],[-74.0290568500161,40.6417335847104],[-74.0288981183772,40.6412222638734],[-74.0262384355633,40.6401347326184],[-74.0269538965753,40.6394543063245],[-74.0247558251628,40.6381296591882],[-74.023219251083,40.6399097561034],[-74.0211160155326,40.64152182111],[-74.0218534121866,40.6398243403652],[-74.021689909639,40.6398390191776],[-74.0212825335664,40.6384983499259],[-74.0200586649207,40.637445480628],[-74.0167754077463,40.6354433842878],[-74.016155587303,40.634680344589],[-74.0158629547966,40.6333995666555],[-74.0156034958203,40.6335252184548],[-74.0151477527655,40.6332301789585],[-74.0197063621086,40.622193203655],[-74.0200881189189,40.6224291908393],[-74.0204255460631,40.6221715484812],[-74.0228774350424,40.6194743854081],[-74.0212169296628,40.6184802226414],[-74.024778770087,40.6097042340455],[-74.0271080530938,40.6102521925341],[-74.0263775379963,40.612458839401],[-74.0275444206527,40.6129454197601],[-74.0257513389221,40.6160664599247],[-74.0262912053576,40.6163375370134],[-74.0314478352737,40.6111280507371],[-74.0331470886744,40.6102357243719],[-74.0360412289847,40.6093038747124],[-74.0369088276735,40.6112006443737],[-74.0390264742366,40.613167211643],[-74.0401323793467,40.6148001466418],[-74.0416033691908,40.6204967022746],[-74.0418939332406,40.624362431003],[-74.0410710798,40.6301828422254],[-74.0368080743909,40.6389924623887],[-74.0387644337724,40.6395964998738],[-74.0386895014573,40.6397464969549],[-74.0367262976348,40.6391494315862],[-74.0357142151595,40.6406483947506],[-74.0367413203276,40.6414846072961],[-74.0367045327239,40.6416938612511],[-74.0340747462925,40.6443221749492],[-74.0328765252238,40.6435915577735],[-74.0326427424632,40.6437955553764],[-74.0322985663016,40.6435895559239]]]}},{"type":"Feature","properties":{"id":"brooklyn-dyker-heights","name":"Dyker Heights","ntaName":"Dyker Heights","nta":"BK1002","type":"neighborhood","price":12,"blocks":156,"boro":"brooklyn","borough":"Brooklyn"},"geometry":{"type":"Polygon","coordinates":[[[-74.0070244681616,40.6321182360137],[-74.0019315550146,40.6290410080028],[-74.0025159894793,40.6284824495438],[-73.997242110154,40.6252969265682],[-73.997715029107,40.6236885091238],[-73.9993223425739,40.6246634861896],[-74.0117134591874,40.6127432657555],[-74.0228774350424,40.6194743854081],[-74.0204255460631,40.6221715484812],[-74.0200881189189,40.6224291908393],[-74.0197063621086,40.622193203655],[-74.0154255440395,40.6325213794197],[-74.0151477527655,40.6332301789585],[-74.0156034958203,40.6335252184548],[-74.0158629547966,40.6333995666555],[-74.016155587303,40.634680344589],[-74.0167754077463,40.6354433842878],[-74.0162918064902,40.6359193692886],[-74.0119096827375,40.6332426453688],[-74.0107436455284,40.6343647896738],[-74.0085384842786,40.6330364020485],[-74.0070244681616,40.6321182360137]]]}},{"type":"Feature","properties":{"id":"brooklyn-fort-hamilton","name":"Fort Hamilton","ntaName":"Fort Hamilton","nta":"BK1061","type":"park","price":12,"blocks":2,"boro":"brooklyn","borough":"Brooklyn"},"geometry":{"type":"Polygon","coordinates":[[[-74.024778770087,40.6097042340455],[-74.0215074751562,40.6078303345955],[-74.0224791409638,40.6066824511507],[-74.02078685584,40.6056819210454],[-74.021440093291,40.6044242316779],[-74.0187152675506,40.6035903109346],[-74.0194290544015,40.602879812708],[-74.0210483385473,40.6035693176699],[-74.0300529151524,40.6047674081708],[-74.0327082654188,40.6063393011153],[-74.0342742565987,40.6077257130225],[-74.0348932605107,40.6086102292766],[-74.0360412289847,40.6093038747124],[-74.0331470886744,40.6102357243719],[-74.0314478352737,40.6111280507371],[-74.0262912053576,40.6163375370134],[-74.0257513389221,40.6160664599247],[-74.0275444206527,40.6129454197601],[-74.0263775379963,40.612458839401],[-74.0271080530938,40.6102521925341],[-74.0249807722464,40.6097502112064],[-74.024778770087,40.6097042340455]]]}},{"type":"Feature","properties":{"id":"brooklyn-dyker-beach-park","name":"Dyker Beach Park","ntaName":"Dyker Beach Park","nta":"BK1091","type":"park","price":12,"blocks":1,"boro":"brooklyn","borough":"Brooklyn"},"geometry":{"type":"Polygon","coordinates":[[[-74.0117134591874,40.6127432657555],[-74.0170205459097,40.6076626523553],[-74.0154999943629,40.6068497595545],[-74.0187152675506,40.6035903109346],[-74.021440093291,40.6044242316779],[-74.02078685584,40.6056819210454],[-74.0224791409638,40.6066824511507],[-74.0215074751562,40.6078303345955],[-74.024778770087,40.6097042340455],[-74.0212169296628,40.6184802226414],[-74.0139080085941,40.6140605992696],[-74.0117134591874,40.6127432657555]]]}},{"type":"Feature","properties":{"id":"brooklyn-bensonhurst","name":"Bensonhurst","ntaName":"Bensonhurst","nta":"BK1101","type":"neighborhood","price":12,"blocks":253,"boro":"brooklyn","borough":"Brooklyn"},"geometry":{"type":"Polygon","coordinates":[[[-73.9900949976121,40.6227971926423],[-73.9856950139929,40.6201397538813],[-73.9862766829997,40.6195748563948],[-73.9747780115519,40.6126467137728],[-73.9740324090248,40.6087105472522],[-73.9884241113812,40.6071273852892],[-73.9891333506305,40.606464373834],[-73.9868490616979,40.60510547307],[-73.9886915227745,40.6034335427002],[-73.9908747032654,40.6047775327278],[-73.995594645347,40.6002404563975],[-74.0000241000453,40.6029155512752],[-74.0003249775864,40.6026285278542],[-74.004935930042,40.6050826417012],[-74.0009455241829,40.6086479463134],[-74.010505478968,40.6139048488335],[-73.9993223425739,40.6246634861896],[-73.997715029107,40.6236885091238],[-73.9967899150177,40.6268342912707],[-73.9946511678144,40.6257054194352],[-73.9948942444097,40.625470033848],[-73.99432641296,40.6253511484503],[-73.9925511743604,40.6242825082843],[-73.9900949976121,40.6227971926423]]]}},{"type":"Feature","properties":{"id":"brooklyn-bath-beach","name":"Bath Beach","ntaName":"Bath Beach","nta":"BK1102","type":"neighborhood","price":12,"blocks":99,"boro":"brooklyn","borough":"Brooklyn"},"geometry":{"type":"Polygon","coordinates":[[[-73.995594645347,40.6002404563975],[-74.0020391696375,40.5940678392714],[-74.0034487430854,40.595845873943],[-74.0051198229535,40.5972330248021],[-74.0104742949993,40.6005141886118],[-74.0147298147314,40.6020741457087],[-74.017138543094,40.6024737688165],[-74.0183249179515,40.6024258859424],[-74.0194290544015,40.602879812708],[-74.0154999943629,40.6068497595545],[-74.0170205459097,40.6076626523553],[-74.010505478968,40.6139048488335],[-74.0009455241829,40.6086479463134],[-74.004935930042,40.6050826417012],[-74.0003249775864,40.6026285278542],[-74.0000241000453,40.6029155512752],[-73.9963666026653,40.6007042888691],[-73.995594645347,40.6002404563975]]]}},{"type":"Feature","properties":{"id":"brooklyn-gravesend-west","name":"Gravesend (West)","ntaName":"Gravesend (West)","nta":"BK1103","type":"neighborhood","price":12,"blocks":170,"boro":"brooklyn","borough":"Brooklyn"},"geometry":{"type":"Polygon","coordinates":[[[-73.9807115645241,40.5940054626055],[-73.9846410881742,40.5935604097877],[-73.9860208023325,40.5944542838369],[-73.9896229362428,40.5909902263108],[-73.9903656866282,40.5914401648047],[-73.9915407800562,40.5903991359639],[-73.9933099860184,40.5895921312426],[-73.9937590548626,40.5903400772992],[-73.9979352621009,40.5884075154222],[-73.9986743724564,40.589203782338],[-73.9992383428352,40.5889435605965],[-73.999465907067,40.5892415017588],[-73.9983797874623,40.5897786776102],[-73.9988376189246,40.5896337220194],[-73.9984453094624,40.5898686322171],[-73.9987794446976,40.5903225879565],[-73.9984446980589,40.5902483376035],[-73.997761165528,40.5909607023894],[-73.9971131240421,40.591286210306],[-73.9971957073205,40.5916206137919],[-73.9980658213042,40.591217697547],[-73.9972841354456,40.5917230473076],[-73.9975499484297,40.5919258111431],[-73.9995143774396,40.5911091385013],[-74.0000173571926,40.5911961574352],[-74.0002339151326,40.5915065045844],[-73.9990327534196,40.5923210364461],[-73.9994844879108,40.5929774330094],[-73.9983897497069,40.5935396248668],[-74.0010974075174,40.5925269424684],[-74.0020391696375,40.5940678392714],[-73.9908747032654,40.6047775327278],[-73.9886915227745,40.6034335427002],[-73.9868490616979,40.60510547307],[-73.9891333506305,40.606464373834],[-73.9884241113812,40.6071273852892],[-73.972995771055,40.608822378954],[-73.9721788584758,40.6042029483123],[-73.9729125994803,40.5993240394912],[-73.9719122348659,40.5994312944761],[-73.9714849377109,40.5971798198741],[-73.9803592871219,40.5961997766625],[-73.9799558668641,40.594082046118],[-73.9807115645241,40.5940054626055]]]}},{"type":"Feature","properties":{"id":"brooklyn-sunset-park-east","name":"Sunset Park (East)","ntaName":"Sunset Park (East)-Borough Park (West)","nta":"BK1201","type":"neighborhood","price":12,"blocks":66,"boro":"brooklyn","borough":"Brooklyn"},"geometry":{"type":"Polygon","coordinates":[[[-73.9890601628697,40.6441274845632],[-74.0055663461521,40.6330914176963],[-74.0095585280318,40.635501205244],[-73.996047094511,40.6483488995397],[-73.991809674737,40.6457922135368],[-73.9890601628697,40.6441274845632]]]}},{"type":"Feature","properties":{"id":"brooklyn-borough-park","name":"Borough Park","ntaName":"Borough Park","nta":"BK1202","type":"neighborhood","price":12,"blocks":229,"boro":"brooklyn","borough":"Brooklyn"},"geometry":{"type":"Polygon","coordinates":[[[-73.9760507892505,40.6312841471039],[-73.9771665527286,40.6307548954435],[-73.9765791895143,40.6275814275304],[-73.977525474169,40.6279858597841],[-73.982145568301,40.62354091039],[-73.9844020387276,40.6249008621777],[-73.9861022421344,40.6231913520524],[-73.9883036391821,40.6245219352671],[-73.9900949976121,40.6227971926423],[-73.99432641296,40.6253511484503],[-73.9948942444097,40.625470033848],[-73.9946511678144,40.6257054194352],[-73.9967899150177,40.6268342912707],[-73.997242110154,40.6252969265682],[-74.0025159894793,40.6284824495438],[-74.0019315550146,40.6290410080028],[-74.0070244681616,40.6321182360137],[-73.9883513054438,40.6445704875231],[-73.9829956285789,40.6413332400367],[-73.9804220142833,40.6423934703916],[-73.9791133210649,40.6354486296124],[-73.9768900453348,40.63568310432],[-73.9764348553788,40.6332973644299],[-73.9760507892505,40.6312841471039]]]}},{"type":"Feature","properties":{"id":"brooklyn-kensington","name":"Kensington","ntaName":"Kensington","nta":"BK1203","type":"neighborhood","price":12,"blocks":82,"boro":"brooklyn","borough":"Brooklyn"},"geometry":{"type":"Polygon","coordinates":[[[-73.9760507892505,40.6312841471039],[-73.9768900453348,40.63568310432],[-73.9791133210649,40.6354486296124],[-73.9804220142833,40.6423934703916],[-73.9829956285789,40.6413332400367],[-73.9883513054438,40.6445704875231],[-73.9818067747058,40.6471360441333],[-73.9752735684402,40.6478388493048],[-73.9732683234872,40.6475913173849],[-73.9713977488723,40.6482660310682],[-73.9680401150948,40.636659228229],[-73.9702917940916,40.6364145840843],[-73.9698701249299,40.6342029168447],[-73.9751728952561,40.6316968233372],[-73.9760507892505,40.6312841471039]]]}},{"type":"Feature","properties":{"id":"brooklyn-mapleton","name":"Mapleton","ntaName":"Mapleton-Midwood (West)","nta":"BK1204","type":"neighborhood","price":12,"blocks":127,"boro":"brooklyn","borough":"Brooklyn"},"geometry":{"type":"Polygon","coordinates":[[[-73.9628611682625,40.6125577247069],[-73.96478255602,40.6123391602936],[-73.9642979272612,40.6097846638198],[-73.9740324090248,40.6087105472522],[-73.9747780115519,40.6126467137728],[-73.9862766829997,40.6195748563948],[-73.9856950139929,40.6201397538813],[-73.9900949976121,40.6227971926423],[-73.9883036391821,40.6245219352671],[-73.9861022421344,40.6231913520524],[-73.9844020387276,40.6249008621777],[-73.982145568301,40.62354091039],[-73.977525474169,40.6279858597841],[-73.9765791895143,40.6275814275304],[-73.9762359690244,40.62598459114],[-73.9709226938797,40.6265782262178],[-73.971367652387,40.6289374038758],[-73.9660833429812,40.6295509482914],[-73.9633623685411,40.61521266708],[-73.9628611682625,40.6125577247069]]]}},{"type":"Feature","properties":{"id":"brooklyn-gravesend-south","name":"Gravesend (South)","ntaName":"Gravesend (South)","nta":"BK1301","type":"neighborhood","price":12,"blocks":97,"boro":"brooklyn","borough":"Brooklyn"},"geometry":{"type":"Polygon","coordinates":[[[-73.9807115645241,40.5940054626055],[-73.9776970895451,40.5921947715777],[-73.9775155452439,40.5911455462038],[-73.9755722500847,40.5899562244074],[-73.9606812673745,40.5916058168242],[-73.9602596838678,40.5850375407625],[-73.9634444288723,40.5846726786295],[-73.9678598692278,40.584522276816],[-73.9690012840973,40.5840711275737],[-73.9746833737764,40.5831323504456],[-73.9774266840036,40.5829148250759],[-73.9848233623215,40.5841767551708],[-73.9849287437302,40.5846041846766],[-73.9862771699167,40.584488213337],[-73.987102637041,40.5846528241732],[-73.9865460042516,40.5836668230501],[-73.9883009173279,40.5834749789629],[-73.9888192909005,40.5843812268946],[-73.9915399182807,40.5864802024081],[-73.9925928530844,40.5881145537893],[-73.9980866751636,40.5853729537499],[-73.9997074098155,40.5856980515316],[-73.9993580903277,40.5863896012369],[-73.9981467428618,40.5865399258002],[-73.9941744935963,40.5883910902167],[-73.9956619827842,40.5879444395999],[-73.9940804834189,40.5887016744508],[-73.9942169833383,40.5888767634752],[-73.9979578357486,40.5872777384104],[-73.9948782144147,40.5887799791229],[-73.9953488142574,40.5893396129813],[-74.000115934411,40.5869598723068],[-74.0001102991967,40.5865689614295],[-74.0004342140357,40.5865528267372],[-74.0003835089622,40.5871412892826],[-73.9937590548626,40.5903400772992],[-73.9933099860184,40.5895921312426],[-73.9915407800562,40.5903991359639],[-73.9903656866282,40.5914401648047],[-73.9896229362428,40.5909902263108],[-73.9860208023325,40.5944542838369],[-73.9846410881742,40.5935604097877],[-73.9811104005256,40.5939550102306],[-73.9807115645241,40.5940054626055]]]}},{"type":"Feature","properties":{"id":"brooklyn-coney-island","name":"Coney Island","ntaName":"Coney Island-Sea Gate","nta":"BK1302","type":"neighborhood","price":12,"blocks":140,"boro":"brooklyn","borough":"Brooklyn"},"geometry":{"type":"Polygon","coordinates":[[[-73.9666167435418,40.5845790790644],[-73.9688913862368,40.575269469693],[-73.9675684999256,40.5748897576195],[-73.9657506435076,40.574802427815],[-73.9594192066479,40.5751862151572],[-73.9593932469221,40.5739203400148],[-73.9672043687199,40.5733345477749],[-73.9674277118176,40.5729933392716],[-73.9675329253146,40.5731989622214],[-73.9683918056798,40.5731626727395],[-73.9694526903951,40.5728655105699],[-73.969247640428,40.5723123062622],[-73.9695603799203,40.5728168106541],[-73.9708550595585,40.5727787454206],[-73.9713518748388,40.5726076891298],[-73.9711844924276,40.5719501290504],[-73.9716084935711,40.5726364540063],[-73.9724981667993,40.5725844872951],[-73.9733464518828,40.5723294439715],[-73.9732513306642,40.5716349154385],[-73.9734494828716,40.5722803369214],[-73.9737335294186,40.5722951545365],[-73.9754722492714,40.5719772336388],[-73.975407071132,40.5714292703569],[-73.9756806106021,40.5719642143093],[-73.9759269513073,40.5720268872533],[-73.977272001047,40.5718718804141],[-73.9776652768121,40.5717376174972],[-73.9776723061376,40.5711792496672],[-73.9780774283556,40.571237799714],[-73.9777167616433,40.5712601434447],[-73.9778093962052,40.5717644305472],[-73.9784562963054,40.571900433999],[-73.9798483763116,40.5715475491947],[-73.9794265930461,40.5712292532606],[-73.9797734141841,40.5712483758617],[-73.9802102627147,40.5717344350996],[-73.9820421901818,40.5714886000187],[-73.9815729863861,40.5712582178922],[-73.9819493726951,40.5712452321118],[-73.9822572349199,40.5715766477958],[-73.9836741343659,40.5714152871123],[-73.9834058400497,40.5701737737008],[-73.9830447213935,40.5701540896842],[-73.983393117031,40.5701029141961],[-73.9833620123544,40.5695382235533],[-73.9834866513556,40.570097244235],[-73.9838409277014,40.570120696825],[-73.9834898541662,40.5701642587292],[-73.9837593373464,40.5714044566707],[-73.9880386009894,40.5709933374556],[-73.9886216891996,40.5709042809683],[-73.9885791547483,40.5707061391216],[-73.988722892905,40.5708919212282],[-73.9902641101735,40.5707165691745],[-73.9907745382951,40.5706076508558],[-73.9907940820514,40.5702568777038],[-73.9908651819338,40.5706102452577],[-73.9911948104272,40.570620103974],[-73.992729984642,40.5704420174571],[-73.9929824164595,40.5702050021708],[-73.9931588546727,40.5703880183303],[-73.9949390686726,40.5703629033367],[-73.9951886966313,40.5700301063833],[-73.9952944478583,40.5703295115192],[-73.9971963746941,40.5703568782907],[-73.9973708859639,40.5701455362395],[-73.9984692165124,40.570505625702],[-74.0007800336422,40.5704992268683],[-74.002013109166,40.5702169870726],[-74.0020869150104,40.5695942124083],[-74.002488516248,40.5717466177051],[-74.004800855896,40.5728870838269],[-74.0111581290824,40.5741749908658],[-74.0120168440189,40.5748932815925],[-74.0124589381322,40.5766189763616],[-74.0130252432485,40.5778125991656],[-74.0123518017678,40.5792300506131],[-74.0114064692032,40.5801398466324],[-74.0074551011464,40.581811753486],[-74.0060487829839,40.5819918832559],[-74.002945181178,40.5814410662439],[-74.0005613064676,40.58130565996],[-73.999642961337,40.5813247893116],[-73.9981840502912,40.5817335951862],[-73.9977660822809,40.5814625616792],[-73.9977192321802,40.5807150075714],[-73.9918305638161,40.5792553116105],[-73.9903635001204,40.5794328108883],[-73.9889923705442,40.5788433306687],[-73.9884297724939,40.5788240733352],[-73.9873920777089,40.5790952138689],[-73.9866968349353,40.5798231391054],[-73.9870228201991,40.58003099638],[-73.9858871080748,40.5811526558272],[-73.9860465333743,40.5817289160191],[-73.9868462244029,40.5812403332513],[-73.9876406925528,40.579925828334],[-73.9880462348192,40.5796411881077],[-73.9899564846166,40.5806699010593],[-73.9883009173279,40.5834749789629],[-73.9865460042516,40.5836668230501],[-73.987102637041,40.5846528241732],[-73.9862771699167,40.584488213337],[-73.9849287437302,40.5846041846766],[-73.9848233623215,40.5841767551708],[-73.9774266840036,40.5829148250759],[-73.9746833737764,40.5831323504456],[-73.9690012840973,40.5840711275737],[-73.9678598692278,40.584522276816],[-73.9667101161745,40.5845772023493],[-73.9666167435418,40.5845790790644]]]}},{"type":"Feature","properties":{"id":"brooklyn-brighton-beach","name":"Brighton Beach","ntaName":"Brighton Beach","nta":"BK1303","type":"neighborhood","price":12,"blocks":98,"boro":"brooklyn","borough":"Brooklyn"},"geometry":{"type":"Polygon","coordinates":[[[-73.9523992527401,40.574255280485],[-73.9537440030162,40.5743054632801],[-73.9540847573873,40.5740815031655],[-73.9541350315945,40.5743414985268],[-73.9556962645026,40.5743352272391],[-73.9563464910761,40.5742154529192],[-73.9563467587814,40.5738058091409],[-73.9565689333879,40.5741790094077],[-73.9584361885119,40.5740970453772],[-73.9589677666102,40.5739554995555],[-73.9589886147845,40.5734388854115],[-73.9590739053866,40.5738537782611],[-73.9593932461532,40.5739203400146],[-73.9594192066479,40.5751862151572],[-73.9657506435076,40.574802427815],[-73.9675684999256,40.5748897576195],[-73.9688913862368,40.575269469693],[-73.9666167435418,40.5845790790644],[-73.9602596838678,40.5850375407625],[-73.9600494120041,40.5832781049891],[-73.9591110137466,40.5828649082493],[-73.9572311047974,40.5831538005652],[-73.9564587147416,40.5826670836451],[-73.954144302045,40.5831143733648],[-73.9524277071162,40.5745673396008],[-73.9523992527401,40.574255280485]]]}},{"type":"Feature","properties":{"id":"brooklyn-calvert-vaux-park","name":"Calvert Vaux Park","ntaName":"Calvert Vaux Park","nta":"BK1391","type":"park","price":12,"blocks":8,"boro":"brooklyn","borough":"Brooklyn"},"geometry":{"type":"Polygon","coordinates":[[[-73.9899564851085,40.5806699010986],[-73.9916315107475,40.5810881161949],[-73.9918567931993,40.5816322100982],[-73.9902638833149,40.5846273799839],[-73.9953981119307,40.5822360213735],[-73.9960567256703,40.5821371349988],[-74.000180667018,40.58308218074],[-74.0004382931263,40.5840572015397],[-73.9987890603253,40.5851611256138],[-73.9925928536146,40.5881145540726],[-73.9913336249001,40.5862625393213],[-73.9888192909266,40.5843812272247],[-73.9883325728896,40.5836699901457],[-73.9897190597835,40.5808464584713],[-73.9899564851085,40.5806699010986]]]}},{"type":"Feature","properties":{"id":"brooklyn-flatbush","name":"Flatbush","ntaName":"Flatbush","nta":"BK1401","type":"neighborhood","price":12,"blocks":126,"boro":"brooklyn","borough":"Brooklyn"},"geometry":{"type":"Polygon","coordinates":[[[-73.9563017787952,40.655056528646],[-73.955826611761,40.6505380540234],[-73.9587093278272,40.6503955195989],[-73.9582622485796,40.6485409910012],[-73.9581081504859,40.6465262549382],[-73.9556533894815,40.6466386558322],[-73.9547316750304,40.6447808232145],[-73.9541278378442,40.6391695430545],[-73.9536014735559,40.6384305910953],[-73.9482664214541,40.6386154340775],[-73.9477747283939,40.6340063996774],[-73.9458691597798,40.6341257912299],[-73.9456189707441,40.6317856729314],[-73.9464810408683,40.6317164047558],[-73.9441567753606,40.629516527935],[-73.9568484004666,40.6281281205628],[-73.9593783782187,40.6414797997785],[-73.9631873122118,40.6396800618496],[-73.9640890136361,40.6444146622216],[-73.9650132059502,40.6443103959556],[-73.9654687869392,40.646714403777],[-73.9645424163658,40.6468068753326],[-73.9649050019899,40.6487292144375],[-73.9621871689854,40.6497970434624],[-73.9630218119961,40.6515403116361],[-73.9646558171786,40.6508959741649],[-73.9662146511012,40.6531976516554],[-73.9598624607541,40.6556430362452],[-73.9596980874929,40.654847461884],[-73.9563017787952,40.655056528646]]]}},{"type":"Feature","properties":{"id":"brooklyn-flatbush-west","name":"Flatbush (West)","ntaName":"Flatbush (West)-Ditmas Park-Parkville","nta":"BK1402","type":"neighborhood","price":12,"blocks":117,"boro":"brooklyn","borough":"Brooklyn"},"geometry":{"type":"Polygon","coordinates":[[[-73.9568484004666,40.6281281205628],[-73.9599570785341,40.6277869138733],[-73.9604087716834,40.6301707733668],[-73.9623274225117,40.6299769584178],[-73.971367652387,40.6289374038758],[-73.9709226938797,40.6265782262178],[-73.9762359690244,40.62598459114],[-73.9771665527286,40.6307548954435],[-73.9698701249299,40.6342029168447],[-73.9702917940916,40.6364145840843],[-73.9680401150948,40.636659228229],[-73.9713977488723,40.6482660310682],[-73.9630218119961,40.6515403116361],[-73.9621871689854,40.6497970434624],[-73.9649050019899,40.6487292144375],[-73.9645424163658,40.6468068753326],[-73.9654687869392,40.646714403777],[-73.9650132059502,40.6443103959556],[-73.9640890136361,40.6444146622216],[-73.9631873122118,40.6396800618496],[-73.9593783782187,40.6414797997785],[-73.9571041053643,40.6294841799398],[-73.9568484004666,40.6281281205628]]]}},{"type":"Feature","properties":{"id":"brooklyn-midwood","name":"Midwood","ntaName":"Midwood","nta":"BK1403","type":"neighborhood","price":12,"blocks":151,"boro":"brooklyn","borough":"Brooklyn"},"geometry":{"type":"Polygon","coordinates":[[[-73.9568484004666,40.6281281205628],[-73.9473281462826,40.6291748092565],[-73.9464240834238,40.6243938084252],[-73.9454258514418,40.6245038507935],[-73.9445197555952,40.6197218873825],[-73.946515155113,40.6195022598275],[-73.945738342458,40.6153716461474],[-73.9474275107386,40.6142328396613],[-73.9502665728697,40.6139325917522],[-73.9497852273608,40.6113799889421],[-73.9623869112855,40.6099942311049],[-73.9660833429812,40.6295509482914],[-73.9604087716834,40.6301707733668],[-73.9599570785341,40.6277869138733],[-73.9580543581846,40.627979360069],[-73.9568484004666,40.6281281205628]]]}},{"type":"Feature","properties":{"id":"brooklyn-gravesend-east","name":"Gravesend (East)","ntaName":"Gravesend (East)-Homecrest","nta":"BK1501","type":"neighborhood","price":12,"blocks":184,"boro":"brooklyn","borough":"Brooklyn"},"geometry":{"type":"Polygon","coordinates":[[[-73.9585942107921,40.6104112689017],[-73.9568314417014,40.6010955857778],[-73.9577588855459,40.6009941252507],[-73.9560786287728,40.5921096669033],[-73.9570047282378,40.5920104906406],[-73.9561956697179,40.5877700605324],[-73.9603509606409,40.5873145199418],[-73.9606812673745,40.5916058168242],[-73.9755722500847,40.5899562244074],[-73.9775155452439,40.5911455462038],[-73.9776970895451,40.5921947715777],[-73.9807115645241,40.5940054626055],[-73.9799558668641,40.594082046118],[-73.9803592871219,40.5961997766625],[-73.9714849377109,40.5971798198741],[-73.9719122348659,40.5994312944761],[-73.9729125994803,40.5993240394912],[-73.9721788584758,40.6042029483123],[-73.972995771055,40.608822378954],[-73.9642979272612,40.6097846638198],[-73.96478255602,40.6123391602936],[-73.9628611682625,40.6125577247069],[-73.9623869112855,40.6099942311049],[-73.9595221224625,40.6103102917566],[-73.9585942107921,40.6104112689017]]]}},{"type":"Feature","properties":{"id":"brooklyn-madison","name":"Madison","ntaName":"Madison","nta":"BK1502","type":"neighborhood","price":12,"blocks":135,"boro":"brooklyn","borough":"Brooklyn"},"geometry":{"type":"Polygon","coordinates":[[[-73.9375389140452,40.6085656285971],[-73.939727558708,40.6071411531052],[-73.9342640852564,40.6022389485767],[-73.935034164094,40.6017420284891],[-73.9344730063592,40.601239748903],[-73.9428909605989,40.6003268867314],[-73.9424861531342,40.5982086022453],[-73.9569286213893,40.5966203116255],[-73.9577588855459,40.6009941252507],[-73.9568314417014,40.6010955857778],[-73.9585942107921,40.6104112689017],[-73.9497852273608,40.6113799889421],[-73.9502665728697,40.6139325917522],[-73.9474275107386,40.6142328396613],[-73.9448291321714,40.6160544486657],[-73.9435484016161,40.6093547939827],[-73.942313179749,40.6082764354415],[-73.9393484541341,40.610195379965],[-73.9375389140452,40.6085656285971]]]}},{"type":"Feature","properties":{"id":"brooklyn-sheepshead-bay","name":"Sheepshead Bay","ntaName":"Sheepshead Bay-Manhattan Beach-Gerritsen Beach","nta":"BK1503","type":"neighborhood","price":12,"blocks":343,"boro":"brooklyn","borough":"Brooklyn"},"geometry":{"type":"Polygon","coordinates":[[[-73.9276007813981,40.595069016142],[-73.9180570988807,40.586444780618],[-73.9191734554742,40.5859633226925],[-73.9196014600289,40.5861731677057],[-73.9208123296061,40.5859923719827],[-73.9206712221994,40.5857818609045],[-73.9208928711027,40.5859112956494],[-73.9209074521401,40.5855988157386],[-73.9210135960285,40.5857618304755],[-73.9219009650607,40.585701410331],[-73.9218496045803,40.585846656052],[-73.9223547879771,40.5860321705903],[-73.9240440356667,40.5859079521347],[-73.9246280683213,40.5856413097399],[-73.9252050304182,40.5858145054193],[-73.9272091576961,40.5877309943259],[-73.9276637022054,40.5874783476415],[-73.9272507926408,40.587757926544],[-73.9273582254937,40.5880304110676],[-73.927917673774,40.5875569698841],[-73.9280804842251,40.5877106949626],[-73.9273707729775,40.5880528330364],[-73.9274059383853,40.5882146802829],[-73.9280232688382,40.5880769913194],[-73.9274560941345,40.5883077991011],[-73.9277628527661,40.5886688448311],[-73.9239543634513,40.591148085739],[-73.9242010488504,40.5913725160084],[-73.9246027139561,40.5912075602992],[-73.9281604669439,40.5888334847103],[-73.9284202732774,40.5889422707167],[-73.9282175857234,40.5887921476448],[-73.9286320299463,40.5885808718733],[-73.9287590315441,40.5886825315603],[-73.9283788764623,40.5889895584376],[-73.928621681472,40.5891286711311],[-73.9289524462961,40.5889178771112],[-73.9286673550406,40.589151498952],[-73.9292210569366,40.5888215805796],[-73.9287584512179,40.5891612018759],[-73.930035690868,40.5894342311566],[-73.9305784744751,40.589898876643],[-73.9301046768504,40.589614340046],[-73.9302992978362,40.5900434028755],[-73.9305908204737,40.5899608266172],[-73.9306535558672,40.5902992146201],[-73.9304729370063,40.5908640192114],[-73.9306248591478,40.5909269297508],[-73.9306489170384,40.590627918229],[-73.9306424842154,40.5909528016245],[-73.9304615539195,40.5910094540764],[-73.9306978333489,40.5910267761036],[-73.9304510189907,40.5910879274243],[-73.930727204115,40.5910980954633],[-73.9303733939253,40.5912196369111],[-73.9306058601949,40.5911944115835],[-73.9304068334822,40.5917391781657],[-73.9306072240635,40.5915495968792],[-73.9304523368464,40.5922532722161],[-73.9304004724805,40.5917638315459],[-73.9303658526948,40.5924883293918],[-73.9303636325205,40.5923200058153],[-73.9301775838531,40.592414455984],[-73.930355061303,40.5925631860628],[-73.9301911235841,40.5924623540441],[-73.9300244273957,40.5926912827703],[-73.9302139319022,40.5926866063246],[-73.9299139184238,40.5928616304668],[-73.9300538619514,40.593008479426],[-73.9298920859235,40.5928790269673],[-73.9297142370258,40.5931282840491],[-73.9300438009059,40.5930691145437],[-73.9299573364454,40.5933168075504],[-73.9297428897219,40.5931521582346],[-73.9298245894944,40.5933809311741],[-73.9300406408532,40.5933566668289],[-73.929782234144,40.5934449775351],[-73.9299625827895,40.5940139472513],[-73.9302166120843,40.5939811795609],[-73.9300830116003,40.5936036989543],[-73.9302289800305,40.5939388570742],[-73.9305263043488,40.5938884764281],[-73.9303611067747,40.5939841768049],[-73.9305482076335,40.594207539653],[-73.9303007610031,40.5939462903268],[-73.9300415364816,40.5941131231421],[-73.9304338780545,40.5944109104045],[-73.9307626458468,40.5943901366697],[-73.9306244744526,40.5942127340117],[-73.9308358813051,40.5944218071456],[-73.9306644522281,40.5944721871739],[-73.9309365785737,40.5944681861182],[-73.9312219769663,40.5941915526528],[-73.9309560516125,40.5944741808957],[-73.9313682662735,40.59453740771],[-73.9317652915314,40.5942923344091],[-73.9316145552961,40.5945117536448],[-73.9307827314381,40.5945071906722],[-73.9323096815397,40.5949245759967],[-73.932564856299,40.5947717082206],[-73.9324390473646,40.5948518718414],[-73.9326056237435,40.5949377805031],[-73.9328279668373,40.5948119806215],[-73.9326779564019,40.5942446532802],[-73.9317603248769,40.5928383402609],[-73.9317123260006,40.5930585356309],[-73.9314381736391,40.5921753705055],[-73.9311409782187,40.5920171644525],[-73.9314013971995,40.5918131256179],[-73.9310113101542,40.5919392778532],[-73.9313544274169,40.5917994294246],[-73.9314270709522,40.591612419668],[-73.9310774398702,40.591605828489],[-73.9312319881016,40.5916502187291],[-73.9313068342098,40.5913685941634],[-73.9312473418552,40.5916452120006],[-73.9314239435556,40.5915968054266],[-73.9315608114824,40.5913011992413],[-73.931214366004,40.5895395430877],[-73.9306870978359,40.5888301890354],[-73.93009279925,40.5889970967915],[-73.9306516364218,40.5886781052065],[-73.9304010923452,40.5884737554705],[-73.9297298800701,40.5886221513039],[-73.9303868691301,40.5884498505569],[-73.9297237421057,40.587568317713],[-73.9313505951248,40.5873364014014],[-73.9312533296572,40.5868580597285],[-73.9285753553145,40.5870697361062],[-73.9280837455852,40.5867059276025],[-73.9281511102751,40.5861863413261],[-73.9279207532394,40.5861440408262],[-73.9282781409926,40.5861151784371],[-73.9281584225945,40.5858727573408],[-73.9273709730317,40.5860148197486],[-73.9275176354231,40.5864065006946],[-73.9273057539182,40.5858741625881],[-73.9255300237049,40.584986610819],[-73.9262767102778,40.585360881856],[-73.9258347737277,40.5849613113914],[-73.9272179069213,40.5847916653931],[-73.9314008909219,40.5860881297481],[-73.9312708664639,40.5854446276827],[-73.9301921944831,40.5850938266622],[-73.9300975783704,40.5845103097053],[-73.9320438650646,40.5842421935734],[-73.9319295283256,40.582878002029],[-73.9323783744939,40.5829267440851],[-73.9320152161358,40.5829342148536],[-73.9320198113179,40.5831193590399],[-73.9326001877029,40.5829275011805],[-73.9342111330303,40.5829880315621],[-73.9356921347403,40.583283326997],[-73.9358258108756,40.583029348568],[-73.9357679905619,40.5832857432093],[-73.9361337536836,40.5833227073944],[-73.936288650014,40.5830091372304],[-73.9360981056933,40.5829569793188],[-73.9365674884774,40.5829658817414],[-73.9363017304155,40.5830111886726],[-73.9365773422771,40.5832487391107],[-73.9369756931609,40.5832385590512],[-73.9369890968077,40.5830245055129],[-73.936634492764,40.5829804450681],[-73.9376341162102,40.5831045015881],[-73.9370070032033,40.5830242523783],[-73.9371260170378,40.5833549639094],[-73.9381205954616,40.5833487120936],[-73.9380956241864,40.5831250444734],[-73.9385541816154,40.5833462188977],[-73.9386289765586,40.5830752551456],[-73.9392978226389,40.5831755019872],[-73.9393029503752,40.5833414487754],[-73.9398268075665,40.5833396792244],[-73.9398302597526,40.5831787690824],[-73.9398599353937,40.5833395677938],[-73.9405788784529,40.5833364595224],[-73.9405675092425,40.5830956012678],[-73.940110456876,40.5830833023252],[-73.9406779974489,40.5830740385827],[-73.940701614686,40.5833358583439],[-73.9409178749194,40.5833106398082],[-73.9407398252707,40.5830838456766],[-73.9410265991437,40.583078595483],[-73.9409356406838,40.5833105399786],[-73.9412029773074,40.5830986982229],[-73.9415755014069,40.5836157890712],[-73.9425527559886,40.5835227092753],[-73.9420217541351,40.5831186565684],[-73.942703098098,40.5835170317966],[-73.943048517049,40.5835003628258],[-73.9425645827121,40.5831355807882],[-73.9431964822172,40.5834978956926],[-73.9435460957102,40.5834792479477],[-73.9430947685823,40.583142778627],[-73.9436929511981,40.5834759871688],[-73.9440690621298,40.5834802430366],[-73.9436373191228,40.5831538073126],[-73.944619708193,40.5835048599298],[-73.9441760060773,40.5831665245442],[-73.9443220185676,40.5831676589105],[-73.9447768620326,40.5835160372286],[-73.9451761988985,40.5835296111506],[-73.9448465503326,40.5831724676413],[-73.9457315712998,40.5835531074191],[-73.9453774734497,40.5831901653165],[-73.9462877682832,40.5835769174724],[-73.9458008337405,40.5832028731774],[-73.946435712333,40.5835713852766],[-73.9467908719727,40.5835586998177],[-73.9463174579816,40.583215172828],[-73.9469193850804,40.5835542665443],[-73.9472697480014,40.5835414143943],[-73.9468234507838,40.5831994247175],[-73.9474701004386,40.5835364281104],[-73.9534946445316,40.5829964308053],[-73.9533027833903,40.5820109824333],[-73.9496981473167,40.5823276340746],[-73.9427420468073,40.5810038224499],[-73.9325814831236,40.5812729741098],[-73.9310616970306,40.5762741529809],[-73.9315039836439,40.5756687380761],[-73.9348623453755,40.5755360286024],[-73.9348949822607,40.5752298785804],[-73.9350800356059,40.575517698268],[-73.9364724942081,40.5758687285804],[-73.9367089431491,40.5754266591059],[-73.9368325803375,40.5755682491208],[-73.9425104987525,40.5753817863929],[-73.9425585423299,40.5755725622727],[-73.9442805351877,40.5758087426542],[-73.9446346120927,40.575699428042],[-73.9446019606001,40.5752437008717],[-73.9447458369285,40.5755219593539],[-73.9457249415383,40.5755676711396],[-73.9461837967044,40.5753070671261],[-73.9459253232438,40.5751236637628],[-73.9523992518,40.5742552807357],[-73.9541443015697,40.5831143732942],[-73.9564587151671,40.5826670837321],[-73.9572311042558,40.5831538008882],[-73.9591110140059,40.5828649082513],[-73.9601065205837,40.5834165905072],[-73.9603509610026,40.5873145203558],[-73.9561956702758,40.5877700605165],[-73.9570047279353,40.5920104905896],[-73.956078629292,40.592109667095],[-73.9569286214118,40.5966203116509],[-73.9424861530927,40.5982086021527],[-73.9428909602761,40.6003268865569],[-73.9344730059726,40.6012397487309],[-73.9350341643071,40.6017420284865],[-73.9335525896161,40.6026955183011],[-73.9281328126285,40.597786165144],[-73.9295699990887,40.5968285013176],[-73.9286699260903,40.5960286878416],[-73.9276007813981,40.595069016142]]]}},{"type":"Feature","properties":{"id":"brooklyn-ocean-hill","name":"Ocean Hill","ntaName":"Ocean Hill","nta":"BK1601","type":"neighborhood","price":12,"blocks":126,"boro":"brooklyn","borough":"Brooklyn"},"geometry":{"type":"Polygon","coordinates":[[[-73.904047811043,40.6792288514034],[-73.9000476738382,40.6769013426056],[-73.9043893408251,40.6752149996937],[-73.9194190506452,40.6684052947995],[-73.9227539906382,40.6671055833144],[-73.9216488998889,40.6788787997336],[-73.9163026150138,40.6785853657664],[-73.9180474870636,40.6872215022341],[-73.9045703264639,40.6795237904454],[-73.904047811043,40.6792288514034]]]}},{"type":"Feature","properties":{"id":"brooklyn-brownsville","name":"Brownsville","ntaName":"Brownsville","nta":"BK1602","type":"neighborhood","price":12,"blocks":174,"boro":"brooklyn","borough":"Brooklyn"},"geometry":{"type":"Polygon","coordinates":[[[-73.9008527673802,40.6653541457986],[-73.9004296847396,40.663816248753],[-73.9014525575649,40.6636666150783],[-73.9006625976573,40.6605944083525],[-73.8996537434517,40.6607436667905],[-73.8987900031012,40.6574211371797],[-73.9004890829687,40.6571569295339],[-73.9031799947115,40.6553198825586],[-73.9078448766667,40.6545997796664],[-73.9074017699488,40.652852238233],[-73.9085593182139,40.6521041856974],[-73.9093364070678,40.6528168401604],[-73.9101239704772,40.6558600206422],[-73.9123660033757,40.6555218141931],[-73.9181863469716,40.6607344581763],[-73.9190982324605,40.6642387343773],[-73.9216571338241,40.6638518254217],[-73.9243924125428,40.6663896734322],[-73.9194190506452,40.6684052947995],[-73.9034756361915,40.6755149364559],[-73.9012671146477,40.6668889017265],[-73.9008527673802,40.6653541457986]]]}},{"type":"Feature","properties":{"id":"brooklyn-east-flatbush","name":"East Flatbush","ntaName":"East Flatbush-Erasmus","nta":"BK1701","type":"neighborhood","price":12,"blocks":501,"boro":"brooklyn","borough":"Brooklyn"},"geometry":{"type":"Polygon","coordinates":[[[-73.942402903115,40.6558930590601],[-73.9418934672287,40.6511775929444],[-73.9428268417855,40.6511182304759],[-73.9426325551103,40.649348003904],[-73.9431238729098,40.6493174305769],[-73.9430052685186,40.6486030149362],[-73.9435310042312,40.6485854901235],[-73.9433752722451,40.6471229489282],[-73.9443451981389,40.6470864468523],[-73.9441706425297,40.6454374325747],[-73.9460735921731,40.6453200573359],[-73.9458702166664,40.6434319895046],[-73.9477913709713,40.6433139812562],[-73.9474443924368,40.6400559099263],[-73.9484148586734,40.6399957087177],[-73.9482664214541,40.6386154340775],[-73.9536014735559,40.6384305910953],[-73.9541278378442,40.6391695430545],[-73.9547316750304,40.6447808232145],[-73.9556533894815,40.6466386558322],[-73.9581081504859,40.6465262549382],[-73.9582622485796,40.6485409910012],[-73.9587093278272,40.6503955195989],[-73.955826611761,40.6505380540234],[-73.9563899444338,40.655882812874],[-73.9501610868195,40.6562684788528],[-73.9500680757479,40.6554312443072],[-73.9433563131227,40.6558365838101],[-73.942402903115,40.6558930590601]]]}},{"type":"Feature","properties":{"id":"brooklyn-east-flatbush","name":"East Flatbush","ntaName":"East Flatbush-Farragut","nta":"BK1702","type":"neighborhood","price":12,"blocks":501,"boro":"brooklyn","borough":"Brooklyn"},"geometry":{"type":"Polygon","coordinates":[[[-73.9373845127415,40.6449131331174],[-73.937285693959,40.6439659673272],[-73.9257230670518,40.6446816297595],[-73.9253837479163,40.6423927780754],[-73.9261282675133,40.6377517677035],[-73.9265263260632,40.6365009680107],[-73.9274496403051,40.6352666534945],[-73.9372684220952,40.6346588696514],[-73.9370188831442,40.6323192221604],[-73.9456189707441,40.6317856729314],[-73.9458691597798,40.6341257912299],[-73.9477747283939,40.6340063996774],[-73.9484148586734,40.6399957087177],[-73.9474443924368,40.6400559099263],[-73.9477913709713,40.6433139812562],[-73.9458702166664,40.6434319895046],[-73.9460735921731,40.6453200573359],[-73.9441706425297,40.6454374325747],[-73.9443451981389,40.6470864468523],[-73.9433752722451,40.6471229489282],[-73.9433097422487,40.6465349778048],[-73.9428010338586,40.6465508629326],[-73.9426096699012,40.644670107638],[-73.9383619277079,40.6448652760635],[-73.9373845127415,40.6449131331174]]]}},{"type":"Feature","properties":{"id":"brooklyn-east-flatbush","name":"East Flatbush","ntaName":"East Flatbush-Rugby","nta":"BK1703","type":"neighborhood","price":12,"blocks":501,"boro":"brooklyn","borough":"Brooklyn"},"geometry":{"type":"Polygon","coordinates":[[[-73.9199520458585,40.6447158772917],[-73.9197387864861,40.6427863940288],[-73.9232996614458,40.6399314666667],[-73.9235666760244,40.642507543781],[-73.9255042015344,40.6423834003559],[-73.9257230670518,40.6446816297595],[-73.937285693959,40.6439659673272],[-73.9373845127415,40.6449131331174],[-73.9326156029886,40.6452537243139],[-73.9330008905658,40.6487945219022],[-73.9387082602556,40.6485256897553],[-73.9388628609342,40.6495801875661],[-73.9426325551103,40.649348003904],[-73.9428268417855,40.6511182304759],[-73.9418934672287,40.6511775929444],[-73.942402903115,40.6558930590601],[-73.9309049690747,40.656618603993],[-73.9310846515601,40.6583041643701],[-73.933997269487,40.6581268945902],[-73.9342317965557,40.6604234825879],[-73.931327117707,40.6606015563029],[-73.9316088544059,40.6635649726465],[-73.9306860748144,40.6636287266677],[-73.9246448739876,40.658191406857],[-73.9254084176396,40.6576882182712],[-73.9208990637008,40.6536333546599],[-73.919979937813,40.6450406224616],[-73.9199520458585,40.6447158772917]]]}},{"type":"Feature","properties":{"id":"brooklyn-east-flatbush","name":"East Flatbush","ntaName":"East Flatbush-Remsen Village","nta":"BK1704","type":"neighborhood","price":12,"blocks":501,"boro":"brooklyn","borough":"Brooklyn"},"geometry":{"type":"Polygon","coordinates":[[[-73.9085593182139,40.6521041856974],[-73.9199520458585,40.6447158772917],[-73.9208990637008,40.6536333546599],[-73.9254084176396,40.6576882182712],[-73.9246448739876,40.658191406857],[-73.9306860748144,40.6636287266677],[-73.9243924125428,40.6663896734322],[-73.9216571338241,40.6638518254217],[-73.9190982324605,40.6642387343773],[-73.9181863469716,40.6607344581763],[-73.9123660033757,40.6555218141931],[-73.9101239704772,40.6558600206422],[-73.9093364070678,40.6528168401604],[-73.9085593182139,40.6521041856974]]]}},{"type":"Feature","properties":{"id":"brooklyn-holy-cross-cemetery","name":"Holy Cross Cemetery","ntaName":"Holy Cross Cemetery","nta":"BK1771","type":"neighborhood","price":12,"blocks":1,"boro":"brooklyn","borough":"Brooklyn"},"geometry":{"type":"Polygon","coordinates":[[[-73.9373845127415,40.6449131331174],[-73.9426096699012,40.644670107638],[-73.9428010338586,40.6465508629326],[-73.9433097422487,40.6465349778048],[-73.9433752722451,40.6471229489282],[-73.9435310042312,40.6485854901235],[-73.9430052685186,40.6486030149362],[-73.9431238729098,40.6493174305769],[-73.9388628609342,40.6495801875661],[-73.9387082602556,40.6485256897553],[-73.9330008905658,40.6487945219022],[-73.9326156029886,40.6452537243139],[-73.9364577625194,40.6449543636809],[-73.9373845127415,40.6449131331174]]]}},{"type":"Feature","properties":{"id":"brooklyn-flatlands","name":"Flatlands","ntaName":"Flatlands","nta":"BK1801","type":"neighborhood","price":12,"blocks":279,"boro":"brooklyn","borough":"Brooklyn"},"geometry":{"type":"Polygon","coordinates":[[[-73.9186036623984,40.6320765718726],[-73.9169044402164,40.616282470486],[-73.9205283553799,40.6139509349969],[-73.9206254170297,40.614846921838],[-73.9264018624467,40.6144867754227],[-73.9262991154722,40.6132003953177],[-73.931733209608,40.6179351617769],[-73.9332059945678,40.6169786828975],[-73.9368684162005,40.6202615223962],[-73.9407905621058,40.6177050299126],[-73.9434710422286,40.6173932422392],[-73.945738342458,40.6153716461474],[-73.946515155113,40.6195022598275],[-73.9445197555952,40.6197218873825],[-73.9454258514418,40.6245038507935],[-73.9464240834238,40.6243938084252],[-73.9473281462826,40.6291748092565],[-73.9441567753606,40.629516527935],[-73.9464810408683,40.6317164047558],[-73.9370188831442,40.6323192221604],[-73.9372684220952,40.6346588696514],[-73.9274496403051,40.6352666534945],[-73.9265263260632,40.6365009680107],[-73.9261651954719,40.6375812056161],[-73.9253837479163,40.6423927780754],[-73.9235666760244,40.642507543781],[-73.9232996614458,40.6399314666667],[-73.9197387864861,40.6427863940288],[-73.9186312393068,40.6323551162094],[-73.9186036623984,40.6320765718726]]]}},{"type":"Feature","properties":{"id":"brooklyn-marine-park","name":"Marine Park","ntaName":"Marine Park-Mill Basin-Bergen Beach","nta":"BK1802","type":"neighborhood","price":12,"blocks":272,"boro":"brooklyn","borough":"Brooklyn"},"geometry":{"type":"Polygon","coordinates":[[[-73.9171965652926,40.6317464498539],[-73.9174693799301,40.6315119341637],[-73.9174677922553,40.6311877219406],[-73.9166883568357,40.6307456271405],[-73.9165931127458,40.6304601013453],[-73.9038568164645,40.6249484409302],[-73.9054634724449,40.6257830630277],[-73.9053309914826,40.6258731989484],[-73.9025479711859,40.6244524818514],[-73.9032718697342,40.6244924266054],[-73.9026947428127,40.6242215775046],[-73.9028340323603,40.6240592370441],[-73.9022884892974,40.6244180966144],[-73.9026449656067,40.6239329318836],[-73.9029176058898,40.6239627738292],[-73.9028343152449,40.6236116048048],[-73.9022136693704,40.6235805262316],[-73.9018687140284,40.6229706865074],[-73.9009510916372,40.6226217132557],[-73.9005979641248,40.6217380981399],[-73.9001644177111,40.6216853364648],[-73.9019909167003,40.6205704324078],[-73.8981021444075,40.6170522271269],[-73.8985391185926,40.6162734196617],[-73.8985575491904,40.6151569151662],[-73.9021318117935,40.6127882416663],[-73.9034741742501,40.6139948537617],[-73.9041912331773,40.6135728013381],[-73.9058724633344,40.6150715546998],[-73.9057359695186,40.6148912146357],[-73.9060346998547,40.6149616299148],[-73.9058807867736,40.6150857021364],[-73.9069642467645,40.6161222584693],[-73.9071743225327,40.6160181162016],[-73.9067398975757,40.6163041614273],[-73.9072582667164,40.6160958222523],[-73.9070848807017,40.6162296079311],[-73.9074439652569,40.6162667761007],[-73.9070230178017,40.6165418413282],[-73.9075287624888,40.6163526739681],[-73.9072431049158,40.6165597428548],[-73.9075911829403,40.6166376174217],[-73.9076180022759,40.6169047076473],[-73.9079173258608,40.6169117756136],[-73.9083878739031,40.6173992698678],[-73.9086049275024,40.6172737376117],[-73.9087922918142,40.6174446378085],[-73.9086347507009,40.6171760959492],[-73.9088383227528,40.6173198876887],[-73.9090728632505,40.617168679355],[-73.9083554435904,40.616539239886],[-73.9087956197966,40.6168811983009],[-73.9091399435612,40.6165398626263],[-73.9079744751785,40.6157450853454],[-73.9081580498406,40.6156093648001],[-73.9091781627603,40.6165301878742],[-73.9088159736985,40.6168986828614],[-73.9089584729508,40.6169997263158],[-73.9096454722621,40.6165836128903],[-73.909009238914,40.6157810276599],[-73.9077773731186,40.6152513864453],[-73.9053598610469,40.613048579609],[-73.9042171047923,40.612364812279],[-73.904287414203,40.6120250217165],[-73.9035112167477,40.6114147309608],[-73.9033118796545,40.611555404487],[-73.903495483397,40.611397249328],[-73.9031371965097,40.61097577817],[-73.9027464546871,40.6109397087509],[-73.9022600087888,40.6104310125363],[-73.9016435265501,40.6057715997809],[-73.905244419012,40.6049183290726],[-73.9059760218516,40.6063922677173],[-73.9080996298384,40.6062868745278],[-73.9086410062968,40.606666961022],[-73.9093394609866,40.6064858419389],[-73.9098529597455,40.6060079609801],[-73.9088583240728,40.6050683124494],[-73.9083267790378,40.6040816128981],[-73.9109241116951,40.603513714878],[-73.9136526099818,40.6039907521103],[-73.9167369784049,40.6068228002727],[-73.9167225711773,40.6076330856625],[-73.916323713697,40.6086839022744],[-73.9167853573453,40.6087821224926],[-73.916572153481,40.609431778787],[-73.9168412242213,40.6087682538214],[-73.9165106582793,40.6086379931768],[-73.9168910595791,40.6087182527767],[-73.9168294461356,40.6089142964972],[-73.91708979881,40.6088290935005],[-73.9168210589939,40.6089396250157],[-73.9166581790098,40.6094449892115],[-73.9168009446317,40.6095024309755],[-73.9165674543044,40.6094460619218],[-73.9161661639597,40.610523814546],[-73.9144968351762,40.6116614634166],[-73.9149356012989,40.6139663957469],[-73.9138619437008,40.614650508427],[-73.9142821398744,40.6149470565927],[-73.9164224038827,40.6135775947538],[-73.915915934809,40.6138536164454],[-73.9157694872027,40.613548573414],[-73.9159731454729,40.6138160749877],[-73.9162491033923,40.6136343403669],[-73.9157472659246,40.6133930997463],[-73.9159671380252,40.61324463648],[-73.9162659414658,40.6136138532804],[-73.9163972812912,40.6134550740726],[-73.9158722789957,40.6129182773413],[-73.916629457618,40.6134518292947],[-73.9157332327941,40.6118390842573],[-73.9167479377014,40.6111866950481],[-73.9166745258553,40.6110140627986],[-73.9168306219563,40.6111263167855],[-73.9181117803167,40.6102166339019],[-73.9177332688792,40.6097907774728],[-73.9178678003253,40.6093354729778],[-73.9176801215897,40.6096711031932],[-73.9179641148847,40.6087941761876],[-73.9178211417536,40.60931253924],[-73.9180249767877,40.6088619957205],[-73.9185580754327,40.6085065480334],[-73.9180064190413,40.6081580174554],[-73.9181886999811,40.6080328198205],[-73.9185749899405,40.6084961857773],[-73.9190087851704,40.6082754944021],[-73.9181395629407,40.6076536262472],[-73.9183638814806,40.6075096087221],[-73.9190245220147,40.6082651071257],[-73.9193553986363,40.6080511611599],[-73.9182541049829,40.6072375893917],[-73.9185044182626,40.607079475241],[-73.9195050036871,40.6079831433319],[-73.9192427644939,40.6073936531106],[-73.9179512189072,40.6062174909034],[-73.9185290215283,40.6061216056647],[-73.9197107009551,40.6073104019948],[-73.920660031233,40.6067627819546],[-73.9215857055961,40.6076473246118],[-73.9244428585588,40.6058018082373],[-73.9262502662225,40.6074217607676],[-73.9298702187808,40.605079580052],[-73.9335145256781,40.6083516947502],[-73.9342329941647,40.6079059541821],[-73.9360476960389,40.6095231074966],[-73.9375389140452,40.6085656285971],[-73.9393484541341,40.610195379965],[-73.942313179749,40.6082764354415],[-73.9435484016161,40.6093547939827],[-73.9448291321714,40.6160544486657],[-73.9434710422286,40.6173932422392],[-73.9407905621058,40.6177050299126],[-73.9368684162005,40.6202615223962],[-73.9332059945678,40.6169786828975],[-73.931733209608,40.6179351617769],[-73.9262991154722,40.6132003953177],[-73.9264018624467,40.6144867754227],[-73.9206254170297,40.614846921838],[-73.9205283553799,40.6139509349969],[-73.9169044402164,40.616282470486],[-73.9186036623984,40.6320765718726],[-73.9171965652926,40.6317464498539]]]}},{"type":"Feature","properties":{"id":"brooklyn-canarsie","name":"Canarsie","ntaName":"Canarsie","nta":"BK1803","type":"neighborhood","price":12,"blocks":327,"boro":"brooklyn","borough":"Brooklyn"},"geometry":{"type":"MultiPolygon","coordinates":[[[[-73.8883406989178,40.6467184758509],[-73.8885343194416,40.6468701300256],[-73.8883091610637,40.6467238492399],[-73.8883406989178,40.6467184758509]]],[[[-73.8912199423012,40.6499959466604],[-73.8905693359021,40.649216880809],[-73.8910171867582,40.6493502559007],[-73.8912056209326,40.649135147352],[-73.8910975230182,40.6488207469811],[-73.8894521492968,40.6471822027765],[-73.8894829334662,40.64692100269],[-73.8887983158618,40.6460585057709],[-73.8893774366203,40.6469830019359],[-73.8888668243776,40.6472282837302],[-73.888536898985,40.6469763973389],[-73.8886007326004,40.6467207163662],[-73.8880827945524,40.6466288180596],[-73.8882912209561,40.6460524626343],[-73.888001926862,40.6460359530208],[-73.8874110077766,40.6453375279394],[-73.8880572784279,40.6451280344359],[-73.8873035809953,40.6452041729342],[-73.8862378744984,40.6438250351209],[-73.8837371925111,40.6424585961529],[-73.8807903016161,40.6397656789831],[-73.8807682588845,40.6395898936214],[-73.8859455817978,40.6362350568134],[-73.882889912269,40.6334447327472],[-73.8854427657445,40.6314098774738],[-73.8874774963435,40.6301280229506],[-73.8889051477875,40.6299241024978],[-73.8901129951841,40.6289839581944],[-73.8920952773139,40.6286659788721],[-73.8922736401867,40.6291161911366],[-73.8908170413261,40.6308621598963],[-73.8927732657292,40.6318169493668],[-73.8995533387647,40.6274749729999],[-73.9014630208147,40.625239662115],[-73.9144621233794,40.6310030745784],[-73.9160622141471,40.6320422939516],[-73.9166375338529,40.6320424135251],[-73.9171965651721,40.6317464500611],[-73.9186036627167,40.6320765722646],[-73.9199520460544,40.6447158777042],[-73.9183029386934,40.6458205098123],[-73.9094498762397,40.6515298471775],[-73.9039834158701,40.6466368147852],[-73.8958629568282,40.6518887760608],[-73.897611541581,40.653462065115],[-73.8935481787474,40.6552109632648],[-73.8917607516912,40.6528073561437],[-73.8900072987401,40.6511569455903],[-73.8912528793915,40.6500338455067],[-73.8912199423012,40.6499959466604]]]]}},{"type":"Feature","properties":{"id":"brooklyn-marine-park","name":"Marine Park","ntaName":"Marine Park-Plumb Island","nta":"BK1891","type":"park","price":12,"blocks":272,"boro":"brooklyn","borough":"Brooklyn"},"geometry":{"type":"MultiPolygon","coordinates":[[[[-73.9151347309828,40.5862776203429],[-73.9135010276064,40.5861040607102],[-73.9125872849511,40.5855749785794],[-73.9123693139078,40.5845344090387],[-73.9126098884541,40.5843281831048],[-73.9125060116853,40.583894589869],[-73.9127122083859,40.5837081760775],[-73.912422440977,40.5834010181693],[-73.9130480198952,40.5830157825116],[-73.9130558042664,40.5831949504223],[-73.9146330745178,40.5827658689039],[-73.9149882684201,40.5831610743164],[-73.9161434071376,40.5828656713946],[-73.9165648699459,40.5831602479556],[-73.9173000260189,40.5831990355229],[-73.9168124564592,40.5827702825212],[-73.9163278175997,40.5828271040023],[-73.9159629229363,40.5824439923722],[-73.9154143210564,40.5823723078996],[-73.9143880875411,40.5823913917693],[-73.9144657043692,40.5826175118144],[-73.9141746389237,40.5828095954385],[-73.9137274177599,40.5827371276031],[-73.9133605246344,40.5829622554785],[-73.9129704627612,40.5829810373948],[-73.9129952531472,40.582714974633],[-73.9128552071668,40.5830205010659],[-73.9119119997038,40.582971611864],[-73.911287770549,40.5823218201805],[-73.9115010112036,40.5818270140667],[-73.9150566129305,40.5815518418578],[-73.9222141331752,40.5832595669911],[-73.9244374552921,40.5835664364314],[-73.929633896727,40.5834070422242],[-73.9306733351064,40.5831680455112],[-73.9308919479767,40.5829384282737],[-73.9307421108895,40.5827671808211],[-73.9309614481342,40.5827368435865],[-73.9318402301372,40.5829535075725],[-73.9320438650646,40.5842421935734],[-73.9300975783704,40.5845103097053],[-73.9301921944831,40.5850938266622],[-73.9312708664639,40.5854446276827],[-73.9314008909219,40.5860881297481],[-73.9272179069213,40.5847916653931],[-73.9258347737277,40.5849613113914],[-73.925306689428,40.5846500228524],[-73.9234510762098,40.5848260877768],[-73.921013968189,40.5845832536145],[-73.9200076009458,40.5846728871776],[-73.9169773994716,40.5858970893937],[-73.9151534529662,40.5862860504668],[-73.9151347309828,40.5862776203429]]],[[[-73.919902057883,40.5996087587795],[-73.9186602893387,40.5994806652524],[-73.9184368967896,40.599174628116],[-73.916265344289,40.5981693741502],[-73.916017829827,40.5975166754387],[-73.9144164928512,40.5960532533796],[-73.9138190634627,40.5950505263043],[-73.9133844692558,40.5947297897615],[-73.9130648115392,40.5940803475714],[-73.91326321511,40.5922370124476],[-73.9129526379729,40.5920625659149],[-73.9143956385733,40.5915198939768],[-73.9152461943247,40.5915957442895],[-73.9160513419008,40.5922108336778],[-73.9164425414385,40.593135046001],[-73.9178768484855,40.5947304169794],[-73.9202009591391,40.5961915818535],[-73.9208308912857,40.5963429281105],[-73.9208982350361,40.5966208912292],[-73.9218241923079,40.5973411697548],[-73.9218656512886,40.5978064594721],[-73.922273430192,40.598385055444],[-73.9221319081673,40.5986708333491],[-73.9208503516633,40.5995496345693],[-73.919897405654,40.5996144378363],[-73.919902057883,40.5996087587795]]],[[[-73.9353128703118,40.6088682791894],[-73.9342329937887,40.6079059539706],[-73.9335145254206,40.608351694345],[-73.9298702193691,40.6050795796404],[-73.9262502664993,40.6074217604237],[-73.9244428589943,40.6058018078201],[-73.9215857051464,40.6076473244055],[-73.9206600307532,40.6067627816263],[-73.9197107006873,40.6073104017431],[-73.9009884128151,40.5901112553367],[-73.8892447986476,40.5797757541013],[-73.8876953602121,40.578071473409],[-73.8888248967627,40.5781304451341],[-73.8897567387095,40.5777966503407],[-73.8911855419376,40.5778803466001],[-73.8945491253699,40.5768477433667],[-73.8955252155469,40.5767780519912],[-73.8965139485585,40.5790153087533],[-73.8967477765538,40.5831982194928],[-73.8972741877719,40.5843290422606],[-73.8981629730314,40.585358726653],[-73.8979410446754,40.585888907038],[-73.8982644611324,40.5867936308636],[-73.8989174060372,40.5875456711215],[-73.8997348200088,40.5871734469354],[-73.8989951237068,40.5876361827036],[-73.899580686146,40.5879960419733],[-73.9012193259516,40.5873915753276],[-73.8999537477121,40.5880498342123],[-73.9008817100018,40.5880617589952],[-73.9021009447276,40.5873647765144],[-73.9028573840274,40.5873745057008],[-73.9042617820332,40.5869202596682],[-73.90588060776,40.5875061110401],[-73.9058885931394,40.5878856083142],[-73.9065201555593,40.588033708926],[-73.9071264329155,40.5875379379791],[-73.9064949220036,40.5873529102406],[-73.9064406515154,40.5870420925065],[-73.9081102600106,40.586804740618],[-73.9108869517126,40.5859558801158],[-73.9115289613911,40.5861140435986],[-73.9119741956693,40.5867055922145],[-73.9117519175766,40.5872761324229],[-73.9120560517552,40.5887458306599],[-73.9116002271369,40.5899214911758],[-73.9114387180635,40.5910886076683],[-73.9119484505663,40.5925563152666],[-73.9120302576777,40.5943758315692],[-73.9125094241303,40.5954058746792],[-73.9131183701498,40.5958807197243],[-73.9135517504449,40.5967305335105],[-73.9150672208029,40.5980063152438],[-73.9151119817547,40.5985994525887],[-73.915739329713,40.5992140781255],[-73.9170122923694,40.5995954870141],[-73.9186549678734,40.600694071874],[-73.9198731293345,40.6008599448118],[-73.9217064478737,40.6017526078533],[-73.922156866893,40.6017079741252],[-73.9229696642575,40.601113956172],[-73.9232968712761,40.6007506772197],[-73.9232577502913,40.6003687439099],[-73.9239413867849,40.5997225860879],[-73.9246612512988,40.5997342267218],[-73.9279994676548,40.6019361093278],[-73.9285264863272,40.6022201082905],[-73.9288376636482,40.6021300582176],[-73.9288839324539,40.6024355089832],[-73.9295429094627,40.6027573185351],[-73.9296427339409,40.6030947649372],[-73.9290889314573,40.6036624318222],[-73.9292069850875,40.6039002497172],[-73.9299975793138,40.6036518790949],[-73.9301353564288,40.6040063644171],[-73.9305107571533,40.6037487112009],[-73.9311761798699,40.603858643928],[-73.9321246144101,40.6027179758718],[-73.9317634213194,40.602604621251],[-73.9310906134754,40.6017304959425],[-73.9303082276293,40.6011799120326],[-73.9296507792416,40.6012126948438],[-73.9293440973614,40.6009773883549],[-73.9292283997564,40.6004963453044],[-73.9286539209237,40.6003938294126],[-73.9285937228681,40.6006198529426],[-73.9272038203515,40.5999183175573],[-73.9229032700606,40.5964558002352],[-73.9217767776758,40.5950391626007],[-73.9203228244101,40.5947270833617],[-73.9178300193537,40.5928307825464],[-73.9164129179581,40.5911498635293],[-73.9148790278905,40.5903218559817],[-73.9150688467748,40.5900887788012],[-73.9145504531737,40.5895535662153],[-73.9146226650163,40.588756952585],[-73.9172562340769,40.5874861147385],[-73.9181922894956,40.5866150903943],[-73.9295699990887,40.5968285013176],[-73.9281328126285,40.597786165144],[-73.9335525896161,40.6026955183011],[-73.934264085205,40.6022389483039],[-73.9397275587637,40.6071411535316],[-73.936047695862,40.6095231077258],[-73.9357252029277,40.6092357253127],[-73.9353128703118,40.6088682791894]]]]}},{"type":"Feature","properties":{"id":"brooklyn-mcguire-fields","name":"McGuire Fields","ntaName":"McGuire Fields","nta":"BK1892","type":"park","price":12,"blocks":3,"boro":"brooklyn","borough":"Brooklyn"},"geometry":{"type":"Polygon","coordinates":[[[-73.9041912331773,40.6135728013381],[-73.9034741742501,40.6139948537617],[-73.9021318117935,40.6127882416663],[-73.8985575491904,40.6151569151662],[-73.8985391185926,40.6162734196617],[-73.8981021444075,40.6170522271269],[-73.9019909167003,40.6205704324078],[-73.8998578145975,40.6217770016247],[-73.8970536471472,40.6216922074492],[-73.8964426413914,40.6214029984856],[-73.896289885864,40.6207447416434],[-73.8957307375813,40.6202491573517],[-73.895615292582,40.6198095286592],[-73.8956118543103,40.6193587753071],[-73.8964548874723,40.6180838121506],[-73.8966447599981,40.6173559536354],[-73.896461434692,40.6161381151506],[-73.8961719321034,40.6160094249486],[-73.8957358588353,40.6148959881615],[-73.8960302240741,40.6148128405642],[-73.8958625362659,40.614526378459],[-73.89427722086,40.6138908841427],[-73.8925006687021,40.6138005521173],[-73.8913416903208,40.6132644472717],[-73.8909555513,40.6128422876187],[-73.891415710499,40.6121336883484],[-73.8939338065903,40.611544837169],[-73.8939652571268,40.6112224634643],[-73.8935507949027,40.6110091384925],[-73.8918952967412,40.6115429107608],[-73.8909984981916,40.6120606930647],[-73.8910793519856,40.6122851020563],[-73.8897930365128,40.6116941562936],[-73.8897484130117,40.6110831222645],[-73.8905896336751,40.610082266743],[-73.8919460195542,40.6091104921838],[-73.8919834504493,40.6093932140312],[-73.8917708125376,40.6095275090835],[-73.8922687604423,40.609173513184],[-73.8923735146343,40.6087363656055],[-73.8922246099039,40.6086353267906],[-73.8924246779431,40.6085664826513],[-73.8921717651592,40.608552961276],[-73.8927308558768,40.6072354319567],[-73.8933476202529,40.6067516857583],[-73.8948630902016,40.6064130026101],[-73.8959148510685,40.605852950534],[-73.8985035180491,40.6053049292425],[-73.9001720382305,40.6056333817298],[-73.9010648168249,40.6069415272221],[-73.9002809085484,40.6100822496105],[-73.9014078692553,40.6110962839746],[-73.9013676071475,40.6117100813636],[-73.9022923169458,40.611968881969],[-73.9024953391378,40.6118232392341],[-73.9011939434477,40.6105720575479],[-73.901331035427,40.6104892825809],[-73.9026521881414,40.6117888613532],[-73.9023617302141,40.6119886524216],[-73.902719951964,40.6118342654921],[-73.9030453376027,40.612103455225],[-73.902424156451,40.612041800252],[-73.9041818358327,40.6135633294546],[-73.9041912331773,40.6135728013381]]]}},{"type":"Feature","properties":{"id":"brooklyn-canarsie-park-and-pier","name":"Canarsie Park & Pier","ntaName":"Canarsie Park & Pier","nta":"BK1893","type":"park","price":12,"blocks":3,"boro":"brooklyn","borough":"Brooklyn"},"geometry":{"type":"Polygon","coordinates":[[[-73.8790785584864,40.6383112273183],[-73.8789682631834,40.6384677904543],[-73.8786400409987,40.6383018524948],[-73.8783854264338,40.6379123547613],[-73.8785817442332,40.637527003348],[-73.877145751306,40.6359847438404],[-73.8782073077734,40.6345811891827],[-73.879989078421,40.6335231287312],[-73.88127208477,40.6323773641414],[-73.8830150252731,40.6316343943091],[-73.8836459216821,40.6309515562536],[-73.8837707323594,40.6302300058138],[-73.8834555335105,40.6299159143555],[-73.8840486659387,40.6295683628783],[-73.8826338875891,40.6282825172546],[-73.8836937192665,40.6275676178644],[-73.8851309449843,40.628835503324],[-73.8857230752864,40.628454959781],[-73.886336383451,40.6286846112632],[-73.8875281425471,40.6283400684517],[-73.8904244037254,40.62628684176],[-73.891488614005,40.6244899654899],[-73.8930069955835,40.6233647118967],[-73.8935201902714,40.6233609356308],[-73.8953375323391,40.6224788132771],[-73.901463020784,40.6252396617272],[-73.8995533385602,40.6274749731932],[-73.8927732660177,40.631816948979],[-73.89081704139,40.6308621598949],[-73.8922736397727,40.629116190715],[-73.8920952775773,40.6286659786129],[-73.8901129957639,40.6289839583813],[-73.8889051474854,40.6299241026076],[-73.8874774961686,40.6301280225205],[-73.8845331927924,40.632044751877],[-73.8828899125272,40.6334447323157],[-73.8859455823593,40.6362350572496],[-73.8807682589791,40.6395898940683],[-73.8795402828114,40.6382260860121],[-73.8791192813691,40.6382748341571],[-73.8790785584864,40.6383112273183]]]}},{"type":"Feature","properties":{"id":"brooklyn-prospect-park","name":"Prospect Park","ntaName":"Prospect Park","nta":"BK5591","type":"park","price":20,"blocks":3,"boro":"brooklyn","borough":"Brooklyn"},"geometry":{"type":"Polygon","coordinates":[[[-73.9660876575899,40.6725714910111],[-73.962572662522,40.6716304950709],[-73.9609573849711,40.6632933031032],[-73.9622511691946,40.6632069274069],[-73.9630814465341,40.662221334254],[-73.9618822944019,40.654889439142],[-73.9662146511012,40.6531976516554],[-73.9646558171786,40.6508959741649],[-73.9713977488723,40.6482660310682],[-73.9720898943108,40.6506651541549],[-73.9726901817653,40.6509753738253],[-73.9723298960188,40.6514061752911],[-73.9743684473448,40.6581961514845],[-73.9795801363255,40.6608614899641],[-73.9800025752856,40.6607658113166],[-73.9802285983357,40.6610562229511],[-73.9793520356835,40.6616030688963],[-73.971817380682,40.6706377253055],[-73.9704087793021,40.6726554697062],[-73.9686675460924,40.6729571812151],[-73.9664336374096,40.6726559184061],[-73.9660876575899,40.6725714910111]]]}},{"type":"Feature","properties":{"id":"brooklyn-barren-island","name":"Barren Island","ntaName":"Barren Island-Floyd Bennett Field","nta":"BK5691","type":"park","price":12,"blocks":3,"boro":"brooklyn","borough":"Brooklyn"},"geometry":{"type":"Polygon","coordinates":[[[-73.8876953593554,40.5780714735936],[-73.8892447981054,40.5797757540078],[-73.8976744486615,40.5871222329664],[-73.9185290215283,40.6061216056647],[-73.9179512189072,40.6062174909034],[-73.9144295471902,40.6028721575897],[-73.9138957603812,40.6027118157822],[-73.9136885974298,40.6028586590622],[-73.9138566562952,40.6026984890164],[-73.913642168969,40.6025324196914],[-73.9133284155391,40.602772016317],[-73.9134721387532,40.6029199292617],[-73.9132979225047,40.6027738522219],[-73.9136623056873,40.6024771480029],[-73.9134996763773,40.6023752130237],[-73.9130186438685,40.6027624867711],[-73.9134765276732,40.6023575343344],[-73.9132999578676,40.6022585891911],[-73.9127400806407,40.6027169150712],[-73.9127253982209,40.6024615009512],[-73.9130983251718,40.6022226908656],[-73.9115856878475,40.6021437263852],[-73.9125431137579,40.6023726779494],[-73.9116533039503,40.6022864958524],[-73.9115455234487,40.6024475611474],[-73.9126123987312,40.6025402446184],[-73.9125743160394,40.6026915370851],[-73.9108667772625,40.6024987213656],[-73.9108782451815,40.6023505928843],[-73.9115209835525,40.6024051066053],[-73.9115437552972,40.6022327787869],[-73.910941407806,40.6021367122259],[-73.9115567030135,40.6021637027171],[-73.910759719807,40.6020357394759],[-73.9107526510876,40.6024455379332],[-73.9090383061361,40.6026855813978],[-73.9090198964865,40.6025330658175],[-73.9107129559216,40.6024277312469],[-73.9107077418726,40.6021527532801],[-73.9094107539674,40.6021990038243],[-73.9107326414663,40.6020296140173],[-73.9098484399884,40.602047847616],[-73.9090422429843,40.6016334438566],[-73.9078442013774,40.6022779794135],[-73.9043010760955,40.6026790106623],[-73.903729154104,40.6024233231827],[-73.9019300914195,40.6031909606506],[-73.9004209980843,40.6032506376625],[-73.8993276148991,40.6035589849627],[-73.8983318540134,40.6032160077256],[-73.895624220499,40.6030171508028],[-73.8949751612895,40.6032230721459],[-73.8940648267672,40.6030943944438],[-73.8935172084463,40.603394696854],[-73.8924141307883,40.6033071924912],[-73.8913579997737,40.6035261221881],[-73.8909800795494,40.6039248022225],[-73.8891009031975,40.604518355685],[-73.8889225068298,40.6047877582111],[-73.8877323012125,40.6052765105099],[-73.8848027661304,40.6051478289638],[-73.8839657517989,40.6055573800421],[-73.8827191746017,40.6041870765689],[-73.8833610066321,40.6028684143814],[-73.8818075853324,40.5993735160861],[-73.8816740405449,40.5979182231877],[-73.8808427488273,40.5963407064677],[-73.8807928864384,40.5947569888269],[-73.8799085334607,40.5920562314245],[-73.8794175724885,40.5921402429337],[-73.8799004293858,40.5920288759491],[-73.8797163230503,40.5914071288101],[-73.8793586926815,40.5908519721819],[-73.8789703048889,40.5909050100259],[-73.8789255197868,40.5907210176578],[-73.8792946643651,40.5906696682188],[-73.8789697130325,40.5899091717608],[-73.879140411419,40.5893814368333],[-73.8788287421941,40.5881516267329],[-73.8781650230916,40.5868181835941],[-73.8767181242433,40.5849226660108],[-73.879703716732,40.5801433354641],[-73.8817443009335,40.5795999353528],[-73.8817481705268,40.5791670417153],[-73.8820709828225,40.5790822131715],[-73.8830680625881,40.5790493857875],[-73.8839071812707,40.5786374468703],[-73.8861395080265,40.5781426333137],[-73.8876528945207,40.5780829760418],[-73.8876953593554,40.5780714735936]]]}},{"type":"Feature","properties":{"id":"brooklyn-jamaica-bay-west","name":"Jamaica Bay (West)","ntaName":"Jamaica Bay (West)","nta":"BK5692","type":"park","price":12,"blocks":3,"boro":"brooklyn","borough":"Brooklyn"},"geometry":{"type":"MultiPolygon","coordinates":[[[[-73.8632761063524,40.5838850849595],[-73.8638137898977,40.5836122404045],[-73.8644938492326,40.5836231735612],[-73.867729365715,40.5816716448136],[-73.8689643191663,40.5817020297944],[-73.8692589776599,40.5819178764161],[-73.8705073759994,40.5833501882972],[-73.8706163754873,40.5849235873459],[-73.8711606242562,40.5868821240865],[-73.8698149621762,40.589469164016],[-73.8684981132132,40.590098087419],[-73.8663519180609,40.5919009139001],[-73.8643096626365,40.5914229815636],[-73.8632741305613,40.5909163132248],[-73.861254388185,40.5879963225946],[-73.8616758727976,40.5861530316696],[-73.8631770281069,40.5840730767688],[-73.8632761063524,40.5838850849595]]],[[[-73.8695284739429,40.5987219893613],[-73.8696721053609,40.596696801709],[-73.8702103962971,40.5969624710606],[-73.8695284739429,40.5987219893613]]],[[[-73.8701963124923,40.5990046445985],[-73.8710828171262,40.5989093864042],[-73.8704955172159,40.6026126858618],[-73.8702642038682,40.6016894606971],[-73.8701963124923,40.5990046445985]]],[[[-73.8524347500117,40.5973416368296],[-73.8546600235724,40.5965866277269],[-73.8549278779613,40.5963099019548],[-73.8567350371076,40.5960840033111],[-73.8604456000248,40.5964801440396],[-73.8605511744817,40.5970712589997],[-73.8627496032452,40.599079444],[-73.863288027651,40.5998182809744],[-73.8633613880285,40.6003304419234],[-73.8618732939878,40.602172565887],[-73.8611295380313,40.6025585704669],[-73.859060537553,40.6020696701633],[-73.8548273514813,40.6018754360274],[-73.8542752670766,40.6014386768163],[-73.8537222958925,40.6014089045363],[-73.8527697737966,40.6009570941391],[-73.8507688713902,40.5988476831367],[-73.8515326199606,40.5984421758745],[-73.8520062107372,40.5977566775639],[-73.8524347500117,40.5973416368296]]],[[[-73.8670304493358,40.6037516290856],[-73.8676833393007,40.6030790064753],[-73.8683094824922,40.6031473999468],[-73.8679364503201,40.6039693746872],[-73.8670274698099,40.6041798243892],[-73.8670304493358,40.6037516290856]]],[[[-73.8467379045457,40.6048612558671],[-73.8464098973084,40.6044928146102],[-73.8460819811144,40.6045528352768],[-73.8464150718653,40.604195656892],[-73.846071384332,40.6043205382665],[-73.8457846160255,40.6048298555121],[-73.8448943717331,40.6047245534448],[-73.8455723905514,40.6045524119578],[-73.8451876332137,40.6044775345194],[-73.845176457082,40.6047073582635],[-73.8444562899891,40.6046955697049],[-73.844964343628,40.6043839465096],[-73.8449233808642,40.6036903188514],[-73.8455030352068,40.6038614506456],[-73.8451556423206,40.6037393044015],[-73.8456244290255,40.603527671727],[-73.8461976305096,40.6041895649466],[-73.8466677123639,40.6041861361882],[-73.8463833603565,40.6044182995527],[-73.8466472742063,40.6045890031068],[-73.8474546725617,40.6044643428809],[-73.8478638755543,40.6047109469834],[-73.8477659462658,40.6049158619853],[-73.8467378710654,40.6048758406993],[-73.8467379045457,40.6048612558671]]],[[[-73.8482812178844,40.6054414953016],[-73.8479541630481,40.6053632398848],[-73.847838213483,40.6050932112988],[-73.8482500755019,40.6051505887548],[-73.8482908374665,40.6054427732348],[-73.8482812178844,40.6054414953016]]],[[[-73.8484048037471,40.6059290702076],[-73.8482624907432,40.6057875939145],[-73.8487210360924,40.6058985187745],[-73.8483992910231,40.6059335790606],[-73.8484048037471,40.6059290702076]]],[[[-73.8344640424263,40.60720077571],[-73.835737261989,40.605801430208],[-73.8353275135211,40.6068606042172],[-73.8343752523228,40.6078597561744],[-73.8344640424263,40.60720077571]]],[[[-73.8670253922045,40.6080764198731],[-73.868744573488,40.6070434197073],[-73.8686860863119,40.6082493987458],[-73.8677764138451,40.6085477292628],[-73.8670253922045,40.6080764198731]]],[[[-73.869665827672,40.6065483637206],[-73.8710947065927,40.604702413671],[-73.8710579652266,40.6062933290304],[-73.8724571979446,40.608193771255],[-73.8730026270759,40.6105636995694],[-73.871802228435,40.6102886541203],[-73.8710400998326,40.6097318234778],[-73.8707614837903,40.6087136417424],[-73.869665827672,40.6065483637206]]],[[[-73.8504776428307,40.6123504608927],[-73.8496728432329,40.6121182218105],[-73.8498627859392,40.6119678918607],[-73.8495517734617,40.611465047561],[-73.8498582733496,40.6110210466399],[-73.8496060940702,40.6108921925501],[-73.8496840282138,40.610405578118],[-73.8494975758533,40.6103376499381],[-73.8500946897978,40.6101703611429],[-73.8494228808399,40.609830301983],[-73.8498701511358,40.6098314786898],[-73.8499331289856,40.6094367797913],[-73.8503938803688,40.6096550512153],[-73.8513491437994,40.6092750290102],[-73.8517000773058,40.6086197665485],[-73.852079536735,40.6086973186658],[-73.8529539361934,40.6079710702139],[-73.8533689393752,40.6080189192746],[-73.8532436035015,40.6077388974727],[-73.8534525114382,40.6079297948363],[-73.8544601776182,40.6079040351889],[-73.853627799603,40.6072729506667],[-73.8544209636363,40.6071766150741],[-73.8547768261708,40.6074988392437],[-73.8550678201365,40.6074681096812],[-73.854641561501,40.6077028186269],[-73.8548066047524,40.607793661269],[-73.854804841426,40.6086044511871],[-73.855550917817,40.6089907546853],[-73.85523513031,40.6092702317954],[-73.8552500822585,40.6095515073214],[-73.8559481780913,40.6095456069988],[-73.8558917927972,40.6099182870195],[-73.8562034829229,40.6100759608804],[-73.8563344724676,40.6106593941506],[-73.8566013881936,40.6108427145631],[-73.8561882451387,40.6110537762089],[-73.8553623598213,40.6104222938987],[-73.8554183437082,40.6101235816875],[-73.8532247734778,40.6101462854602],[-73.8527052553115,40.6104262436101],[-73.8519652046857,40.6102518999228],[-73.8519934503926,40.6105652605985],[-73.852654688764,40.6111821109199],[-73.8524536281154,40.6109491408245],[-73.8517241438346,40.6109580889601],[-73.8519660871225,40.6112048009389],[-73.8517417284261,40.61157715528],[-73.8514219399785,40.6117828359923],[-73.8510583816126,40.6114781671137],[-73.8509594837858,40.6119723610481],[-73.8506949934305,40.6119917905793],[-73.8504956188962,40.6123444003435],[-73.8504776428307,40.6123504608927]]],[[[-73.8447363174197,40.6139774149518],[-73.8435714154672,40.6136797491632],[-73.8436878927466,40.6133736821785],[-73.8434326877939,40.6129798163413],[-73.8426432395701,40.6131812091731],[-73.8418379683518,40.6126963962956],[-73.8415108360055,40.6123274031544],[-73.8415792897924,40.6118339695798],[-73.8407095424103,40.611642280881],[-73.8406760781569,40.6114545646283],[-73.8403424459102,40.6120501794146],[-73.839803411218,40.6123699012158],[-73.839113500687,40.6124746932482],[-73.838715141992,40.6120030408576],[-73.838797311662,40.6128043369029],[-73.8381784487851,40.6130886872339],[-73.8373838262531,40.6130170621003],[-73.8362375998937,40.6122783496386],[-73.8369721394114,40.61111928517],[-73.8375236277174,40.6108668929924],[-73.8374622596033,40.6101649736804],[-73.8378116160867,40.6100583580486],[-73.8381198925082,40.6094897052425],[-73.8385199671928,40.609243503945],[-73.8388721929131,40.6079140398347],[-73.8391024844482,40.6083213620238],[-73.839603475453,40.6080720932017],[-73.8397795605473,40.6082902600089],[-73.840044586938,40.6082425583078],[-73.8400975095689,40.6089701042879],[-73.8404979578549,40.6085636611362],[-73.8404355725206,40.608275148676],[-73.8393606674308,40.6076230936083],[-73.8399958039246,40.607543861772],[-73.8405143851247,40.6069677334042],[-73.8410145899125,40.6070421351263],[-73.8413641653662,40.606802263965],[-73.8412687420793,40.606260533168],[-73.840970611108,40.606087066572],[-73.8404626244483,40.6062199588291],[-73.8404211042132,40.6057791526137],[-73.8405993723172,40.6054116577312],[-73.8407531305706,40.6056511741719],[-73.8412298392932,40.6055361299275],[-73.841056794477,40.6052196917554],[-73.8413430032553,40.6051004436502],[-73.8411309179461,40.6046984919951],[-73.8414901779414,40.6045067046447],[-73.8418594958838,40.6048020483924],[-73.8429597003289,40.6042224338077],[-73.8432675542269,40.6044322293542],[-73.8435652874918,40.6041762577424],[-73.844428683691,40.604164610715],[-73.8444953922154,40.6043680824205],[-73.8436207218986,40.6044053525171],[-73.8433929976285,40.6046902625489],[-73.8427077244469,40.6046476667437],[-73.8426688479496,40.6050866592476],[-73.8424381374126,40.6048523989117],[-73.8419375680929,40.6049382392942],[-73.8424328886237,40.6052946432877],[-73.8429674085095,40.6050774535652],[-73.8428252526515,40.6047343543258],[-73.8431865966587,40.6048470135061],[-73.8433497927008,40.6051837319454],[-73.8433838733555,40.6049946990868],[-73.8438243381402,40.6054375499995],[-73.8435668635755,40.6058570184478],[-73.8439019224999,40.6064247091363],[-73.8439407766873,40.6059921252781],[-73.8437098871944,40.6058315751211],[-73.844055564572,40.6054538878751],[-73.8436484961946,40.6051136348961],[-73.8436073936506,40.6047097833599],[-73.8440702444699,40.6045694046729],[-73.8446073447863,40.6050444305918],[-73.8446930660706,40.6061533797888],[-73.8443322217408,40.6058228057037],[-73.8441133923305,40.6058994219136],[-73.8445784698152,40.6066115002901],[-73.8446253571112,40.6063391625922],[-73.8452982784564,40.6062759755532],[-73.8452989764825,40.6059747334355],[-73.8450511380376,40.6058686430237],[-73.8453962811234,40.6057184862721],[-73.8450519115521,40.6055353531701],[-73.8453087233059,40.6053978965122],[-73.8449852236106,40.6052820910042],[-73.8449404507306,40.6050407749869],[-73.8458164548314,40.6051690398433],[-73.8462716639572,40.6047199237141],[-73.8467474878266,40.6051130189632],[-73.8474688199637,40.6050907179997],[-73.8472740493836,40.6058309434784],[-73.8466729910125,40.6060461715582],[-73.8468329433154,40.6058064016713],[-73.8465859068214,40.6058390115382],[-73.8466133694413,40.6061008474244],[-73.8459113120224,40.6063005377421],[-73.8462506120197,40.6064194865756],[-73.8461790819566,40.606770596737],[-73.8466354184564,40.6067643616711],[-73.8463546623149,40.6070582984057],[-73.8465328815245,40.6071753208565],[-73.8464040379601,40.6073098985373],[-73.8466346664398,40.6066030886632],[-73.8468442817105,40.6067359801226],[-73.8468923430234,40.6065824707241],[-73.8462257710884,40.6067261706624],[-73.8464458080047,40.6062315255506],[-73.8476627730467,40.6059274083109],[-73.8488456462353,40.6063764625306],[-73.8496481757782,40.606058444458],[-73.8496237299036,40.606673567986],[-73.8487583839276,40.6065264181309],[-73.8485075246886,40.6068505660802],[-73.8480625252634,40.6067377626931],[-73.8482359884784,40.6070990629408],[-73.847547250847,40.6069879508427],[-73.8469819149798,40.6075212350514],[-73.8468258361521,40.6080714313969],[-73.846205497892,40.6079278998307],[-73.8455990533637,40.6083308813452],[-73.8448637284366,40.6080959461145],[-73.845501901438,40.6085198291303],[-73.8462803613231,40.6082869286784],[-73.8458296464015,40.6086260248341],[-73.8459553152761,40.6088345005195],[-73.8455546613461,40.6093435139154],[-73.8457429694634,40.6097411513748],[-73.8453896256813,40.6097919515085],[-73.8456793825009,40.6099621912361],[-73.8454224574867,40.6101413103231],[-73.8457371571699,40.6104365679138],[-73.8455310046556,40.6104811560088],[-73.8457531915854,40.6107762891811],[-73.8455260502825,40.6108048269966],[-73.8457348170744,40.6114492558652],[-73.8448568918598,40.611037869902],[-73.8452595147728,40.6114998918603],[-73.8450767373553,40.6123424863588],[-73.8457104726942,40.6128849365215],[-73.845258103683,40.6132780954842],[-73.8456456570047,40.6137004375601],[-73.8447509467628,40.6139804766762],[-73.8447363174197,40.6139774149518]]],[[[-73.8337029093203,40.6209868467532],[-73.8340202684618,40.614389409639],[-73.8354242749754,40.6146186977715],[-73.8358571143362,40.6152172421059],[-73.8366376514708,40.6151537703248],[-73.8377684102081,40.6155304745169],[-73.8369112803943,40.6161591925105],[-73.8364416853207,40.6161786456942],[-73.835275170842,40.6172554656239],[-73.8349636144799,40.6177885531009],[-73.8351703112346,40.6180452680144],[-73.8349621862092,40.6185411743535],[-73.8353578965133,40.6187213338437],[-73.8357087202159,40.6197374114726],[-73.8352307670569,40.6199664389414],[-73.8349595388711,40.6198475321449],[-73.8351340909664,40.6195214927751],[-73.8348906146107,40.6196151011336],[-73.8347979097615,40.6199327154258],[-73.8353134070897,40.620153614733],[-73.8349057555917,40.6204776232553],[-73.8345474462976,40.6203818022657],[-73.8347245976454,40.6202282983238],[-73.8343919742671,40.6198618456012],[-73.8338021435454,40.6196538643642],[-73.8340730250942,40.6200342067151],[-73.8342317759894,40.6199035502324],[-73.8344746920502,40.6201300916272],[-73.8342007021869,40.6203292029924],[-73.8342816059468,40.6206558994232],[-73.8337373213702,40.6209067203367],[-73.8337029093203,40.6209868467532]]],[[[-73.8347817118717,40.6226337388829],[-73.834140041473,40.622360425935],[-73.8336238075121,40.6226108842193],[-73.8336835368986,40.6213895511416],[-73.8340088131929,40.6210430816],[-73.8349885489111,40.6210195439825],[-73.8347524382899,40.6212700506776],[-73.8348619927382,40.6215344501006],[-73.8346456360742,40.6220050608239],[-73.8349935917283,40.622701391423],[-73.8347817118717,40.6226337388829]]],[[[-73.8502323012038,40.6233290679746],[-73.8493962484016,40.6224881321609],[-73.8484651076345,40.6223739471449],[-73.8490821986663,40.6216969901695],[-73.8490246552534,40.6214906365846],[-73.8498243191721,40.6213075083418],[-73.8502584573604,40.6210072526162],[-73.8501911488107,40.6208426341778],[-73.8504907353704,40.6209007332277],[-73.8508524730345,40.6202554010397],[-73.8534684812497,40.6202059253074],[-73.8540235119207,40.6198763425113],[-73.8549158421352,40.6200420028797],[-73.855457770059,40.6198057114058],[-73.8561441353075,40.6198397241543],[-73.8565529514466,40.6195755653219],[-73.8567648856716,40.6204139020261],[-73.8574031036654,40.6203119179868],[-73.8573757829079,40.6206552800651],[-73.8570020090945,40.6207561127354],[-73.8570609148695,40.6210301021939],[-73.8566058307678,40.6211511230046],[-73.8567477036247,40.6213075178825],[-73.8565695563268,40.6214869921641],[-73.8563516380467,40.6214244129806],[-73.8559642551785,40.6218052731083],[-73.8553312108853,40.6216964291391],[-73.8551727039841,40.6219675819656],[-73.8549703478941,40.6216542271796],[-73.8546449591591,40.6216022469542],[-73.854512952702,40.6208039826586],[-73.8535903651529,40.6204700667803],[-73.8518546907298,40.6205734374882],[-73.851404587933,40.62081105812],[-73.8512943226646,40.6218447586985],[-73.8523617763046,40.6229831142648],[-73.8518996975963,40.6228020283825],[-73.851684017686,40.6234144427405],[-73.8508995423244,40.6232820491244],[-73.85024943441,40.6235930755046],[-73.850238641177,40.6233757340604],[-73.8502323012038,40.6233290679746]]],[[[-73.8335768932014,40.6236061623414],[-73.8335947797798,40.6236032237141],[-73.8336188549249,40.6236025255338],[-73.8336313311302,40.6236194184691],[-73.833634170222,40.6236392322586],[-73.8336359777512,40.6236490064375],[-73.8336379707011,40.623659782265],[-73.8336562311768,40.6236737487665],[-73.8336715986373,40.6236748354175],[-73.8336880035912,40.6236759965095],[-73.8337004950988,40.6236862859321],[-73.8337089631957,40.6237019303406],[-73.8337090769599,40.6237207829313],[-73.8336920456326,40.6237295717033],[-73.8336637748289,40.6237383262013],[-73.8336387034988,40.6237522300038],[-73.8336386321747,40.6237808457849],[-73.833631821331,40.6238087160871],[-73.8336077168443,40.6238211543318],[-73.8336223151454,40.6238434948943],[-73.8336307001854,40.6238725470586],[-73.8336364307765,40.623891632007],[-73.8336517669084,40.6239195352564],[-73.8336536293489,40.6239452181337],[-73.8336372135952,40.6239635371107],[-73.8336035157844,40.6239612865673],[-73.8335785077357,40.6239502459919],[-73.8335606255399,40.6239442802626],[-73.8335768932014,40.6236061623414]]],[[[-73.8621254127451,40.6239986161664],[-73.8622356685992,40.62382383827],[-73.8624918802357,40.6239246260771],[-73.8627126777101,40.623433654634],[-73.8630401649858,40.6233112357289],[-73.8635088246834,40.6234178556016],[-73.8637787881813,40.6239596511893],[-73.8634345661996,40.6239052808746],[-73.8634363797592,40.624212305875],[-73.8631511727724,40.6239589058337],[-73.8626505301827,40.6239657516234],[-73.8621393864671,40.6243279842003],[-73.8619709769714,40.6242812639023],[-73.8620764989836,40.624033911965],[-73.8621254127451,40.6239986161664]]],[[[-73.8458959763618,40.6249800601721],[-73.8447668454485,40.6248628151128],[-73.844779964912,40.6242456243164],[-73.8438373785657,40.6243007268057],[-73.8438930238669,40.6238200912972],[-73.8432235549342,40.6236619113985],[-73.8429400390327,40.6233321486908],[-73.8433410553121,40.6233772059264],[-73.8442846258481,40.6229632185117],[-73.8453684319826,40.6230568101492],[-73.845100727211,40.6234313171536],[-73.84554116877,40.6240831634126],[-73.8452117888722,40.6240827204177],[-73.8452069708889,40.624362276371],[-73.8458026367805,40.624604518384],[-73.8459082320874,40.6250329894444],[-73.8458959763618,40.6249800601721]]],[[[-73.8577758062261,40.6248317786856],[-73.8578427351882,40.6251991580027],[-73.857656483001,40.6253178044741],[-73.8573304908127,40.6251252246468],[-73.8576748672127,40.624853966891],[-73.8577758062261,40.6248317786856]]],[[[-73.8404861174062,40.6275035342538],[-73.8397330039433,40.6273330096821],[-73.8397751611229,40.6275057884509],[-73.8394683991192,40.6273020858372],[-73.8396533263301,40.6269832738313],[-73.8401482271139,40.6267994398283],[-73.8407226120285,40.6258729897947],[-73.8408452912698,40.6261461401869],[-73.8416881133594,40.6264047755284],[-73.8417920561914,40.6265974996297],[-73.8415086215372,40.6267896884749],[-73.8423831776181,40.6274490314177],[-73.8404478471948,40.6265944704778],[-73.8401467608883,40.6269946330242],[-73.8406704339494,40.6274218892057],[-73.8404932517103,40.6275133616362],[-73.8404861174062,40.6275035342538]]],[[[-73.8687305519825,40.6173650271209],[-73.8739544621444,40.6158476580168],[-73.877982110815,40.6158065345921],[-73.8786232893203,40.6159436208384],[-73.8795171753406,40.6165697619843],[-73.8797252986119,40.616967834953],[-73.8797819578797,40.618638885147],[-73.8793769661322,40.6198661275393],[-73.8777923907841,40.6216604845613],[-73.8766276993515,40.6222389719058],[-73.8748152693965,40.6235954327749],[-73.8664562385366,40.6282636316832],[-73.865189261134,40.6276710547572],[-73.8647290579661,40.6265337865324],[-73.8649833332818,40.6256689502745],[-73.8655372886234,40.6252502321752],[-73.8658672200173,40.6243980716104],[-73.866510002115,40.6237622520497],[-73.8663772348472,40.62301185636],[-73.8652307593923,40.6218965253321],[-73.8649339584555,40.6211232017282],[-73.8650096994837,40.6205549264678],[-73.8654199570731,40.6198442709061],[-73.8653401647747,40.6194299527817],[-73.8657597109711,40.6185096923533],[-73.8668500725956,40.6178175568156],[-73.8682083363045,40.6174212669506],[-73.8687305519825,40.6173650271209]]],[[[-73.8481411631066,40.6285509501813],[-73.8484082600623,40.6285772232537],[-73.8484698757239,40.6288013865578],[-73.8481273292708,40.6288486910311],[-73.8480548982107,40.6286818332237],[-73.8481411631066,40.6285509501813]]],[[[-73.848521328895,40.6305692699474],[-73.8486857713235,40.6304672863495],[-73.8485416742849,40.6305724683846],[-73.848521328895,40.6305692699474]]],[[[-73.8530015412252,40.6320310877139],[-73.8525679213368,40.6312522970553],[-73.8516687934375,40.6308787527459],[-73.8518811870647,40.6305165650891],[-73.8524680448272,40.6303507520471],[-73.8536636997163,40.630884329358],[-73.8550940912096,40.6301183964834],[-73.8567981604573,40.6298497187393],[-73.8577613634035,40.6299496438602],[-73.8585597593272,40.630466533567],[-73.8580976454197,40.6312581523002],[-73.858165063529,40.631982105545],[-73.8575862636914,40.6327244213989],[-73.855356112904,40.6328205048331],[-73.8549688191969,40.6334248003188],[-73.8543475669039,40.6337308773347],[-73.8532795817538,40.6338600896187],[-73.8524138687417,40.6336517440012],[-73.8523147478555,40.6332284999122],[-73.8528872738976,40.632186457902],[-73.8530015412252,40.6320310877139]]],[[[-73.8463859819726,40.6352940143124],[-73.8466257958963,40.6352024759373],[-73.8467641153744,40.6343697346338],[-73.847600846006,40.6334955351793],[-73.8478279275371,40.6327879825055],[-73.8491383180815,40.6321176352941],[-73.8500513963136,40.6321818895467],[-73.8498832706226,40.6341048302774],[-73.8488567008933,40.6354436824884],[-73.8482812292538,40.6374798081229],[-73.8476469517087,40.638287939287],[-73.8466805417565,40.6387399596003],[-73.8460512141858,40.6384741776402],[-73.8454489374222,40.6373784676281],[-73.8442740458986,40.6367005934961],[-73.8449198260787,40.635759192223],[-73.8462504826287,40.6352984853042],[-73.8463859819726,40.6352940143124]]]]}},{"type":"Feature","properties":{"id":"brooklyn-shirley-chisholm-state-park","name":"Shirley Chisholm State Park","ntaName":"Shirley Chisholm State Park","nta":"BK5693","type":"park","price":12,"blocks":1,"boro":"brooklyn","borough":"Brooklyn"},"geometry":{"type":"MultiPolygon","coordinates":[[[[-73.8732717142515,40.6439114615609],[-73.8729746096601,40.6438474787729],[-73.8708464346447,40.6405648672065],[-73.870086842348,40.6398524281497],[-73.8698972337966,40.6389427752835],[-73.8679984967818,40.6381235111762],[-73.8696111217507,40.637093781131],[-73.8692098610513,40.6374740562762],[-73.8695604257563,40.6379557310443],[-73.87167384443,40.6370886704879],[-73.8725547727879,40.636501611566],[-73.873480793594,40.6362937918737],[-73.8751515442374,40.6370579504771],[-73.8771156878189,40.6386497331268],[-73.87835216675,40.6388798599586],[-73.8756914513115,40.6439611889188],[-73.8738617413219,40.6463226531514],[-73.8731873347469,40.6454532608991],[-73.8734357549405,40.6447921176633],[-73.8733213326536,40.6440170723927],[-73.8732717142515,40.6439114615609]]],[[[-73.8583774506905,40.6472826644394],[-73.8571711792697,40.6436868073274],[-73.8589423733001,40.6432252844437],[-73.86201440875,40.6428952879854],[-73.8628960312157,40.6425589276777],[-73.8653131363086,40.640759439022],[-73.8667055191904,40.6400300113856],[-73.866286166703,40.6394811305057],[-73.8668166811561,40.6399717738964],[-73.8673243098535,40.6398802312205],[-73.8686742294909,40.640933326599],[-73.8699137943023,40.6432864502374],[-73.8700184840305,40.6440796199631],[-73.8706163252657,40.6448649894751],[-73.8711931303759,40.6453136038196],[-73.8725718324654,40.6455838600301],[-73.8734264910933,40.6467894785641],[-73.8700983960056,40.6493042352642],[-73.8605421752502,40.6546322477272],[-73.8572247057542,40.6502869203871],[-73.8575540775919,40.6499408253383],[-73.85783609185,40.6483105865607],[-73.8583774506905,40.6472826644394]]]]}},{"type":"Feature","properties":{"id":"bronx-mott-haven","name":"Mott Haven","ntaName":"Mott Haven-Port Morris","nta":"BX0101","type":"neighborhood","price":12,"blocks":172,"boro":"bronx","borough":"Bronx"},"geometry":{"type":"Polygon","coordinates":[[[-73.9248109669682,40.8156673001081],[-73.9240009403544,40.8154471923199],[-73.9230944259748,40.8167060077843],[-73.9212466235583,40.8162276769147],[-73.9215853485461,40.8155589115408],[-73.9204826001208,40.8145719661898],[-73.9176464546717,40.8160741977299],[-73.9109492128632,40.813629201212],[-73.904466935457,40.8122902398506],[-73.9034186247053,40.8115151621757],[-73.9021932778369,40.8048315392043],[-73.9022937401141,40.804573054646],[-73.904530961777,40.8031785133025],[-73.9074717265992,40.8000117348436],[-73.9085516886368,40.7993157021432],[-73.9083044571947,40.7989674126148],[-73.9116897344679,40.7966320460076],[-73.9137239814615,40.7967977150892],[-73.9190332449451,40.7989932230702],[-73.9202421065672,40.7996219642745],[-73.9213287338746,40.8012928683248],[-73.9229285266648,40.8023815714927],[-73.924228495507,40.8025532881964],[-73.9266593757512,40.8024180806413],[-73.9276293139006,40.8027039427322],[-73.9272841473488,40.8035165413365],[-73.9276464315833,40.8039969103494],[-73.9283419903721,40.8042481678096],[-73.9287275035303,40.8041119022128],[-73.9305190177489,40.8065988409759],[-73.9318885301911,40.8079023020128],[-73.9325285179966,40.8088315595506],[-73.9325957767052,40.8100618358854],[-73.9328654011561,40.8101327159089],[-73.9328755503643,40.8104223215031],[-73.932566463074,40.8108942538694],[-73.9324245070387,40.8141599939968],[-73.9302795563159,40.8132563043748],[-73.928857849853,40.8148881465691],[-73.9273179597226,40.8185679146888],[-73.925186292756,40.8180209492068],[-73.9266286105855,40.8161272390854],[-73.9250566266779,40.8157298557165],[-73.9248109669682,40.8156673001081]]]}},{"type":"Feature","properties":{"id":"bronx-melrose","name":"Melrose","ntaName":"Melrose","nta":"BX0102","type":"neighborhood","price":8,"blocks":104,"boro":"bronx","borough":"Bronx"},"geometry":{"type":"Polygon","coordinates":[[[-73.9012941962202,40.8204837237617],[-73.904466935457,40.8122902398506],[-73.9109492128632,40.813629201212],[-73.9176464546717,40.8160741977299],[-73.9204826001208,40.8145719661898],[-73.9215853485461,40.8155589115408],[-73.9212466235583,40.8162276769147],[-73.9230944259748,40.8167060077843],[-73.9240009403544,40.8154471923199],[-73.9266286105855,40.8161272390854],[-73.925186292756,40.8180209492068],[-73.922654039416,40.8205025956841],[-73.9167754312296,40.8243953687437],[-73.9158787836789,40.8241120138788],[-73.9162173111869,40.8234762114357],[-73.9118175816471,40.8220433034968],[-73.909910364879,40.8225593893694],[-73.9026696130422,40.8208114410508],[-73.9012941962202,40.8204837237617]]]}},{"type":"Feature","properties":{"id":"bronx-hunts-point","name":"Hunts Point","ntaName":"Hunts Point","nta":"BX0201","type":"neighborhood","price":8,"blocks":122,"boro":"bronx","borough":"Bronx"},"geometry":{"type":"Polygon","coordinates":[[[-73.8809817101165,40.8182439045487],[-73.8780642448633,40.8161909135652],[-73.8766360129361,40.8157197891798],[-73.8767332683796,40.8153947769977],[-73.8723957908342,40.8139826169976],[-73.8709589481038,40.8121544611914],[-73.8705694797522,40.8120955982057],[-73.8705548329959,40.8112516606399],[-73.8681136014246,40.8067601124581],[-73.8684648796784,40.8059448283935],[-73.8717465046124,40.8015556445972],[-73.8735523771352,40.800861581054],[-73.8746785749203,40.800987700629],[-73.8747320163387,40.8012649164509],[-73.8752665823659,40.8014064308772],[-73.8758592973381,40.8014642659051],[-73.8759313929038,40.8010925008327],[-73.8781436011085,40.8013275690217],[-73.877970216633,40.801719392921],[-73.8782360622382,40.8026550842374],[-73.879214897419,40.8028036058016],[-73.8836968389653,40.8021704022888],[-73.8839660400128,40.801973426495],[-73.8837246813915,40.8018711220648],[-73.8850531385414,40.8021391849278],[-73.887272389467,40.803955280744],[-73.887248800587,40.8041944185692],[-73.8879603885196,40.8050062045095],[-73.8885935935353,40.8047975531211],[-73.8890658368958,40.8050301914594],[-73.8893678205238,40.8053890589126],[-73.8892255776478,40.8058536304049],[-73.889997398634,40.8048945652484],[-73.8901489794189,40.804968887789],[-73.889375809327,40.8059335518359],[-73.8900607439213,40.8057126028322],[-73.8915004547731,40.8059395163854],[-73.8914424602095,40.8056701771616],[-73.8917875989009,40.8056311706633],[-73.8919807129957,40.8063929876956],[-73.8927082285488,40.8063522267788],[-73.8925331885187,40.8056648301253],[-73.8922745761411,40.8057107117004],[-73.8921650631229,40.8053108710667],[-73.8912685235711,40.805018767397],[-73.8917338274498,40.8050576413845],[-73.8921988143718,40.8052929664159],[-73.8923016209877,40.8056688842367],[-73.8925680945168,40.805628989056],[-73.8927495582708,40.8063485399858],[-73.8946339420052,40.8062406105188],[-73.8947274376079,40.8060345251366],[-73.894855023922,40.8062231872468],[-73.8948443783664,40.8057322760046],[-73.8950997835558,40.8068719178774],[-73.895507758482,40.8066035839407],[-73.8952810474127,40.8057744630533],[-73.8955925097409,40.8065896219789],[-73.8956716702172,40.8062984095311],[-73.8959793658196,40.8065258949475],[-73.89587623486,40.8058167900527],[-73.8961096641621,40.8065044295478],[-73.8962318263746,40.8062187509412],[-73.8972615693164,40.8060492383145],[-73.8974982389503,40.8062226786954],[-73.8974161463456,40.8058083378928],[-73.8976396068674,40.8062095993242],[-73.8977296919805,40.8059757730763],[-73.898014827875,40.8061748823241],[-73.8978726993968,40.8055432601065],[-73.8981625271459,40.8061463490572],[-73.8981233971246,40.8056659347846],[-73.8985279848602,40.8054425874022],[-73.9009744092598,40.8048843760005],[-73.9020509412479,40.8047924191596],[-73.9022242678432,40.8049563919393],[-73.9030908867283,40.8098646787116],[-73.8975926568151,40.8137851533168],[-73.8954300070568,40.8158529533794],[-73.8970460858066,40.8168101402648],[-73.8928379489471,40.8209823356552],[-73.8916200052017,40.8210211308224],[-73.890825196766,40.8203147639185],[-73.8875659164265,40.8225221511599],[-73.8843864557404,40.8229596517219],[-73.882449210245,40.8192766045861],[-73.8809817101165,40.8182439045487]]]}},{"type":"Feature","properties":{"id":"bronx-longwood","name":"Longwood","ntaName":"Longwood","nta":"BX0202","type":"neighborhood","price":8,"blocks":94,"boro":"bronx","borough":"Bronx"},"geometry":{"type":"Polygon","coordinates":[[[-73.8878888779949,40.8223712957744],[-73.890825196766,40.8203147639185],[-73.8916200052017,40.8210211308224],[-73.8928379489471,40.8209823356552],[-73.8970460858066,40.8168101402648],[-73.8954300070568,40.8158529533794],[-73.8975926568151,40.8137851533168],[-73.9030908867283,40.8098646787116],[-73.9034186247053,40.8115151621757],[-73.904466935457,40.8122902398506],[-73.9006128315209,40.822117089421],[-73.9019890071483,40.8224487046137],[-73.9005068249569,40.8260159046869],[-73.9016503769023,40.8262652606132],[-73.9009365279577,40.8279363843748],[-73.8997989881373,40.8276926369043],[-73.8954866462056,40.8282568242555],[-73.8951116276956,40.8280451822978],[-73.8948366481312,40.8262551242174],[-73.8929336788836,40.8267953192068],[-73.8878965259312,40.8267514681394],[-73.8860976580663,40.8276640609448],[-73.8868497431459,40.8239212143691],[-73.8870680198737,40.8231985591462],[-73.8875742889672,40.8226153172942],[-73.8878888779949,40.8223712957744]]]}},{"type":"Feature","properties":{"id":"bronx-north-and-south-brother-islands","name":"North & South Brother Islands","ntaName":"North & South Brother Islands","nta":"BX0291","type":"park","price":8,"blocks":3,"boro":"bronx","borough":"Bronx"},"geometry":{"type":"MultiPolygon","coordinates":[[[[-73.8968102510895,40.7958167219236],[-73.8969401485871,40.7956441500429],[-73.8979698165499,40.7956531156403],[-73.8991957623287,40.7965107323441],[-73.8978839513108,40.797124808564],[-73.8971329162718,40.7968063541949],[-73.896786681442,40.7963374422652],[-73.8968102510895,40.7958167219236]]],[[[-73.9083822235934,40.7994953218924],[-73.9079621881167,40.7992917264476],[-73.9084233297979,40.7994503700826],[-73.9083822235934,40.7994953218924]]],[[[-73.9076599512559,40.7994283742346],[-73.9081035216252,40.799547923373],[-73.9077363099793,40.7994740664088],[-73.9076599512559,40.7994283742346]]],[[[-73.9063911907025,40.8010990684943],[-73.9064531336642,40.8010451923528],[-73.9065873002607,40.8011157562471],[-73.9065218428526,40.8011837872663],[-73.9063911907025,40.8010990684943]]],[[[-73.8983317818794,40.802421098839],[-73.8964681066613,40.8007987486215],[-73.8986418059295,40.7991094415073],[-73.9002114697566,40.7992724327517],[-73.8997888081907,40.7995178305575],[-73.8997170584227,40.8008070859208],[-73.9000387775109,40.8009170201086],[-73.8994906145084,40.8009093926003],[-73.8993889055549,40.8019439429481],[-73.8983317818794,40.802421098839]]],[[[-73.904018230508,40.8034792536437],[-73.9040991712255,40.8034248759123],[-73.9041504101459,40.8034639308609],[-73.9040719730801,40.8035292553808],[-73.904018230508,40.8034792536437]]],[[[-73.9038522645373,40.8035825602089],[-73.9038737815761,40.803567022026],[-73.9039498455395,40.8036295881868],[-73.9039381643266,40.8036378540428],[-73.9039287480007,40.8036426692706],[-73.9038522645373,40.8035825602089]]],[[[-73.9036668140209,40.8037107400557],[-73.9036914005081,40.8036959825035],[-73.9037674148118,40.8037617329075],[-73.903743434468,40.8037760866577],[-73.9036668140209,40.8037107400557]]],[[[-73.9033186948613,40.803783560172],[-73.9033401917599,40.8037820221356],[-73.9033577578818,40.803869401508],[-73.9033400719819,40.8038636910221],[-73.9033186948613,40.803783560172]]],[[[-73.9029745400892,40.8039450493402],[-73.9030042519064,40.8039256298609],[-73.9030875193688,40.804005366165],[-73.9030610876397,40.8040257132366],[-73.9029745400892,40.8039450493402]]],[[[-73.9027111511942,40.8041719404927],[-73.9029061144322,40.8041473321253],[-73.9027142035662,40.8041851650998],[-73.9027111511942,40.8041719404927]]]]}},{"type":"Feature","properties":{"id":"bronx-morrisania","name":"Morrisania","ntaName":"Morrisania","nta":"BX0301","type":"neighborhood","price":8,"blocks":79,"boro":"bronx","borough":"Bronx"},"geometry":{"type":"Polygon","coordinates":[[[-73.8969673102529,40.8343504299051],[-73.8963034187988,40.8335515018743],[-73.897173629583,40.8303771161215],[-73.8966977444641,40.8304227877924],[-73.896397149505,40.8287711624607],[-73.8954866462056,40.8282568242555],[-73.8997989881373,40.8276926369043],[-73.9009365279577,40.8279363843748],[-73.9016503769023,40.8262652606132],[-73.9005068249569,40.8260159046869],[-73.9019890071483,40.8224487046137],[-73.9006128315209,40.822117089421],[-73.9012941962202,40.8204837237617],[-73.909910364879,40.8225593893694],[-73.9118175816471,40.8220433034968],[-73.9162173111869,40.8234762114357],[-73.9158787836789,40.8241120138788],[-73.9167754312296,40.8243953687437],[-73.9160892537573,40.8248461333135],[-73.9166151104419,40.8250005900019],[-73.9154125078141,40.8257821908124],[-73.9147526360811,40.8252087550341],[-73.9135133417716,40.8248132269895],[-73.9131681690913,40.8254647370182],[-73.9113111688223,40.8248568405471],[-73.9117950440674,40.8264364375456],[-73.9116957269945,40.8277669980171],[-73.9103091274327,40.8287807687023],[-73.9089613267601,40.8302345168349],[-73.9055325896827,40.8291124152763],[-73.9013424334762,40.8354496084828],[-73.8980948351216,40.8346370872727],[-73.8969673102529,40.8343504299051]]]}},{"type":"Feature","properties":{"id":"bronx-claremont-village","name":"Claremont Village","ntaName":"Claremont Village-Claremont (East)","nta":"BX0302","type":"neighborhood","price":8,"blocks":50,"boro":"bronx","borough":"Bronx"},"geometry":{"type":"Polygon","coordinates":[[[-73.9013187209458,40.8444822273735],[-73.8947916403996,40.8437286078911],[-73.8953797821063,40.8429470652055],[-73.8966630380804,40.8435328928838],[-73.9012267713775,40.8355081953249],[-73.9055325896827,40.8291124152763],[-73.9104915309984,40.8307456563673],[-73.9053850033878,40.8397772692509],[-73.9057072345343,40.8397310854523],[-73.9051610302759,40.8410199228365],[-73.9048339235918,40.8448503572457],[-73.9015833085256,40.8445126204233],[-73.9013187209458,40.8444822273735]]]}},{"type":"Feature","properties":{"id":"bronx-crotona-park-east","name":"Crotona Park East","ntaName":"Crotona Park East","nta":"BX0303","type":"neighborhood","price":8,"blocks":85,"boro":"bronx","borough":"Bronx"},"geometry":{"type":"Polygon","coordinates":[[[-73.8800532996975,40.834710343874],[-73.8839023637088,40.8298111004913],[-73.8835216030259,40.82926846598],[-73.884388469334,40.826825566513],[-73.8846147758789,40.8252847864931],[-73.8846459218189,40.8238225565873],[-73.8843864557404,40.8229596517219],[-73.8871861283244,40.8226532649366],[-73.8878888779949,40.8223712957744],[-73.8870680198737,40.8231985591462],[-73.8864556775589,40.8252945942865],[-73.8860976580663,40.8276640609448],[-73.8878965259312,40.8267514681394],[-73.8929336788836,40.8267953192068],[-73.8948366481312,40.8262551242174],[-73.8951116276956,40.8280451822978],[-73.896397149505,40.8287711624607],[-73.8966977444641,40.8304227877924],[-73.897173629583,40.8303771161215],[-73.8963034187988,40.8335515018743],[-73.8969673102529,40.8343504299051],[-73.8958324976443,40.8348868353761],[-73.8938576617502,40.836403386752],[-73.8905750517035,40.8369093327661],[-73.8887420963603,40.8379767448841],[-73.8884132894138,40.8385616766985],[-73.8872988573091,40.838143674128],[-73.8861857379631,40.8401133304879],[-73.8846503977154,40.83918291849],[-73.8841828480221,40.8393435925787],[-73.8827114639043,40.8386344080592],[-73.8828550667676,40.8385036212915],[-73.8822929257926,40.8380835559131],[-73.8820098626896,40.8374521078628],[-73.8822284029078,40.8354607423522],[-73.8803199279692,40.8348043852511],[-73.8800532996975,40.834710343874]]]}},{"type":"Feature","properties":{"id":"bronx-crotona-park","name":"Crotona Park","ntaName":"Crotona Park","nta":"BX0391","type":"park","price":8,"blocks":4,"boro":"bronx","borough":"Bronx"},"geometry":{"type":"Polygon","coordinates":[[[-73.8953797821063,40.8429470652055],[-73.8894186659836,40.83943101915],[-73.8886918260138,40.8391663117096],[-73.8881389393833,40.8398702884536],[-73.8865994404915,40.8392873361171],[-73.8872988573091,40.838143674128],[-73.8884132894138,40.8385616766985],[-73.8887420963603,40.8379767448841],[-73.8905750517035,40.8369093327661],[-73.8938576617502,40.836403386752],[-73.8958324976443,40.8348868353761],[-73.8969673102529,40.8343504299051],[-73.9012172053652,40.8354184257614],[-73.8966630380804,40.8435328928838],[-73.8956512167357,40.8430438260564],[-73.8953797821063,40.8429470652055]]]}},{"type":"Feature","properties":{"id":"bronx-concourse","name":"Concourse","ntaName":"Concourse-Concourse Village","nta":"BX0401","type":"neighborhood","price":8,"blocks":133,"boro":"bronx","borough":"Bronx"},"geometry":{"type":"Polygon","coordinates":[[[-73.9086927360948,40.8339466302952],[-73.9104915309984,40.8307456563673],[-73.9089613267601,40.8302345168349],[-73.9103091274327,40.8287807687023],[-73.9116957269945,40.8277669980171],[-73.9117950440674,40.8264364375456],[-73.9113111688223,40.8248568405471],[-73.9131681690913,40.8254647370182],[-73.9135133417716,40.8248132269895],[-73.9147526360811,40.8252087550341],[-73.9154125078141,40.8257821908124],[-73.9166151104419,40.8250005900019],[-73.9160892537573,40.8248461333135],[-73.922654039416,40.8205025956841],[-73.925186292756,40.8180209492068],[-73.9273179597226,40.8185679146888],[-73.928857849853,40.8148881465691],[-73.9302795563159,40.8132563043748],[-73.9324245070387,40.8141599939968],[-73.9324012570911,40.8211538476191],[-73.9330739421675,40.8281644340746],[-73.9309608236246,40.8283453711068],[-73.9306870462723,40.8270688811324],[-73.9271543429592,40.8257321961095],[-73.9222187904285,40.8341712241621],[-73.9231784604674,40.8345421306742],[-73.9223736595783,40.8361170262793],[-73.9200194219618,40.8376644130182],[-73.920481238842,40.8371478202171],[-73.9164757606728,40.8357873145042],[-73.9158721015744,40.8364018779919],[-73.9091025347704,40.8340527269896],[-73.9086927360948,40.8339466302952]]]}},{"type":"Feature","properties":{"id":"bronx-highbridge","name":"Highbridge","ntaName":"Highbridge","nta":"BX0402","type":"neighborhood","price":8,"blocks":65,"boro":"bronx","borough":"Bronx"},"geometry":{"type":"Polygon","coordinates":[[[-73.922859763691,40.8442743483381],[-73.922820173044,40.8427594407757],[-73.9213199175389,40.8399116256585],[-73.9214489089129,40.8392512735945],[-73.922245603528,40.8378578487542],[-73.9223736595783,40.8361170262793],[-73.9240329995249,40.8350691569272],[-73.9253768299265,40.8326363788543],[-73.9282587317188,40.8295387973334],[-73.9303407611437,40.8285038372686],[-73.9330739421675,40.8281644340746],[-73.9336073523062,40.8327978129434],[-73.9331444990286,40.8352024115304],[-73.9326576353979,40.8364817603719],[-73.9305171552433,40.8399419271165],[-73.9304846759521,40.8404683457705],[-73.9291955112059,40.8428267009468],[-73.9286171784028,40.8446851506201],[-73.9280489149466,40.845472881049],[-73.9256434862188,40.8449092317665],[-73.9239273095946,40.8447950664415],[-73.922954498863,40.8443030483217],[-73.922859763691,40.8442743483381]]]}},{"type":"Feature","properties":{"id":"bronx-mount-eden","name":"Mount Eden","ntaName":"Mount Eden-Claremont (West)","nta":"BX0403","type":"neighborhood","price":8,"blocks":89,"boro":"bronx","borough":"Bronx"},"geometry":{"type":"Polygon","coordinates":[[[-73.9048363647671,40.8447609042696],[-73.9050165729356,40.842412984294],[-73.9059620419078,40.8426369899372],[-73.9086585819285,40.8427276560462],[-73.9086263709234,40.8430254502823],[-73.9095357051538,40.8430711022525],[-73.9096259797091,40.8421179105989],[-73.9088790237173,40.8389111776061],[-73.9091023459196,40.8377418009174],[-73.9096359146141,40.8371336028936],[-73.9091639829732,40.8369728811215],[-73.9079413109735,40.8372405497506],[-73.9067248802851,40.8383557916717],[-73.9057072345343,40.8397310854523],[-73.9053850033878,40.8397772692509],[-73.9086927360948,40.8339466302952],[-73.9158721015744,40.8364018779919],[-73.9164757606728,40.8357873145042],[-73.920481238842,40.8371478202171],[-73.9200194219618,40.8376644130182],[-73.9223736595783,40.8361170262793],[-73.922245603528,40.8378578487542],[-73.9213161829295,40.8398216542661],[-73.922820173044,40.8427594407757],[-73.922859763691,40.8442743483381],[-73.9226532824953,40.8447534449609],[-73.9133777348306,40.8451516773529],[-73.9052022182137,40.8447877479686],[-73.9048363647671,40.8447609042696]]]}},{"type":"Feature","properties":{"id":"bronx-yankee-stadium","name":"Yankee Stadium","ntaName":"Yankee Stadium-Macombs Dam Park","nta":"BX0491","type":"park","price":8,"blocks":5,"boro":"bronx","borough":"Bronx"},"geometry":{"type":"Polygon","coordinates":[[[-73.9271543425175,40.8257321966956],[-73.9306870462723,40.8270688811324],[-73.9309608236246,40.8283453711068],[-73.929173397509,40.8289482415775],[-73.9280286783516,40.8297278213917],[-73.9253768299265,40.8326363788543],[-73.9240329995249,40.8350691569272],[-73.9223736595783,40.8361170262793],[-73.9231784604674,40.8345421306742],[-73.9222187904285,40.8341712241621],[-73.9266316982662,40.8266159720754],[-73.9271543425175,40.8257321966956]]]}},{"type":"Feature","properties":{"id":"bronx-claremont-park","name":"Claremont Park","ntaName":"Claremont Park","nta":"BX0492","type":"park","price":8,"blocks":2,"boro":"bronx","borough":"Bronx"},"geometry":{"type":"Polygon","coordinates":[[[-73.9050165729356,40.842412984294],[-73.9053593001465,40.8403572132637],[-73.9067248802851,40.8383557916717],[-73.9080150760021,40.837201009925],[-73.9091639829732,40.8369728811215],[-73.9096359146141,40.8371336028936],[-73.9091023459196,40.8377418009174],[-73.9088790237173,40.8389111776061],[-73.9096259797091,40.8421179105989],[-73.9095357051538,40.8430711022525],[-73.9086263709234,40.8430254502823],[-73.9086585819285,40.8427276560462],[-73.9051503631591,40.8425554815683],[-73.9050165729356,40.842412984294]]]}},{"type":"Feature","properties":{"id":"bronx-university-heights-south","name":"University Heights (South)","ntaName":"University Heights (South)-Morris Heights","nta":"BX0501","type":"neighborhood","price":8,"blocks":89,"boro":"bronx","borough":"Bronx"},"geometry":{"type":"Polygon","coordinates":[[[-73.9048698962353,40.8587015132004],[-73.9056609587464,40.8574070228741],[-73.9046851375897,40.8570685899035],[-73.9052231238842,40.8562118832977],[-73.9105831242467,40.8501898824512],[-73.9141864493515,40.845143232505],[-73.9226532824953,40.8447534449609],[-73.922859763691,40.8442743483381],[-73.9239273095946,40.8447950664415],[-73.9256434862188,40.8449092317665],[-73.9280489149466,40.845472881049],[-73.9268316625963,40.8472980456821],[-73.9246552294058,40.8497933300732],[-73.9239493243157,40.8512300721518],[-73.922563219766,40.8531971988263],[-73.9217417832482,40.8542295248667],[-73.9215440480695,40.8541251708977],[-73.9213435068175,40.8543257227173],[-73.9215168671014,40.8545183509825],[-73.9208021327633,40.8553891016808],[-73.9203017018362,40.8552546581165],[-73.9205279611292,40.8556949557575],[-73.9190251191305,40.8574048261551],[-73.9175296722238,40.8569041427785],[-73.9174079961157,40.8570596973269],[-73.9174537687642,40.8563018753595],[-73.9171896390224,40.8559271093459],[-73.9172094393167,40.856846588113],[-73.9161608436301,40.8587928550012],[-73.9150832454628,40.8592000871717],[-73.9154268736245,40.8587369295951],[-73.9132857975691,40.8596268902105],[-73.9105694195145,40.8586288825168],[-73.9096689040752,40.8574932367406],[-73.9077762679759,40.8596178086933],[-73.9057240492136,40.8590012775878],[-73.9048698962353,40.8587015132004]]]}},{"type":"Feature","properties":{"id":"bronx-mount-hope","name":"Mount Hope","ntaName":"Mount Hope","nta":"BX0502","type":"neighborhood","price":8,"blocks":91,"boro":"bronx","borough":"Bronx"},"geometry":{"type":"Polygon","coordinates":[[[-73.8964419463689,40.8549160472028],[-73.895610253659,40.8545786586106],[-73.9013187209458,40.8444822273735],[-73.9048339235918,40.8448503572457],[-73.9141864493515,40.845143232505],[-73.9105831242467,40.8501898824512],[-73.9055714974222,40.8557956112987],[-73.9039654700245,40.8549683899847],[-73.9018613836158,40.85459443806],[-73.9007806503038,40.8560553978472],[-73.8981671964811,40.8551546644264],[-73.8986368592315,40.8539152632112],[-73.8971006893261,40.8551805800238],[-73.8964419463689,40.8549160472028]]]}},{"type":"Feature","properties":{"id":"bronx-fordham-heights","name":"Fordham Heights","ntaName":"Fordham Heights","nta":"BX0503","type":"neighborhood","price":8,"blocks":52,"boro":"bronx","borough":"Bronx"},"geometry":{"type":"Polygon","coordinates":[[[-73.8917733076232,40.8618800068238],[-73.8913816530772,40.8617088783168],[-73.8932166282135,40.8598824952866],[-73.8964419463689,40.8549160472028],[-73.8971006893261,40.8551805800238],[-73.8986368592315,40.8539152632112],[-73.8981671964811,40.8551546644264],[-73.9007806503038,40.8560553978472],[-73.9018613836158,40.85459443806],[-73.9039654700245,40.8549683899847],[-73.9055714974222,40.8557956112987],[-73.9046851375897,40.8570685899035],[-73.9056609587464,40.8574070228741],[-73.9035153296423,40.8609257996271],[-73.9025462169342,40.8605865442771],[-73.9010810928481,40.8627646728406],[-73.8994381311711,40.8621252014165],[-73.8969404186166,40.862451219253],[-73.8919843985102,40.8618722801091],[-73.8917733076232,40.8618800068238]]]}},{"type":"Feature","properties":{"id":"bronx-west-farms","name":"West Farms","ntaName":"West Farms","nta":"BX0601","type":"neighborhood","price":8,"blocks":59,"boro":"bronx","borough":"Bronx"},"geometry":{"type":"Polygon","coordinates":[[[-73.8728359512782,40.8397631498062],[-73.8739295937222,40.8359985977579],[-73.8767346479694,40.8362139031381],[-73.8780864346677,40.8354881274093],[-73.8792538087078,40.8344330746416],[-73.8822284029078,40.8354607423522],[-73.8820098626896,40.8374521078628],[-73.8822929257926,40.8380835559131],[-73.8828550667676,40.8385036212915],[-73.8827114639043,40.8386344080592],[-73.8841828480221,40.8393435925787],[-73.8846503977154,40.83918291849],[-73.8861857379631,40.8401133304879],[-73.8852042799056,40.8449910271069],[-73.8835186401757,40.8471765453377],[-73.883121241727,40.8482293795873],[-73.8828458723232,40.8478255145956],[-73.8773404867408,40.8440000416417],[-73.8781768836879,40.8426259828331],[-73.8745931672558,40.8415289337359],[-73.8740161039403,40.8425459642349],[-73.8721114300331,40.8437083852671],[-73.871862441545,40.8445034344876],[-73.8711744482966,40.8447809506436],[-73.8709736005807,40.8459672417673],[-73.8703567991425,40.8466321030314],[-73.8698757240189,40.8466257454472],[-73.8688938455273,40.848120610314],[-73.8695640024715,40.8480270015518],[-73.8695250418747,40.848695265363],[-73.86921085865,40.8492466612697],[-73.8678613417726,40.8488732197591],[-73.8683560708514,40.8470885208885],[-73.8689279389889,40.846890028053],[-73.8686633501333,40.846268441273],[-73.868638628434,40.845318130413],[-73.8680434155659,40.844822126377],[-73.8709965938262,40.8431196786785],[-73.8735985485795,40.839806842333],[-73.8728359512782,40.8397631498062]]]}},{"type":"Feature","properties":{"id":"bronx-tremont","name":"Tremont","ntaName":"Tremont","nta":"BX0602","type":"neighborhood","price":8,"blocks":110,"boro":"bronx","borough":"Bronx"},"geometry":{"type":"Polygon","coordinates":[[[-73.883121241727,40.8482293795873],[-73.8835186401757,40.8471765453377],[-73.8852042799056,40.8449910271069],[-73.8861857379631,40.8401133304879],[-73.8865994404915,40.8392873361171],[-73.8881389393833,40.8398702884536],[-73.8886918260138,40.8391663117096],[-73.8894186659836,40.83943101915],[-73.8953797821063,40.8429470652055],[-73.8947916403996,40.8437286078911],[-73.9013187209458,40.8444822273735],[-73.895610253659,40.8545786586106],[-73.8953454781415,40.8547048381345],[-73.8940017553821,40.8542602225061],[-73.8942068743444,40.8538632179672],[-73.8921682936781,40.8527777506728],[-73.8903909592884,40.8546973468046],[-73.8896111992159,40.8536301690866],[-73.8899717031275,40.8521115176802],[-73.8882411588028,40.851043654492],[-73.8873580382432,40.850882185196],[-73.8832301931877,40.848354165566],[-73.883121241727,40.8482293795873]]]}},{"type":"Feature","properties":{"id":"bronx-belmont","name":"Belmont","ntaName":"Belmont","nta":"BX0603","type":"neighborhood","price":8,"blocks":102,"boro":"bronx","borough":"Bronx"},"geometry":{"type":"Polygon","coordinates":[[[-73.8830952421818,40.8666104758242],[-73.8826776649652,40.8660974328654],[-73.8837689099428,40.8653230436936],[-73.8839253755562,40.8644260527174],[-73.8820093585569,40.8620551433104],[-73.8807413703306,40.8611345201196],[-73.8805068968224,40.8604858515631],[-73.8810082062149,40.8582763124046],[-73.8807318444146,40.8566848943571],[-73.883121241727,40.8482293795873],[-73.8873580382432,40.850882185196],[-73.8882411588028,40.851043654492],[-73.8899717031275,40.8521115176802],[-73.8896111992159,40.8536301690866],[-73.8903909592884,40.8546973468046],[-73.8921682936781,40.8527777506728],[-73.8942068743444,40.8538632179672],[-73.8940017553821,40.8542602225061],[-73.8964419463689,40.8549160472028],[-73.8932166282135,40.8598824952866],[-73.8913816530772,40.8617088783168],[-73.8917733076232,40.8618800068238],[-73.8888970796491,40.8647624434721],[-73.8881242068082,40.8642628612451],[-73.8868345893585,40.8653982842926],[-73.8836265993036,40.8672658794188],[-73.8832135812005,40.8667564434729],[-73.8830952421818,40.8666104758242]]]}},{"type":"Feature","properties":{"id":"bronx-university-heights-north","name":"University Heights (North)","ntaName":"University Heights (North)-Fordham","nta":"BX0701","type":"neighborhood","price":8,"blocks":72,"boro":"bronx","borough":"Bronx"},"geometry":{"type":"Polygon","coordinates":[[[-73.9061481148429,40.8732684960207],[-73.9045221295329,40.8725035024042],[-73.9044214563028,40.8703695667869],[-73.903188098393,40.8691572825859],[-73.9018897887813,40.8685233364774],[-73.8994257847671,40.8678891281931],[-73.8996044266083,40.8687364988924],[-73.8989199658217,40.8696668653285],[-73.8965620282109,40.8685734912981],[-73.8974046545453,40.8674824801789],[-73.8941242715287,40.8659482963168],[-73.8937174062203,40.865301389172],[-73.8932333433649,40.8652811683659],[-73.8901630562229,40.863484652765],[-73.8917733076232,40.8618800068238],[-73.8928531115289,40.8618404830213],[-73.8969404186166,40.862451219253],[-73.8994381311711,40.8621252014165],[-73.9010810928481,40.8627646728406],[-73.9025462169342,40.8605865442771],[-73.9035153296423,40.8609257996271],[-73.9048698962353,40.8587015132004],[-73.9077762679759,40.8596178086933],[-73.9096689040752,40.8574932367406],[-73.9105694195145,40.8586288825168],[-73.9132857975691,40.8596268902105],[-73.9154268736245,40.8587369295951],[-73.9150832454628,40.8592000871717],[-73.9161608436301,40.8587928550012],[-73.9172094393167,40.856846588113],[-73.9171896390224,40.8559271093459],[-73.9174537687642,40.8563018753595],[-73.9174079961157,40.8570596973269],[-73.9175296722238,40.8569041427785],[-73.9190251191305,40.8574048261551],[-73.9177618416087,40.8587163860012],[-73.917208075404,40.8589372108401],[-73.9134160499242,40.8633757828061],[-73.912764147712,40.8630374637224],[-73.9122742174074,40.8636404381939],[-73.9127990491109,40.8639071651663],[-73.9125274728975,40.8638035125554],[-73.9126777673326,40.8640294008609],[-73.9104407379609,40.8665412294777],[-73.9094980701871,40.8688394469503],[-73.9089385754339,40.8710281310651],[-73.9086508580615,40.8713940746413],[-73.9089337788392,40.8721656389493],[-73.9084651047639,40.8726290832922],[-73.9077441337087,40.8728542432663],[-73.9074663233184,40.8735556455375],[-73.9062480737012,40.8732956673942],[-73.9061481148429,40.8732684960207]]]}},{"type":"Feature","properties":{"id":"bronx-bedford-park","name":"Bedford Park","ntaName":"Bedford Park","nta":"BX0702","type":"neighborhood","price":8,"blocks":83,"boro":"bronx","borough":"Bronx"},"geometry":{"type":"Polygon","coordinates":[[[-73.8871299267044,40.8828237188702],[-73.887166472728,40.8825848056745],[-73.8859521368648,40.8805157055483],[-73.8856765996294,40.878880803914],[-73.8852782504604,40.8792259621771],[-73.8834572117807,40.8760643882723],[-73.8834017709935,40.8739549194916],[-73.8825553332456,40.8724655796752],[-73.8814703140229,40.8685819375045],[-73.8868345893585,40.8653982842926],[-73.8881242068082,40.8642628612451],[-73.8888970796491,40.8647624434721],[-73.8901630562229,40.863484652765],[-73.8932333433649,40.8652811683659],[-73.8937174062203,40.865301389172],[-73.8941242715287,40.8659482963168],[-73.8974046545453,40.8674824801789],[-73.8965620282109,40.8685734912981],[-73.8989199658217,40.8696668653285],[-73.8977910452546,40.8708649345139],[-73.8981144179772,40.8731186497486],[-73.8987361689719,40.8740143463426],[-73.9002184858786,40.8743978044084],[-73.9004340029215,40.8749933751366],[-73.8998125132584,40.8764071177107],[-73.8970276633645,40.8795295669157],[-73.896691051971,40.8801642000931],[-73.8963777450485,40.8818296219034],[-73.8957630785197,40.8823210147229],[-73.8941980649906,40.8830288950692],[-73.8916332803169,40.8823474044212],[-73.8879709268247,40.8829050465889],[-73.8871299267044,40.8828237188702]]]}},{"type":"Feature","properties":{"id":"bronx-norwood","name":"Norwood","ntaName":"Norwood","nta":"BX0703","type":"neighborhood","price":8,"blocks":65,"boro":"bronx","borough":"Bronx"},"geometry":{"type":"Polygon","coordinates":[[[-73.8708370924473,40.880462409218],[-73.8701545997922,40.8803591220005],[-73.8716086010286,40.8769298663969],[-73.8725539230582,40.875183476671],[-73.8751899165282,40.8715840493621],[-73.8769449362791,40.8699629739123],[-73.8830952421818,40.8666104758242],[-73.8836265993036,40.8672658794188],[-73.8814703140229,40.8685819375045],[-73.8825553332456,40.8724655796752],[-73.8834017709935,40.8739549194916],[-73.8834572117807,40.8760643882723],[-73.8852782504604,40.8792259621771],[-73.8856765996294,40.878880803914],[-73.8859521368648,40.8805157055483],[-73.887166472728,40.8825848056745],[-73.8870528461709,40.8843578699732],[-73.8842182525513,40.8832059857432],[-73.8827497523168,40.8834056815633],[-73.8812456427164,40.8827179276848],[-73.8780370408059,40.8871266167384],[-73.8778326763784,40.8867810556069],[-73.8776081832513,40.8845313392846],[-73.8781271692061,40.8821619799901],[-73.8747039715812,40.8815621175703],[-73.8749473126674,40.8799559636559],[-73.8718724217486,40.8803364148012],[-73.8708370924473,40.880462409218]]]}},{"type":"Feature","properties":{"id":"bronx-kingsbridge-heights","name":"Kingsbridge Heights","ntaName":"Kingsbridge Heights-Van Cortlandt Village","nta":"BX0801","type":"neighborhood","price":8,"blocks":52,"boro":"bronx","borough":"Bronx"},"geometry":{"type":"Polygon","coordinates":[[[-73.8870528461709,40.8843578699732],[-73.8871299267044,40.8828237188702],[-73.8879709268247,40.8829050465889],[-73.8916332803169,40.8823474044212],[-73.8943334250862,40.8830168266068],[-73.8963777450485,40.8818296219034],[-73.8968980464714,40.8797364196419],[-73.8998125132584,40.8764071177107],[-73.9004184178142,40.8751259677442],[-73.9001152847426,40.8743207764052],[-73.8988661186852,40.8740749901637],[-73.8984364239224,40.8737650886541],[-73.8978222081839,40.8719683410063],[-73.8977910452546,40.8708649345139],[-73.8996044266083,40.8687364988924],[-73.8994257847671,40.8678891281931],[-73.9023594725686,40.8687044114869],[-73.9037511833243,40.8696039178002],[-73.9044214563028,40.8703695667869],[-73.9044704388765,40.8724238118638],[-73.9061481148429,40.8732684960207],[-73.9045293661628,40.8770724702001],[-73.9033958224193,40.8790024878818],[-73.8978235474629,40.8850850643105],[-73.8966838541432,40.8859728849584],[-73.8875875455179,40.8842639142542],[-73.8870528461709,40.8843578699732]]]}},{"type":"Feature","properties":{"id":"bronx-kingsbridge","name":"Kingsbridge","ntaName":"Kingsbridge-Marble Hill","nta":"BX0802","type":"neighborhood","price":8,"blocks":50,"boro":"bronx","borough":"Bronx"},"geometry":{"type":"Polygon","coordinates":[[[-73.8984636688656,40.8894849871675],[-73.8999056798655,40.8865680178628],[-73.8966838541432,40.8859728849584],[-73.8986019880371,40.8844130598061],[-73.903767127718,40.8785369304599],[-73.9061481148429,40.8732684960207],[-73.9074663233184,40.8735556455375],[-73.9077441337087,40.8728542432663],[-73.9084651047639,40.8726290832922],[-73.9089337788392,40.8721656389493],[-73.9097183274653,40.8732129025733],[-73.910922606616,40.8741546878395],[-73.915786584556,40.8757252371677],[-73.9148476701578,40.8766750024307],[-73.9120597280907,40.8781276125843],[-73.911490559345,40.879027151038],[-73.9103333627348,40.8790463395801],[-73.9096801110006,40.8795228807279],[-73.9103411902586,40.8800606904782],[-73.9104963317449,40.8805335707271],[-73.9093835269802,40.8813716199381],[-73.908023829464,40.8832096271245],[-73.9075867547248,40.8843975949277],[-73.9041378494186,40.887089003092],[-73.9028609154721,40.8891730385172],[-73.9008770576329,40.8889239055159],[-73.8985405432352,40.8903973689455],[-73.8984527201855,40.890717261117],[-73.8979160506711,40.8905549879591],[-73.8980166037241,40.8903228419158],[-73.8984636688656,40.8894849871675]]]}},{"type":"Feature","properties":{"id":"bronx-riverdale","name":"Riverdale","ntaName":"Riverdale-Spuyten Duyvil","nta":"BX0803","type":"neighborhood","price":14,"blocks":191,"boro":"bronx","borough":"Bronx"},"geometry":{"type":"Polygon","coordinates":[[[-73.8966347635031,40.9114256744216],[-73.8963592839952,40.9032084297331],[-73.8971585959576,40.8993801240514],[-73.8964331306725,40.8936635760432],[-73.896759324294,40.8926537396471],[-73.8979160506711,40.8905549879591],[-73.8984527201855,40.890717261117],[-73.8985405432352,40.8903973689455],[-73.9008392546857,40.8889344547716],[-73.9028609154721,40.8891730385172],[-73.9041378494186,40.887089003092],[-73.9075867547248,40.8843975949277],[-73.908023829464,40.8832096271245],[-73.9093835269802,40.8813716199381],[-73.9104963317449,40.8805335707271],[-73.9103411902586,40.8800606904782],[-73.9096801110006,40.8795228807279],[-73.9103333627348,40.8790463395801],[-73.911490559345,40.879027151038],[-73.9120597280907,40.8781276125843],[-73.9148476701578,40.8766750024307],[-73.915786584556,40.8757252371677],[-73.9177581234261,40.8756719192143],[-73.9190846928249,40.8760731732112],[-73.9200304062143,40.8766009392485],[-73.9220686675455,40.8785807065731],[-73.9227393139158,40.8789137379095],[-73.9245193910147,40.8790669513414],[-73.9249047064655,40.8788966595853],[-73.9238066884085,40.8803331931852],[-73.9203942336959,40.887656793828],[-73.9151859896013,40.9015925793656],[-73.915433160562,40.9018209802277],[-73.9150159267817,40.9030895959079],[-73.9145918232817,40.9041272992153],[-73.9141868660181,40.9041486885085],[-73.9128700092708,40.9075437736393],[-73.9131116528228,40.9078541318196],[-73.9126507521958,40.9080791098134],[-73.9114933373873,40.9122420680228],[-73.9116561544965,40.9134261508327],[-73.9107134750182,40.9146674603725],[-73.9103339980066,40.9155410758971],[-73.9024580668824,40.912967232595],[-73.8972546892963,40.9116638190366],[-73.8966347635031,40.9114256744216]]]}},{"type":"Feature","properties":{"id":"bronx-soundview","name":"Soundview","ntaName":"Soundview-Bruckner-Bronx River","nta":"BX0901","type":"neighborhood","price":8,"blocks":266,"boro":"bronx","borough":"Bronx"},"geometry":{"type":"Polygon","coordinates":[[[-73.8627241432109,40.8329289679353],[-73.8636670220863,40.8327036094261],[-73.8626436657119,40.8281784292701],[-73.8606746494549,40.8284272704605],[-73.8597047409865,40.8262856322739],[-73.8735694974875,40.8244281298582],[-73.8724697531729,40.8201583736244],[-73.879816056842,40.8191707309068],[-73.8809817101165,40.8182439045487],[-73.882449210245,40.8192766045861],[-73.8842962976297,40.8227264879525],[-73.8846459218189,40.8238225565873],[-73.884388469334,40.826825566513],[-73.8835216030259,40.82926846598],[-73.8839023637088,40.8298111004913],[-73.8800532996975,40.834710343874],[-73.8792538087078,40.8344330746416],[-73.8780864346677,40.8354881274093],[-73.8767346479694,40.8362139031381],[-73.8739295937222,40.8359985977579],[-73.8728359512782,40.8397631498062],[-73.869209080526,40.8396083332247],[-73.8644815274569,40.8410960838534],[-73.8639388908556,40.840052852184],[-73.8627284155723,40.8330805071773],[-73.8627241432109,40.8329289679353]]]}},{"type":"Feature","properties":{"id":"bronx-soundview","name":"Soundview","ntaName":"Soundview-Clason Point","nta":"BX0902","type":"neighborhood","price":8,"blocks":266,"boro":"bronx","borough":"Bronx"},"geometry":{"type":"Polygon","coordinates":[[[-73.8457670201725,40.811590560697],[-73.8461744319489,40.8106849450889],[-73.8471982486461,40.8105887687206],[-73.848216269146,40.8124711909374],[-73.8493869658921,40.8132451468946],[-73.8504120729632,40.8135923054701],[-73.8506038668829,40.8139384816847],[-73.8530146885284,40.8145927053099],[-73.8526195574081,40.8140669737204],[-73.8529810326522,40.8138817655413],[-73.852915391027,40.8136976852164],[-73.8533699837378,40.8136021846156],[-73.8553165236226,40.814420422756],[-73.855321064667,40.8141698486724],[-73.8547114882643,40.8138526834003],[-73.853469146321,40.8134859930626],[-73.8525587998088,40.8137436161914],[-73.8512013816047,40.8135614254207],[-73.8492138419414,40.8123924809264],[-73.8490467647485,40.8119946061106],[-73.849385606852,40.8112953559358],[-73.8491749884528,40.8109326218886],[-73.8497994495696,40.810041159296],[-73.8499103274278,40.8096684024184],[-73.8497615199931,40.8096534945561],[-73.8500215276189,40.8092623207809],[-73.8498480294997,40.809260609507],[-73.8500438205085,40.8092236892276],[-73.8499687333886,40.8088837931305],[-73.8497300578435,40.8088833928257],[-73.8499525737,40.8087230008174],[-73.8495521735401,40.8087291486739],[-73.8499683723448,40.8085862994615],[-73.849613068378,40.8081324660953],[-73.848761481375,40.8083457384061],[-73.8495235867097,40.8080635582514],[-73.8484178133628,40.8073770562308],[-73.8483809408876,40.8063684665741],[-73.8475376224713,40.8059346829784],[-73.8474896297516,40.8054571892415],[-73.8479043899659,40.8050104593877],[-73.8486492497211,40.8047076513855],[-73.8493352269795,40.8050594982118],[-73.8494117672775,40.8046762566506],[-73.8494299312081,40.805068108089],[-73.8498224758963,40.8051027112875],[-73.8501997945088,40.8045183047879],[-73.8540726096538,40.8044657420878],[-73.8558558693122,40.8045229257567],[-73.8566275439009,40.8048385838719],[-73.8563992582177,40.8049551153961],[-73.8556918768994,40.8046848452301],[-73.8557221330398,40.8051303839204],[-73.8572463263378,40.8053155178398],[-73.8566772028336,40.8050036505059],[-73.856835616542,40.8049175498729],[-73.8581284637413,40.8054748002758],[-73.8589126190357,40.8059210355188],[-73.8585070072789,40.8058278225726],[-73.8583162839078,40.8060068708337],[-73.8585184486844,40.8066461641992],[-73.8590518008916,40.8065722476488],[-73.8589737271254,40.80597434703],[-73.8593674305382,40.806683963125],[-73.8593779701851,40.8075765757659],[-73.8591600886491,40.8068872546134],[-73.8586664586917,40.8068410314681],[-73.8583913692861,40.8082670894098],[-73.8589528195176,40.8102796982216],[-73.8590780329852,40.8099838391775],[-73.8601283593319,40.8096137798516],[-73.8593314755953,40.8090067879463],[-73.8594000020675,40.8081729096659],[-73.8596976399535,40.8089497316377],[-73.8601838666067,40.8094262370363],[-73.862287452854,40.8099541916806],[-73.8611126743977,40.8111584353059],[-73.8643598731067,40.8130171960935],[-73.8646246366012,40.8142307968965],[-73.8651297804594,40.8141603281028],[-73.8652187660334,40.8145368452108],[-73.86657883101,40.8143817159345],[-73.8689100592783,40.8151248984215],[-73.8695462133479,40.8161030352176],[-73.8714613396162,40.8247284918614],[-73.8563581815695,40.8267603704114],[-73.8561979720491,40.8260492785392],[-73.8559730298833,40.8260721615841],[-73.8536216584343,40.8160966681611],[-73.8516368375722,40.8163674712625],[-73.8511461276536,40.8144048305909],[-73.8509279981282,40.8143442422178],[-73.8470552238333,40.8148347515451],[-73.8466377913585,40.8130413676066],[-73.8461080066081,40.813108270841],[-73.8464685622838,40.8123143218533],[-73.8463255219533,40.8116957049221],[-73.8457670201725,40.811590560697]]]}},{"type":"Feature","properties":{"id":"bronx-castle-hill","name":"Castle Hill","ntaName":"Castle Hill-Unionport","nta":"BX0903","type":"neighborhood","price":8,"blocks":116,"boro":"bronx","borough":"Bronx"},"geometry":{"type":"MultiPolygon","coordinates":[[[[-73.8359685412193,40.8198923898816],[-73.8360438749302,40.8177908945626],[-73.8364381481363,40.8178241516146],[-73.8363977863159,40.8188996494547],[-73.8369683250625,40.8163749406192],[-73.8397449595373,40.816414354272],[-73.8401916063681,40.8171965554704],[-73.8400785135148,40.8178691780567],[-73.8389287340582,40.8190094930867],[-73.8386848787558,40.8195996636974],[-73.839065390569,40.8198107156252],[-73.8388837174682,40.8221487737728],[-73.839071996398,40.8222611333307],[-73.8390504466684,40.8226970323323],[-73.8395291792603,40.8230464424094],[-73.8396132685062,40.8238717104008],[-73.8401325371979,40.8243253726041],[-73.842293776723,40.8287080927109],[-73.8370179689065,40.8290616953005],[-73.8360303547341,40.8238892550089],[-73.835975842006,40.8203477343744],[-73.8359685412193,40.8198923898816]]],[[[-73.8482333878489,40.8334354092922],[-73.8472802203667,40.8293230307178],[-73.8450470985586,40.828807683784],[-73.8453216283143,40.8284348235209],[-73.8429168843189,40.8286307539135],[-73.8417559790649,40.825763704857],[-73.8404511048468,40.8233538511847],[-73.8398306638267,40.8215797852938],[-73.8401020937981,40.8203310445927],[-73.8400000055302,40.8199432296272],[-73.8419882500136,40.818782656706],[-73.8420950660249,40.8180678264317],[-73.8437419332865,40.8153299813652],[-73.8452087715053,40.811895302699],[-73.845767019757,40.8115905610389],[-73.8463255218359,40.8116957052711],[-73.8464685617665,40.8123143216249],[-73.8461080062455,40.8131082709613],[-73.8466377909807,40.8130413674211],[-73.8470552235079,40.8148347517849],[-73.8509279978484,40.8143442418057],[-73.8511461276064,40.8144048309123],[-73.8516368372067,40.8163674711072],[-73.8536216588363,40.8160966680152],[-73.8559730302427,40.8260721615301],[-73.8561979722041,40.8260492787717],[-73.85635818135,40.8267603701438],[-73.8597047413582,40.8262856320281],[-73.8606746494041,40.8284272700123],[-73.8626436658637,40.8281784295722],[-73.863667022054,40.8327036095166],[-73.8608516055525,40.8336218232413],[-73.8603398672925,40.83326145222],[-73.8484875576608,40.8345327813368],[-73.8483153123291,40.8337889985642],[-73.8482333878489,40.8334354092922]]]]}},{"type":"Feature","properties":{"id":"bronx-parkchester","name":"Parkchester","ntaName":"Parkchester","nta":"BX0904","type":"neighborhood","price":8,"blocks":28,"boro":"bronx","borough":"Bronx"},"geometry":{"type":"Polygon","coordinates":[[[-73.8516860030157,40.8342093379179],[-73.8603398669361,40.8332614520686],[-73.8608516054884,40.8336218232324],[-73.8627241432109,40.8329289679353],[-73.8639388908556,40.840052852184],[-73.8644815274569,40.8410960838534],[-73.853336656871,40.8424784422822],[-73.8518600928694,40.8347860332439],[-73.8516860030157,40.8342093379179]]]}},{"type":"Feature","properties":{"id":"bronx-soundview-park","name":"Soundview Park","ntaName":"Soundview Park","nta":"BX0991","type":"park","price":8,"blocks":4,"boro":"bronx","borough":"Bronx"},"geometry":{"type":"Polygon","coordinates":[[[-73.862287452854,40.8099541916806],[-73.8676578729545,40.810592042329],[-73.8707794602055,40.8144951770364],[-73.8717174761755,40.8149306165886],[-73.8765213736231,40.8161393450934],[-73.8766360129361,40.8157197891798],[-73.8780642448633,40.8161909135652],[-73.8809817101165,40.8182439045487],[-73.879816056842,40.8191707309068],[-73.8724697531729,40.8201583736244],[-73.8735694974875,40.8244281298582],[-73.8714613396162,40.8247284918614],[-73.8695462133479,40.8161030352176],[-73.8689100592783,40.8151248984215],[-73.8681835943133,40.814815999712],[-73.86657883101,40.8143817159345],[-73.8652187660334,40.8145368452108],[-73.8651297804594,40.8141603281028],[-73.8646246366012,40.8142307968965],[-73.8643598731067,40.8130171960935],[-73.8611126743977,40.8111584353059],[-73.8620711392429,40.8101616479445],[-73.862287452854,40.8099541916806]]]}},{"type":"Feature","properties":{"id":"bronx-westchester-square","name":"Westchester Square","ntaName":"Westchester Square","nta":"BX1001","type":"neighborhood","price":8,"blocks":97,"boro":"bronx","borough":"Bronx"},"geometry":{"type":"Polygon","coordinates":[[[-73.841615158842,40.8405839130166],[-73.8393693448515,40.8408912610181],[-73.8397215467972,40.8395736930032],[-73.8403042279516,40.8395326011835],[-73.8398431989311,40.8379132247419],[-73.8398437581335,40.8361245283416],[-73.8397608312518,40.8363045644876],[-73.839801331307,40.8358196850013],[-73.8396814178082,40.8360714455167],[-73.8396023878356,40.8356790050353],[-73.8397974537216,40.8357967755109],[-73.8397962868177,40.8356274942303],[-73.8396162754956,40.8356188550341],[-73.8394592401062,40.8350143922783],[-73.8396213334049,40.8348092678515],[-73.8394136051236,40.8346083510603],[-73.8395940690454,40.8345687624565],[-73.8399218869339,40.8333290811653],[-73.8422147494147,40.8315587922391],[-73.8427602464249,40.8308267692824],[-73.8431009135286,40.8299682975408],[-73.8429168843189,40.8286307539135],[-73.8453216283143,40.8284348235209],[-73.8450470985586,40.828807683784],[-73.8472802203667,40.8293230307178],[-73.8484875576608,40.8345327813368],[-73.8516860027738,40.8342093375393],[-73.8533366566694,40.8424784420341],[-73.8480648591533,40.8430762860976],[-73.8462362049284,40.8444985060178],[-73.847886324974,40.8459972688509],[-73.8457849103652,40.8479746463322],[-73.845371673458,40.8487209174575],[-73.8453479731887,40.8494577774468],[-73.8448871682994,40.8502110148363],[-73.8450398588799,40.8487098292807],[-73.844606626101,40.8462619856851],[-73.8449117453543,40.8454357491954],[-73.8432779616137,40.8435500945043],[-73.8414624231646,40.8409643837465],[-73.8420196829642,40.8406665658854],[-73.8416996307556,40.8405918515759],[-73.841615158842,40.8405839130166]]]}},{"type":"Feature","properties":{"id":"bronx-throgs-neck","name":"Throgs Neck","ntaName":"Throgs Neck-Schuylerville","nta":"BX1002","type":"neighborhood","price":8,"blocks":281,"boro":"bronx","borough":"Bronx"},"geometry":{"type":"Polygon","coordinates":[[[-73.8259669019474,40.8403344259589],[-73.8258512576882,40.8370691541988],[-73.8254062227371,40.8356675612313],[-73.8256049013627,40.8350384340905],[-73.826222275514,40.8343629944116],[-73.8260139243545,40.8340290645078],[-73.825160235813,40.8346227582816],[-73.824634861535,40.8338640950319],[-73.8237952284177,40.8343084339175],[-73.8160620770547,40.8360384841993],[-73.8155264041906,40.8359845948551],[-73.8160647908573,40.8357812150135],[-73.8160091255773,40.835520884666],[-73.8155753650651,40.8355333688462],[-73.8160832784585,40.8353694692546],[-73.8160854092861,40.8345986335313],[-73.8156649759801,40.8344991364709],[-73.8160296902603,40.8343580689473],[-73.8160133615939,40.833989091562],[-73.8148807682121,40.8310383726924],[-73.8144717310185,40.8311497453021],[-73.8148445285584,40.8309944062929],[-73.8147652717577,40.8308250864766],[-73.8145214795839,40.8306311616684],[-73.8138992277878,40.830915840056],[-73.8145115598627,40.830622333452],[-73.8143106006158,40.830367557557],[-73.8138581138626,40.8305697289726],[-73.8143009865938,40.8303583894264],[-73.8138691445465,40.8298656545283],[-73.8136697064084,40.8298995711672],[-73.8138911059374,40.8297857384451],[-73.8135680936313,40.8295978341014],[-73.8136124983866,40.829385043683],[-73.8133782665903,40.8293994888632],[-73.8133890581877,40.8290313804125],[-73.8129046131369,40.8289614175026],[-73.8131815073188,40.8288111573844],[-73.8128404213242,40.8286549525006],[-73.8127560935202,40.8282565220899],[-73.8099265517779,40.8281879975019],[-73.810097173814,40.8278277797878],[-73.811055853511,40.8279930811037],[-73.8110501950273,40.8278490913129],[-73.8100393138542,40.8277898545993],[-73.8118257987576,40.8278370996718],[-73.8110747005388,40.8278498626653],[-73.8115927867299,40.8280074391098],[-73.8126411464127,40.8278446919749],[-73.8126534570109,40.8275670652326],[-73.8138511429601,40.8268118142894],[-73.8137234710653,40.8262798778725],[-73.8129191544056,40.8263586742021],[-73.8139925092028,40.8260778838942],[-73.8139519343673,40.8257374366591],[-73.8134224159468,40.8259333029544],[-73.8139430133244,40.8257253168767],[-73.8137966284822,40.8253063708123],[-73.8133366200139,40.825179231462],[-73.8121148984302,40.8255609197526],[-73.8132787486725,40.8251696069038],[-73.8131505235842,40.8248800692909],[-73.8140388527273,40.8244917545016],[-73.8138907405822,40.8240956522128],[-73.8132755680151,40.8239749509521],[-73.8128116797473,40.8243473985015],[-73.8127497422938,40.8247854720721],[-73.8123214486704,40.8244195933382],[-73.8117742420863,40.8243480916154],[-73.811644949208,40.8246099469877],[-73.8110328682114,40.8247165118715],[-73.8108763552209,40.8251222330148],[-73.8107633189127,40.8249098551795],[-73.8096562043869,40.8252838207099],[-73.8090937380622,40.8258816832008],[-73.8076674391081,40.8259052772384],[-73.8069791031879,40.825396656135],[-73.8065650072935,40.8246146903104],[-73.8067800540686,40.8243908196422],[-73.8065195858392,40.8242062770026],[-73.8067918861139,40.8240016469351],[-73.8064661968132,40.8238075522426],[-73.8066933686617,40.8236875565026],[-73.806601149547,40.8233451540645],[-73.8062376984096,40.8233162205625],[-73.8065115773141,40.8231608969587],[-73.8064467822323,40.8230050056376],[-73.8059530824037,40.8228908806273],[-73.8062240388717,40.8226718245196],[-73.8058260463096,40.8217760741184],[-73.8059929891963,40.8208318430075],[-73.8057294207701,40.8201856229165],[-73.8045193940053,40.8189359720473],[-73.8033697919775,40.8182593554941],[-73.8026754658437,40.8182468591004],[-73.8025230232768,40.818534272418],[-73.8020469968371,40.8185538245595],[-73.8007099859647,40.8180515608183],[-73.8003267903235,40.8175687301384],[-73.7975917157514,40.8165158153051],[-73.7973825130784,40.8157717884415],[-73.7977160405376,40.8155215768574],[-73.7981208415862,40.815707067924],[-73.7986435942519,40.8154722997023],[-73.7990295518042,40.8155494182797],[-73.8001128572176,40.814032808841],[-73.8009173214783,40.8137696861327],[-73.8014593946444,40.8129492300295],[-73.8017470007131,40.8128733004153],[-73.8014051992216,40.8123715921236],[-73.801760710346,40.8128696805663],[-73.8027846722843,40.8124762423788],[-73.8036156388822,40.8125313972002],[-73.8035213685466,40.8129301543836],[-73.8037805097117,40.8128181890206],[-73.8036156826494,40.8130527974388],[-73.8043594927767,40.8136168220321],[-73.8041550433603,40.813738956388],[-73.8035150959578,40.8129435260207],[-73.8032368224684,40.813304649819],[-73.8034531609957,40.8133604139541],[-73.8032258825242,40.8133668637811],[-73.8045322059728,40.8142629028297],[-73.8032231520522,40.8133823927406],[-73.8035180632054,40.8139602465226],[-73.8041817218417,40.8145982457554],[-73.8043931091902,40.814546139672],[-73.8051515697784,40.8156761890892],[-73.8065849778287,40.8166028721904],[-73.8046608175418,40.8145532716387],[-73.8052801787394,40.8153855477786],[-73.8063307160053,40.8161462417122],[-73.8067210703035,40.8165834542103],[-73.8066074232664,40.8166727777654],[-73.8069307232392,40.8165766626978],[-73.8065371158978,40.8159002701602],[-73.8070473925849,40.8165419771636],[-73.8066301251506,40.8156921235974],[-73.8064031687702,40.8157103137437],[-73.8066329541666,40.8156032751788],[-73.8054575124178,40.8146948570278],[-73.8054506019868,40.8133849391295],[-73.8049647553336,40.8121722419752],[-73.8039132509628,40.812118780543],[-73.8033741538493,40.8115480693011],[-73.8029314082867,40.8105501437719],[-73.8023547916919,40.8100453421919],[-73.8013569161423,40.8107191283858],[-73.8010131173484,40.8107216827705],[-73.8014680884612,40.8101500002701],[-73.8001108881442,40.8097192358729],[-73.7985390477071,40.8095953583066],[-73.7922904594556,40.8068572882727],[-73.7914019837136,40.8070061604812],[-73.791524975499,40.8074973702395],[-73.790866142307,40.8073494214496],[-73.7907361855649,40.8065971115836],[-73.790126017581,40.8057798422863],[-73.7902854936277,40.8048253860525],[-73.7910385607575,40.804271314458],[-73.792246677623,40.8040046461393],[-73.7933912082435,40.8042126117034],[-73.7957790803975,40.8061712311997],[-73.7962104217754,40.80597687306],[-73.796504072271,40.8061127181542],[-73.7963708473536,40.8062854844406],[-73.7979171777885,40.8067205124129],[-73.8015953208711,40.8089946361124],[-73.8027837514239,40.8091284048868],[-73.8039281240026,40.8085362526073],[-73.8046794733194,40.8092340811784],[-73.8071412694435,40.8106699595176],[-73.8085735546698,40.8121693095503],[-73.8101661633411,40.812996256564],[-73.8107861701752,40.8127792341674],[-73.8140045835713,40.8135597497558],[-73.8144320657686,40.8135266581368],[-73.8145013342491,40.8129165704646],[-73.8144786653089,40.8135268240787],[-73.8156646573439,40.8135203228668],[-73.8158805848848,40.81377533901],[-73.8164815496087,40.8138615149815],[-73.8173734108889,40.8135826272777],[-73.8173612786453,40.8133840020283],[-73.8173908153566,40.8135790186281],[-73.8179222351456,40.8135529620591],[-73.8179774836757,40.8133073066261],[-73.8180436865385,40.8135412509918],[-73.8198177799118,40.8131882156341],[-73.8201089882037,40.8128723519501],[-73.8205566097595,40.8130259371664],[-73.8202457557185,40.8124389603882],[-73.8210665160848,40.8122118740412],[-73.8203249503084,40.8124479348407],[-73.8204222748818,40.8126463548297],[-73.8211310934519,40.8124580393179],[-73.8204431912079,40.8126658607055],[-73.8205884864014,40.81302772924],[-73.822284304162,40.8126697821753],[-73.8221728472515,40.8123622878916],[-73.8223100310736,40.8126664980846],[-73.8242577384113,40.8121187172572],[-73.8250592184567,40.81183819961],[-73.8248104499617,40.8114475643186],[-73.825077988168,40.8118315959103],[-73.8252449012932,40.8117696227152],[-73.8248807859139,40.8112812660697],[-73.8252680399823,40.8117606302782],[-73.8254921491846,40.8116676131277],[-73.8252327706899,40.8112180709125],[-73.8256520998633,40.8116005724998],[-73.8253590655465,40.8110359255418],[-73.8256736879594,40.8115930265401],[-73.8255011898132,40.8110361407384],[-73.8258139540455,40.8115419866134],[-73.8257686377487,40.8112241922078],[-73.8259578076726,40.8114827303717],[-73.8263092424667,40.8112924039873],[-73.8284153684789,40.81488343003],[-73.823173769579,40.8166878969095],[-73.825369693173,40.8202200980371],[-73.8267180122291,40.8218268601537],[-73.8283306136577,40.8210486755338],[-73.8294606059659,40.8223853944223],[-73.8246456758142,40.824772136185],[-73.8311036667066,40.8268327399743],[-73.831317925774,40.8267270731725],[-73.8353369065562,40.8282007286838],[-73.8368336046779,40.8284497272047],[-73.8370179689065,40.8290616953005],[-73.842293776723,40.8287080927109],[-73.8423321766793,40.8290822475065],[-73.8418878403748,40.8307214620493],[-73.8388830496031,40.8336094403034],[-73.8392645051037,40.837213171632],[-73.8391939540251,40.8387219151941],[-73.8395909400751,40.8388067732309],[-73.839721546795,40.8395736939037],[-73.8395684053469,40.8405555148205],[-73.8393693448515,40.8408912610181],[-73.8376226438593,40.8402918538658],[-73.8376714167981,40.841130195868],[-73.8368277994753,40.8434707345831],[-73.8329421654282,40.8435274480693],[-73.830433263431,40.8438662713942],[-73.8261144042567,40.8453469822571],[-73.8262427269029,40.8430018826327],[-73.8259882670657,40.8406840402984],[-73.8259669019474,40.8403344259589]]]}},{"type":"Feature","properties":{"id":"bronx-pelham-bay","name":"Pelham Bay","ntaName":"Pelham Bay-Country Club-City Island","nta":"BX1003","type":"neighborhood","price":8,"blocks":167,"boro":"bronx","borough":"Bronx"},"geometry":{"type":"MultiPolygon","coordinates":[[[[-73.7883348848167,40.8346754180226],[-73.7893136225179,40.8344731746123],[-73.7895115849606,40.8353723309177],[-73.7884583858962,40.8353182031067],[-73.7883348848167,40.8346754180226]]],[[[-73.8156351768857,40.8481914118022],[-73.8158987203413,40.8478318952773],[-73.815605909883,40.8476669730477],[-73.8159758946464,40.8476607111017],[-73.8161300254289,40.8473971453877],[-73.8160282472486,40.8464087473253],[-73.8157204334657,40.8463017329156],[-73.8146473425306,40.8472279028701],[-73.8145124628568,40.8471143678637],[-73.8157049275554,40.8462996298026],[-73.814924053351,40.8464917778903],[-73.8136877427716,40.8472826144885],[-73.813565124007,40.847159700616],[-73.814909977069,40.8464770538335],[-73.8144249211547,40.846196114496],[-73.8150276710353,40.8455082844334],[-73.8142071268066,40.8460184700585],[-73.8139918158231,40.8458352074196],[-73.8131900450994,40.8462378249902],[-73.8140333776418,40.8455975870925],[-73.8136872851881,40.8456673509432],[-73.8139441861436,40.8455198773664],[-73.8136339767763,40.8452890579991],[-73.8132143473035,40.845931229753],[-73.8136199778058,40.8452833307478],[-73.8132613719591,40.8452422798455],[-73.8128507938615,40.8463270886122],[-73.8132446586108,40.8452441969559],[-73.8128784306033,40.8451429569658],[-73.813157364988,40.845220389695],[-73.8128567642792,40.8451945750916],[-73.812279302557,40.8465517473928],[-73.8128428305205,40.8451884597383],[-73.8126151824226,40.8451177966446],[-73.8128591377966,40.8451378342711],[-73.8125459728119,40.8449878877919],[-73.8118859830705,40.8466032560962],[-73.8124376449151,40.8467460011789],[-73.8117011125196,40.8466899908636],[-73.8126628075454,40.8442159384625],[-73.8127138180353,40.8444748253004],[-73.8128226142159,40.8442679052006],[-73.8127626297985,40.8444815925164],[-73.8129925975032,40.8445307966987],[-73.812704767401,40.8444936012297],[-73.8126502879116,40.8446677566937],[-73.8131193454071,40.8447958925447],[-73.8126423517376,40.8446899509047],[-73.8125504846952,40.8449605633088],[-73.8136798823219,40.8450652691874],[-73.8141686849324,40.844789195189],[-73.8137011869733,40.844856745428],[-73.8141847412089,40.844690488114],[-73.8134673645377,40.8442714782106],[-73.81348096107,40.8436594077419],[-73.8150009453982,40.8435127407757],[-73.8152168045389,40.844086488557],[-73.8156743206792,40.8444370645657],[-73.8163071154557,40.844407499509],[-73.8164372331125,40.844073195364],[-73.818238624149,40.8443633300568],[-73.8181922865672,40.8441214363868],[-73.8176913418168,40.8442767843233],[-73.8171884382048,40.843924252458],[-73.8166281689187,40.8439531875481],[-73.8157243969943,40.8425448536783],[-73.8151725322485,40.8425854502208],[-73.8157034735809,40.8425280098091],[-73.8154164337249,40.8423996157058],[-73.8155863164247,40.84184955347],[-73.8152640288117,40.841268127419],[-73.8147348528955,40.8413840161827],[-73.8152216565542,40.8412109645495],[-73.8152354444085,40.8410179294619],[-73.8149061661072,40.8405676482648],[-73.8150505214014,40.8405259077349],[-73.8148078622419,40.8398126547156],[-73.8143673598414,40.8398736521645],[-73.8147983736593,40.8397962450604],[-73.814724591407,40.8395971747008],[-73.8143103959706,40.8396307049497],[-73.8147213852074,40.8395801663949],[-73.8147841719123,40.8390847758761],[-73.8159204282736,40.838620499272],[-73.8162851760933,40.8382391166866],[-73.8164802988223,40.8376694468561],[-73.8160620770547,40.8360384841993],[-73.8237952284177,40.8343084339175],[-73.824634861535,40.8338640950319],[-73.825160235813,40.8346227582816],[-73.8260139243545,40.8340290645078],[-73.826222275514,40.8343629944116],[-73.8256049013627,40.8350384340905],[-73.8254062227371,40.8356675612313],[-73.8258512576882,40.8370691541988],[-73.8262427269029,40.8430018826327],[-73.8251813879654,40.8427083475907],[-73.8249583746207,40.8461137337008],[-73.820485451326,40.8485093159465],[-73.8201418331351,40.8480288876383],[-73.8163025870977,40.8485804625086],[-73.8151433145129,40.849088902616],[-73.8155314315546,40.8483075663779],[-73.8156351768857,40.8481914118022]]],[[[-73.8358305158273,40.8434795824631],[-73.8368277994753,40.8434707345831],[-73.8361550307669,40.8461394644987],[-73.8355604040737,40.8519723040096],[-73.8346411036504,40.8538262838266],[-73.8339071415977,40.8544760714833],[-73.8322828896558,40.8551857403827],[-73.8286033700545,40.8557261384273],[-73.8272054017917,40.8532982747356],[-73.8273797560118,40.8528262496183],[-73.8271327323193,40.8518793712925],[-73.827856753152,40.8497469759903],[-73.8280013446908,40.8486406406689],[-73.8264515481507,40.8462716843678],[-73.8261144042567,40.8453469822571],[-73.830433263431,40.8438662713942],[-73.8347495348399,40.8435110960629],[-73.8358305158273,40.8434795824631]]],[[[-73.7892234172769,40.8587508084171],[-73.7887679077818,40.8584104597408],[-73.7887854161101,40.8574289820953],[-73.7880296945901,40.8575229745721],[-73.788780373056,40.8574092178407],[-73.7888979369565,40.8565816787951],[-73.7883608191531,40.8556347812403],[-73.7885550446128,40.8551570274811],[-73.7882955237622,40.8548309429336],[-73.7884787141167,40.8544088123011],[-73.7883483937924,40.854161810974],[-73.787348918284,40.8543941770673],[-73.7883465350418,40.8541403037713],[-73.7869087342794,40.8540722640648],[-73.7879296037801,40.8537460889312],[-73.7880020370589,40.8535329274648],[-73.7858832513613,40.8517969636048],[-73.7852934921374,40.8516289410687],[-73.7841332771459,40.851841097173],[-73.7843155372266,40.8517758370607],[-73.7839625106618,40.851495224518],[-73.7833829714536,40.8515950255626],[-73.7836034904695,40.8513278106898],[-73.7846021630605,40.8511039833542],[-73.7844560189256,40.8507811658913],[-73.783842578873,40.8507011906146],[-73.7840671936114,40.8506335239755],[-73.7842018567921,40.8500689353594],[-73.783536363974,40.8492292586781],[-73.7830367405304,40.8490801986068],[-73.7824509117346,40.8493494445496],[-73.7820959481291,40.8492555914036],[-73.7821595266223,40.8491244652688],[-73.7815458760389,40.8494087256605],[-73.7821424723862,40.8491089544581],[-73.7814338801107,40.8488082968188],[-73.7814952500743,40.8485887670733],[-73.7826760554757,40.8481479622661],[-73.7809795939214,40.8484666384118],[-73.7826387895766,40.8480809402567],[-73.7814857042858,40.8478904845102],[-73.7814305882409,40.8474646368536],[-73.7820798689203,40.8471390989958],[-73.7821653198072,40.8466446283242],[-73.7804638007703,40.8471085237084],[-73.7804046544559,40.8469394251111],[-73.7810618247754,40.846810842667],[-73.7811532100214,40.8462545946844],[-73.7811081411963,40.8467552880671],[-73.7816892544531,40.8466471655351],[-73.7817442732879,40.8464205807875],[-73.7817163311226,40.846665764274],[-73.7810944034566,40.8468067829288],[-73.7825148363208,40.8464170627195],[-73.7823584125247,40.84598987893],[-73.7825807141015,40.8459441828771],[-73.7824973576213,40.8456698519366],[-73.7830958059282,40.8455265753551],[-73.7831478270825,40.8453182319059],[-73.783075942952,40.8455180544375],[-73.7818178459444,40.8457732683793],[-73.7830521349798,40.8455051136701],[-73.7830616162772,40.8450939986432],[-73.7818167438797,40.8454888727602],[-73.7830759593574,40.8450646586613],[-73.7831538407415,40.8453042738266],[-73.782977177248,40.8446892382159],[-73.7833667459205,40.844453013221],[-73.7830126836167,40.8441809807141],[-73.7832712557084,40.844077682017],[-73.7830963325316,40.8438743833286],[-73.7834856723595,40.8436868355686],[-73.7805287451034,40.8445334305439],[-73.7799284218638,40.8438913716484],[-73.7805344115862,40.8444613116324],[-73.7803976172858,40.8439746990248],[-73.7805860317838,40.8444428623262],[-73.7810639974984,40.8443366079241],[-73.7808782862008,40.8438705099693],[-73.7810911623959,40.8443284172443],[-73.7815474092956,40.8442241799545],[-73.7813781257323,40.8437127766576],[-73.7815772871549,40.844215992497],[-73.7820090900031,40.8441178907962],[-73.7818344502491,40.8435838080656],[-73.7820389610012,40.844111765341],[-73.7824381840799,40.8440177211364],[-73.7822501017815,40.8434444583249],[-73.7824707815267,40.844007478243],[-73.7828238249592,40.8439277706471],[-73.7825734917795,40.84330287108],[-73.7827863710996,40.8437628355923],[-73.783093245725,40.8436933454939],[-73.7828752668602,40.8431323921623],[-73.7831339105013,40.8437057866591],[-73.7828429005888,40.8439030771511],[-73.7834761972369,40.8436630275901],[-73.7831933300659,40.8428761537428],[-73.7830467825852,40.8429046220247],[-73.7832117740023,40.8434876285729],[-73.782912372128,40.8429306447045],[-73.7831406445414,40.842830609386],[-73.7829188558569,40.8428147351911],[-73.7831252151401,40.8427444929845],[-73.7828891675848,40.8425031185868],[-73.7827345782675,40.8425299954681],[-73.782817229545,40.8427728122147],[-73.7827080841368,40.8425407650183],[-73.7823007963828,40.8426141861966],[-73.7824459083367,40.8430503242348],[-73.7822682130821,40.8426203075006],[-73.7818018680927,40.8427044357831],[-73.7819344507173,40.8432363779132],[-73.7817733542075,40.8427105628443],[-73.781247950335,40.8428053965967],[-73.7814292367449,40.8433791633315],[-73.781217395329,40.8428130667014],[-73.780675683961,40.842915594071],[-73.7808304211797,40.8435155877254],[-73.78064514413,40.8429186264997],[-73.7802969097358,40.842981334335],[-73.7802291229612,40.843786471698],[-73.7802280087039,40.8428915578229],[-73.7828663774213,40.8424863913022],[-73.7805987418687,40.8427948893703],[-73.7823699443447,40.842436783034],[-73.782153045417,40.8423635180841],[-73.7823124931847,40.8422324682852],[-73.7816219351658,40.8423377843797],[-73.7823078178314,40.8422194049733],[-73.7823339558635,40.8419311335333],[-73.7814414151889,40.8421504229901],[-73.7823248975355,40.8419066202495],[-73.7820389100124,40.841850206226],[-73.7821676282749,40.8416974335148],[-73.7813006655631,40.8418027313834],[-73.7813400697838,40.842004508169],[-73.7806977123536,40.842040672766],[-73.7807223730386,40.8421998219668],[-73.7803494351705,40.8421173878931],[-73.7804271556501,40.842502683358],[-73.7801973833629,40.8420545011729],[-73.7818518658678,40.8416622361056],[-73.7816618964737,40.8411324642714],[-73.7808436215585,40.8412846136128],[-73.7808935898625,40.8415613733324],[-73.780798913557,40.8412644358909],[-73.7816499373217,40.8411060525969],[-73.7813928205488,40.8410448991654],[-73.7816120805931,40.841004529242],[-73.7813762666117,40.8409871604012],[-73.7815953538463,40.8409480868964],[-73.7814194352576,40.8407230447695],[-73.7815443448645,40.8403949506175],[-73.7814931038593,40.8402145138932],[-73.7812550021359,40.8402637888865],[-73.7814901652504,40.840205613225],[-73.7813640571216,40.8397384786715],[-73.7811808626008,40.8397541520033],[-73.7813426355604,40.8394868529132],[-73.7811401419215,40.8395025679354],[-73.7813412726817,40.8394779885454],[-73.7815691936651,40.8385456943752],[-73.7820055945618,40.838023861951],[-73.7818859410262,40.8376585645423],[-73.7823828096192,40.8373323950045],[-73.7827289920464,40.837496248248],[-73.7829076769302,40.837328294508],[-73.7827050299866,40.8368510900356],[-73.7828239859721,40.8363464443099],[-73.7830306034774,40.8363541398107],[-73.7833830648588,40.8369175605104],[-73.7841030304374,40.836733816958],[-73.7844859462819,40.8370325110228],[-73.7849819889725,40.836754714227],[-73.7850836514348,40.8368901952171],[-73.7845047251595,40.8370660544889],[-73.784851477217,40.8374787780552],[-73.785641363437,40.8370727236711],[-73.7858320645388,40.837218268595],[-73.7851672291065,40.8374796223559],[-73.7855793535307,40.8379354020082],[-73.785531500243,40.838806566675],[-73.7857364784543,40.8392425203735],[-73.7865273703473,40.8397314047143],[-73.7874089740967,40.8396859118299],[-73.7876406990056,40.8405401845344],[-73.7873586283852,40.8405990615854],[-73.787493050363,40.8408506305335],[-73.7881827080796,40.8407193694867],[-73.7881605986414,40.8404990675745],[-73.7882559189416,40.8407541522889],[-73.7875251830646,40.8408879009222],[-73.7878654265918,40.8410900140352],[-73.7876137636217,40.8412062948072],[-73.7878462613426,40.8414797683206],[-73.7883675611952,40.8415128988759],[-73.7880214214602,40.8417921310593],[-73.7882949744743,40.8417936627259],[-73.7880573773017,40.8418753200945],[-73.7883859523453,40.8423902676017],[-73.788840035936,40.8423586855195],[-73.7885291950141,40.8424338657562],[-73.78905964152,40.8432436216322],[-73.7899256362483,40.8432324438203],[-73.7899323208794,40.8430505540997],[-73.7898058820396,40.8435949452371],[-73.7893384742925,40.8436897882136],[-73.7894732093304,40.8443012679588],[-73.7906672777292,40.8457498488859],[-73.790989971914,40.8456611220276],[-73.7906992413744,40.8457943021944],[-73.7909747202831,40.8463656011896],[-73.7914921533288,40.8462592940829],[-73.7911289796716,40.8463658806088],[-73.791182675701,40.8465639660493],[-73.7914151793331,40.8465561372635],[-73.7914817351042,40.846810342139],[-73.7917948240533,40.8467399621693],[-73.7913684865396,40.8468959329252],[-73.7914418846099,40.8473143338054],[-73.7919213664523,40.8472665081332],[-73.7912684734381,40.8476101577791],[-73.791331147272,40.8480662132698],[-73.791619042066,40.8480612154494],[-73.7913372687676,40.8480945286924],[-73.7910150107639,40.8489934998591],[-73.7908884896342,40.8488948537289],[-73.789758497813,40.8495397601765],[-73.7898597565162,40.8499808501864],[-73.7909901596162,40.8498366391738],[-73.7898676903058,40.8499976804717],[-73.7900189749359,40.8503246219973],[-73.790359057947,40.8501506256479],[-73.7898932537474,40.8504724721879],[-73.7900723193959,40.8509403105223],[-73.7902490356775,40.8509118017366],[-73.7900877876518,40.8509927645462],[-73.7902696323718,40.8509693789676],[-73.7901257798264,40.8511982039948],[-73.7895151027939,40.85130906246],[-73.7895641121393,40.8514956280162],[-73.7900592018734,40.8514228219013],[-73.790019357256,40.8512677617201],[-73.7900910028765,40.8514154542939],[-73.7903384830421,40.8512284358406],[-73.7909885680798,40.85127230701],[-73.7896662908606,40.851508673414],[-73.7897271252726,40.8517009614812],[-73.790893567211,40.8515551943965],[-73.7901972743111,40.8517611960471],[-73.7904650936524,40.8517752973685],[-73.7900853573333,40.8520428183093],[-73.7901564800733,40.8522595768654],[-73.7901623390676,40.8520485270137],[-73.7902754305041,40.8522315626805],[-73.7905335121891,40.852171705666],[-73.7904533914229,40.8519980124372],[-73.7908074940246,40.8521081677724],[-73.7905623128954,40.8519527343764],[-73.7907960209311,40.8518696321917],[-73.7908551947049,40.8520971169482],[-73.7911133493886,40.85201405934],[-73.7910123596851,40.8518690967941],[-73.7911750553118,40.8518248439663],[-73.7911890963069,40.8520244035684],[-73.7914643216867,40.8519534399914],[-73.7913218397411,40.8517879876036],[-73.7915187754973,40.8517382266658],[-73.7914973559115,40.8519423641903],[-73.792495897849,40.851559016044],[-73.7901714593737,40.8522889530143],[-73.7911393393836,40.8520641441517],[-73.7912379479248,40.8522885807777],[-73.7931842297576,40.8518168631944],[-73.7931197606522,40.8515865858116],[-73.7932392560625,40.8519394659419],[-73.7912469555918,40.852312972551],[-73.7913819150995,40.8526103292816],[-73.7934112652411,40.8520301755942],[-73.7935090175694,40.8522723349578],[-73.7934253959659,40.8521445933562],[-73.7913924523034,40.8526363663089],[-73.7914477887889,40.8527798628196],[-73.7904219262101,40.8530312694866],[-73.7905001815934,40.8531970133579],[-73.7910072554137,40.853125982701],[-73.7914557516666,40.8530191384572],[-73.7914384148295,40.8528310191447],[-73.7915046612589,40.8530130404662],[-73.7916569322714,40.8527856292652],[-73.7919645711903,40.8529037394141],[-73.7919178873453,40.852719279084],[-73.791990669533,40.8528963619009],[-73.7922255186908,40.8528398630819],[-73.7921771969629,40.8526578762644],[-73.7922532491263,40.8528312520705],[-73.7924880874341,40.8527784654341],[-73.7924381432947,40.8525939994486],[-73.7925109294069,40.8527698437667],[-73.7928322272458,40.8526887517869],[-73.7928165083569,40.8525031101403],[-73.7929022552369,40.8527037266638],[-73.7908089752558,40.8532073512625],[-73.7911157021593,40.8532727434971],[-73.7912671194931,40.8537151555404],[-73.7925254757174,40.8534182129254],[-73.7924106988238,40.8530616269986],[-73.7925573730074,40.8534094697585],[-73.7929806713142,40.8533112361315],[-73.7928774891515,40.852952472466],[-73.7930413002657,40.8533795411108],[-73.7910586009367,40.853926703898],[-73.792459555937,40.8536089999496],[-73.7910714160419,40.85395324845],[-73.7925385346189,40.8538576188564],[-73.7925689776306,40.8540247259956],[-73.7917950562292,40.8540131211918],[-73.7919195063738,40.8542306465685],[-73.7912942093077,40.8545923169883],[-73.7920781452473,40.8556534594562],[-73.7925044556957,40.8557969578866],[-73.7920185111995,40.8561852401373],[-73.7925695296112,40.8562644102834],[-73.7920118885388,40.8562334199045],[-73.7920895364656,40.8564859339379],[-73.7919032214374,40.8565552034677],[-73.7930963109374,40.856694733037],[-73.791895617977,40.856577181602],[-73.7917084316718,40.8568601345132],[-73.7922040479712,40.8571542927725],[-73.7924293296361,40.8569368338598],[-73.7922232808978,40.8571605903415],[-73.7928285209451,40.8574440824154],[-73.7930140331535,40.8570113177602],[-73.7928854274512,40.8574874947065],[-73.7918611759213,40.8570123990353],[-73.7926847745301,40.8574286851152],[-73.7921140564307,40.8571752238101],[-73.791895907887,40.8574454143438],[-73.7925710938191,40.8576479183701],[-73.7923966058848,40.8578538399761],[-73.7917439287122,40.8574022424166],[-73.7920947131736,40.8571662821759],[-73.7918444212237,40.8570369936972],[-73.7916053235109,40.8573836049717],[-73.7912951774636,40.8572715299675],[-73.7909434112277,40.8575610401336],[-73.7916380344995,40.8578911045759],[-73.791786682467,40.8577837171739],[-73.7914383476889,40.8581629781615],[-73.7916200496089,40.8579096348604],[-73.7909336160258,40.8575760795316],[-73.7902373156172,40.8581623775867],[-73.7900627243033,40.8584678413837],[-73.7902026179426,40.8586098820883],[-73.7900473861986,40.8584836972713],[-73.7892594331325,40.8587735081012],[-73.7892234172769,40.8587508084171]]],[[[-73.7845759030319,40.8605402911377],[-73.7843709937261,40.8598584963333],[-73.7847153628502,40.8591443712296],[-73.7851415570023,40.8588009044582],[-73.7860767918549,40.8592828959916],[-73.7866094667377,40.8590444349938],[-73.786695317368,40.8586943577487],[-73.7877351106488,40.8587792846688],[-73.7871582972971,40.8595739958517],[-73.7870026915158,40.8602326822332],[-73.7846292589734,40.8605380080419],[-73.7845759030319,40.8605402911377]]]]}},{"type":"Feature","properties":{"id":"bronx-co","name":"Co","ntaName":"Co-op City","nta":"BX1004","type":"neighborhood","price":8,"blocks":34,"boro":"bronx","borough":"Bronx"},"geometry":{"type":"Polygon","coordinates":[[[-73.820240982723,40.8854993490422],[-73.8200558543117,40.8821224251045],[-73.8232973924328,40.8731057123394],[-73.8212668354902,40.8690828369372],[-73.815789036597,40.8657663544285],[-73.8169989989099,40.8644673238368],[-73.8168463554892,40.8643150859718],[-73.8199230152104,40.8617836654568],[-73.8217849888363,40.8609555124429],[-73.8272190939392,40.8592148683526],[-73.8280221001358,40.8606498312701],[-73.8295569237422,40.8621715029941],[-73.8336948455573,40.8704591813624],[-73.8348035815088,40.8737328034745],[-73.8348938868214,40.8750792310254],[-73.834695190291,40.8765522434207],[-73.8337705108697,40.8787284236801],[-73.8324612332043,40.8802154338391],[-73.8298624350603,40.8821832334216],[-73.8260644878734,40.8841611329427],[-73.8266129918513,40.8846575411719],[-73.8219191337671,40.8861345345327],[-73.8211870377457,40.8859511248957],[-73.8208202018613,40.8853516140803],[-73.8206507080902,40.885390756381],[-73.820240982723,40.8854993490422]]]}},{"type":"Feature","properties":{"id":"bronx-hart-island","name":"Hart Island","ntaName":"Hart Island","nta":"BX1071","type":"neighborhood","price":8,"blocks":11,"boro":"bronx","borough":"Bronx"},"geometry":{"type":"MultiPolygon","coordinates":[[[[-73.7806908373446,40.8549370993736],[-73.7810114127443,40.8548845431606],[-73.7812346112542,40.8554069603847],[-73.7808713326053,40.8555399915915],[-73.780648056806,40.8550417391791],[-73.7806908373446,40.8549370993736]]],[[[-73.7828535169698,40.8554940970055],[-73.7825985012529,40.8548308523913],[-73.7838600054755,40.8548398593118],[-73.7835580537536,40.85508260305],[-73.7833051756526,40.8558568744557],[-73.7830610891494,40.8557167581744],[-73.7828535169698,40.8554940970055]]],[[[-73.7678334366776,40.8544504988755],[-73.7685579844281,40.8532466150152],[-73.7690457704584,40.8532992170038],[-73.7693866720509,40.8525444263817],[-73.76860955724,40.8507966867612],[-73.7695981239221,40.8476028109806],[-73.7695045970157,40.8472261261234],[-73.7678963065673,40.8452977227933],[-73.7690152724136,40.8451056328859],[-73.7715735694765,40.8475083497177],[-73.770890583258,40.8497600629357],[-73.7720510182412,40.8516265813988],[-73.7727125576439,40.8518348725428],[-73.7724673238176,40.8518419757944],[-73.7724619047452,40.8520678343622],[-73.7729649485296,40.8521675457587],[-73.7726497599999,40.852232695363],[-73.772892139496,40.8524065611871],[-73.7724607843061,40.8521145588153],[-73.7724528766949,40.8524441890541],[-73.7717319855245,40.8524851232685],[-73.7717185415729,40.8530128314575],[-73.7722981875309,40.8530946702872],[-73.7723505566026,40.8538597120708],[-73.7729642351334,40.8538083541305],[-73.7729595576756,40.8541457250034],[-73.772334104221,40.8539091374525],[-73.7721417504656,40.8544210056549],[-73.7723557096132,40.8596814553655],[-73.7721936125405,40.8599949321453],[-73.7708470057347,40.8601093062235],[-73.7694744359751,40.8593384303821],[-73.7683641546224,40.8583665821728],[-73.7683622405512,40.8576636556183],[-73.7653338187211,40.8550518875964],[-73.7678334366776,40.8544504988755]]]]}},{"type":"Feature","properties":{"id":"bronx-ferry-point-park","name":"Ferry Point Park","ntaName":"Ferry Point Park-St. Raymond Cemetery","nta":"BX1091","type":"park","price":8,"blocks":9,"boro":"bronx","borough":"Bronx"},"geometry":{"type":"Polygon","coordinates":[[[-73.8318162680875,40.8268933030867],[-73.8311036663938,40.8268327396862],[-73.8246456763082,40.8247721359619],[-73.8294606059275,40.8223853945338],[-73.8283306135198,40.8210486757232],[-73.8267180118791,40.8218268603712],[-73.8253696931437,40.8202200983183],[-73.8231737699662,40.8166878969709],[-73.8284153685207,40.8148834303094],[-73.8263092436967,40.8112924041816],[-73.8276890775269,40.8114675021403],[-73.8290681763112,40.81129998685],[-73.8301886955745,40.8108445790055],[-73.8312447003861,40.8100112685434],[-73.8318400859569,40.809270165955],[-73.8322074444272,40.8079529420918],[-73.8321010173302,40.807311754038],[-73.831619627849,40.8066540604337],[-73.8313968855145,40.8051789881572],[-73.8316171427668,40.8049465365401],[-73.8326181449671,40.8049555220408],[-73.8346653929689,40.8052534081151],[-73.8374375200922,40.8062109232697],[-73.8380621648043,40.8070480560951],[-73.8382640848839,40.8082198775117],[-73.8402609294564,40.8114513189692],[-73.8404333969075,40.8125494104659],[-73.840270077634,40.8132887568996],[-73.8396304180274,40.8140180000936],[-73.8395390681039,40.8158274656261],[-73.8397449600672,40.816414354343],[-73.8369683248556,40.8163749403151],[-73.8363977862921,40.8188996497606],[-73.8364381476778,40.8178241517561],[-73.8360438752322,40.8177908950022],[-73.8360003490796,40.8236112276715],[-73.8368336048325,40.8284497271827],[-73.8353369061157,40.8282007283673],[-73.8318592937689,40.8269105928688],[-73.8318162680875,40.8268933030867]]]}},{"type":"Feature","properties":{"id":"bronx-pelham-parkway","name":"Pelham Parkway","ntaName":"Pelham Parkway-Van Nest","nta":"BX1101","type":"neighborhood","price":8,"blocks":82,"boro":"bronx","borough":"Bronx"},"geometry":{"type":"Polygon","coordinates":[[[-73.8617921048524,40.8579911942268],[-73.8621209490793,40.8508144648964],[-73.8630407917881,40.8506195956112],[-73.8625106476233,40.8483705691294],[-73.8611938187538,40.8486117561628],[-73.8603880140875,40.848243859537],[-73.858655081351,40.8452946781058],[-73.8573825223763,40.8437245533978],[-73.853336656871,40.8424784422822],[-73.8634737337598,40.8413142192517],[-73.8672496000161,40.8403520905945],[-73.869209080526,40.8396083332247],[-73.8735985485795,40.839806842333],[-73.8709965938262,40.8431196786785],[-73.8680434155659,40.844822126377],[-73.868638628434,40.845318130413],[-73.8686633501333,40.846268441273],[-73.8689279389889,40.846890028053],[-73.8683560708514,40.8470885208885],[-73.8678613417726,40.8488732197591],[-73.86921085865,40.8492466612697],[-73.8682521894933,40.8509678749957],[-73.8698898357846,40.8559793573411],[-73.8681897172036,40.8580721239639],[-73.8680217045783,40.857838885021],[-73.8628792543175,40.8579618808414],[-73.8617921048524,40.8579911942268]]]}},{"type":"Feature","properties":{"id":"bronx-morris-park","name":"Morris Park","ntaName":"Morris Park","nta":"BX1102","type":"neighborhood","price":8,"blocks":127,"boro":"bronx","borough":"Bronx"},"geometry":{"type":"Polygon","coordinates":[[[-73.83682058766,40.8572851001951],[-73.8369135299942,40.8570163986825],[-73.8366769749525,40.856660953962],[-73.8352410243297,40.8565015258849],[-73.8384334718544,40.8554771589267],[-73.8405720788893,40.854137421723],[-73.8414930365801,40.853202575946],[-73.8449419417504,40.8482265100651],[-73.8448871687932,40.8502110143983],[-73.8453479737175,40.849457777224],[-73.845371674039,40.8487209176836],[-73.8457849103142,40.8479746462946],[-73.847886325447,40.8459972685309],[-73.8462362046873,40.844498505574],[-73.8480648590758,40.8430762860799],[-73.853336656871,40.8424784422822],[-73.8573825223763,40.8437245533978],[-73.858655081351,40.8452946781058],[-73.8603880140875,40.848243859537],[-73.8611938187538,40.8486117561628],[-73.8625106476233,40.8483705691294],[-73.8630407917881,40.8506195956112],[-73.8621209490793,40.8508144648964],[-73.8617921048524,40.8579911942268],[-73.8473988762801,40.8586908363594],[-73.8432969360343,40.8582986661985],[-73.8372422928367,40.8573656134772],[-73.83682058766,40.8572851001951]]]}},{"type":"Feature","properties":{"id":"bronx-pelham-gardens","name":"Pelham Gardens","ntaName":"Pelham Gardens","nta":"BX1103","type":"neighborhood","price":8,"blocks":175,"boro":"bronx","borough":"Bronx"},"geometry":{"type":"Polygon","coordinates":[[[-73.853637796689,40.8733088923496],[-73.84859816773,40.8716790781342],[-73.8315976004763,40.8626529962524],[-73.8295569237422,40.8621715029941],[-73.8284089896722,40.8609565928103],[-73.8298762861458,40.8597487114482],[-73.83682058766,40.8572851001951],[-73.8432969360343,40.8582986661985],[-73.8473988762801,40.8586908363594],[-73.8493103405409,40.8587257933004],[-73.8566380496075,40.8581235840246],[-73.857314515441,40.8594627908803],[-73.8577116924004,40.8622865218405],[-73.8589109771667,40.8646452173881],[-73.8596142226927,40.8655210100252],[-73.8586743915231,40.8655032496562],[-73.8584887271978,40.8712923526956],[-73.8566152347525,40.8712584601206],[-73.8565143329494,40.8742260863768],[-73.8545094597196,40.8735892356613],[-73.853637796689,40.8733088923496]]]}},{"type":"Feature","properties":{"id":"bronx-allerton","name":"Allerton","ntaName":"Allerton","nta":"BX1104","type":"neighborhood","price":8,"blocks":91,"boro":"bronx","borough":"Bronx"},"geometry":{"type":"Polygon","coordinates":[[[-73.8584887271978,40.8712923526956],[-73.8586743915231,40.8655032496562],[-73.8596142226927,40.8655210100252],[-73.8589109771667,40.8646452173881],[-73.8577116924004,40.8622865218405],[-73.857314515441,40.8594627908803],[-73.8566380496075,40.8581235840246],[-73.867588936759,40.857838379281],[-73.8680791366249,40.8578551329649],[-73.8681897172036,40.8580721239639],[-73.8684168095128,40.8577886482369],[-73.8695500937396,40.8577343198901],[-73.8710508633924,40.8573131275685],[-73.8704136429154,40.8638010128377],[-73.8705388004804,40.8696823239227],[-73.8643275775634,40.8696646157714],[-73.8642674566138,40.8713979426313],[-73.8594282150471,40.8713089892905],[-73.8584887271978,40.8712923526956]]]}},{"type":"Feature","properties":{"id":"bronx-hutchinson-metro-center","name":"Hutchinson Metro Center","ntaName":"Hutchinson Metro Center","nta":"BX1161","type":"park","price":8,"blocks":16,"boro":"bronx","borough":"Bronx"},"geometry":{"type":"Polygon","coordinates":[[[-73.8312929775583,40.8554423962855],[-73.8340837215554,40.8543709309906],[-73.8346411036392,40.8538262842618],[-73.8353372924104,40.8525629885198],[-73.8355604036485,40.8519723040554],[-73.8362004724448,40.8458356841011],[-73.8376714169707,40.8411301957353],[-73.83762264375,40.840291854073],[-73.83936934538,40.8408912612901],[-73.8420196825472,40.8406665660467],[-73.8414624225999,40.8409643833682],[-73.8432779620093,40.8435500943027],[-73.8449117459353,40.8454357494171],[-73.8446066259954,40.8462619857912],[-73.8449419417504,40.8482265100651],[-73.8414930365801,40.853202575946],[-73.8404570070106,40.854233512153],[-73.8391021885362,40.8551503211365],[-73.8352410243297,40.8565015258849],[-73.8366769749525,40.856660953962],[-73.8369135299942,40.8570163986825],[-73.83682058766,40.8572851001951],[-73.8298762861458,40.8597487114482],[-73.8285549266465,40.8607627986327],[-73.8312123594448,40.8575063148582],[-73.8328525133139,40.8560974426277],[-73.8313987715187,40.8554572724138],[-73.8312929775583,40.8554423962855]]]}},{"type":"Feature","properties":{"id":"bronx-williamsbridge","name":"Williamsbridge","ntaName":"Williamsbridge-Olinville","nta":"BX1201","type":"neighborhood","price":8,"blocks":175,"boro":"bronx","borough":"Bronx"},"geometry":{"type":"Polygon","coordinates":[[[-73.8474453757855,40.8869868271939],[-73.8524844668787,40.8794719994245],[-73.8520715258209,40.8793059514514],[-73.8509203689995,40.877901734767],[-73.85254994961,40.8770998806826],[-73.8517237697224,40.8768516645618],[-73.850690964596,40.8754949725584],[-73.853637796689,40.8733088923496],[-73.8565143329494,40.8742260863768],[-73.8566152347525,40.8712584601206],[-73.8642674566138,40.8713979426313],[-73.8643275775634,40.8696646157714],[-73.8705388004804,40.8696823239227],[-73.8703164975799,40.8756258164105],[-73.8693629013807,40.8781200398526],[-73.8709455621048,40.878517989635],[-73.8701545997922,40.8803591220005],[-73.8708370924473,40.880462409218],[-73.8700187317605,40.8823527668969],[-73.8687677398843,40.8842321549119],[-73.8670060684463,40.8890821779048],[-73.8636866914198,40.8943328944128],[-73.8635605701723,40.8953853148094],[-73.8613606918384,40.8946706163965],[-73.8627411344645,40.8918471892659],[-73.8502730683885,40.8878891342534],[-73.8474453757855,40.8869868271939]]]}},{"type":"Feature","properties":{"id":"bronx-eastchester","name":"Eastchester","ntaName":"Eastchester-Edenwald-Baychester","nta":"BX1202","type":"neighborhood","price":8,"blocks":269,"boro":"bronx","borough":"Bronx"},"geometry":{"type":"Polygon","coordinates":[[[-73.7932300994354,40.8828308930225],[-73.8052025306805,40.8860082541686],[-73.8079035662916,40.8857887574621],[-73.8127702650578,40.886692270965],[-73.8159983187425,40.8865657035201],[-73.8208202018613,40.8853516140803],[-73.8211870377457,40.8859511248957],[-73.8220595725954,40.8861165159361],[-73.8266129918513,40.8846575411719],[-73.8260644878734,40.8841611329427],[-73.8298624350603,40.8821832334216],[-73.8324612332043,40.8802154338391],[-73.8337705108697,40.8787284236801],[-73.8344531098413,40.877282436305],[-73.8348423871226,40.8758012207437],[-73.8348035815088,40.8737328034745],[-73.8343386130779,40.8720353165989],[-73.8295569237422,40.8621715029941],[-73.8315976004763,40.8626529962524],[-73.84859816773,40.8716790781342],[-73.853637796689,40.8733088923496],[-73.850690964596,40.8754949725584],[-73.8517237697224,40.8768516645618],[-73.85254994961,40.8770998806826],[-73.8509203689995,40.877901734767],[-73.8520715258209,40.8793059514514],[-73.8524844668787,40.8794719994245],[-73.8474453757855,40.8869868271939],[-73.8459070927373,40.8897496665041],[-73.8506922497171,40.8913110688861],[-73.8380441778798,40.894150629143],[-73.8225251762012,40.8894371217968],[-73.8225543008959,40.8898147026013],[-73.8233758310813,40.8899300598801],[-73.8233714391973,40.8909755935257],[-73.8228547500328,40.8912151268087],[-73.8182787787565,40.889855428638],[-73.7930079161855,40.8833670346067],[-73.7932300994354,40.8828308930225]]]}},{"type":"Feature","properties":{"id":"bronx-wakefield","name":"Wakefield","ntaName":"Wakefield-Woodlawn","nta":"BX1203","type":"neighborhood","price":8,"blocks":220,"boro":"bronx","borough":"Bronx"},"geometry":{"type":"Polygon","coordinates":[[[-73.8510725718056,40.9103798206881],[-73.8534766341225,40.9075385933536],[-73.8509220035395,40.9066247942285],[-73.8501745845842,40.9075161655896],[-73.8470817384571,40.906165032315],[-73.8448202777361,40.9055382499179],[-73.8448940569208,40.9041991667755],[-73.8413882997499,40.9041810411299],[-73.8407799951468,40.9016361568172],[-73.8391905893859,40.8993005974871],[-73.8396657376647,40.8978938140371],[-73.839649533197,40.8973388336611],[-73.838393396363,40.8940753057763],[-73.8506922497171,40.8913110688861],[-73.8459070927373,40.8897496665041],[-73.8474453757855,40.8869868271939],[-73.8627411344645,40.8918471892659],[-73.8613606918384,40.8946706163965],[-73.8640177901788,40.8955313452318],[-73.8704881411205,40.8966485087893],[-73.8748075980597,40.8957339850855],[-73.8771211584745,40.8954769609586],[-73.8764388479334,40.8968788909047],[-73.8752610850081,40.8981242844422],[-73.8740320397728,40.8989143836087],[-73.8699629515817,40.9008420339055],[-73.8684782718534,40.9020807329993],[-73.8678994007598,40.9029484753312],[-73.8594691992891,40.9005255080187],[-73.859078334934,40.9010162919611],[-73.8593783775666,40.9015735171238],[-73.8590284537187,40.9014532087018],[-73.8588654251042,40.9017199935528],[-73.8594653119487,40.9019421761594],[-73.8595802419167,40.9024491418947],[-73.8592657368839,40.9026777785718],[-73.8587296598242,40.9022972696929],[-73.8581614117995,40.9023140088465],[-73.857970734565,40.902859206444],[-73.8575610883918,40.9029260952457],[-73.8571123165166,40.903657831639],[-73.8569929852019,40.904592509198],[-73.8574359878539,40.9048498433671],[-73.8571790717144,40.9052948409206],[-73.8566557798826,40.9050633000157],[-73.8560116453573,40.9053142829318],[-73.8560130198692,40.9054903827799],[-73.8565039285819,40.9055721481337],[-73.8569253935992,40.9059824695143],[-73.8568115479376,40.9061641277684],[-73.8558060491956,40.9062726636254],[-73.8551393321106,40.906875188781],[-73.854239177649,40.9070411679581],[-73.853742447194,40.9077962171069],[-73.8538350207037,40.9079826497212],[-73.8547121937243,40.9080146103218],[-73.854912507813,40.9083631697723],[-73.8545908164498,40.9089477993612],[-73.853602028156,40.9096150416794],[-73.8529575950062,40.910361344576],[-73.8525861579534,40.9103189174653],[-73.8526617695962,40.9100234945045],[-73.8522759267065,40.909862400469],[-73.851448950003,40.9104579721738],[-73.8510725718056,40.9103798206881]]]}},{"type":"Feature","properties":{"id":"bronx-woodlawn-cemetery","name":"Woodlawn Cemetery","ntaName":"Woodlawn Cemetery","nta":"BX1271","type":"neighborhood","price":8,"blocks":1,"boro":"bronx","borough":"Bronx"},"geometry":{"type":"Polygon","coordinates":[[[-73.8740689284333,40.8800472005347],[-73.8749473126674,40.8799559636559],[-73.8747039715812,40.8815621175703],[-73.8781271692061,40.8821619799901],[-73.8776081832513,40.8845313392846],[-73.8778326763784,40.8867810556069],[-73.8781903343562,40.888057476879],[-73.8803529443708,40.8925308038341],[-73.880043549813,40.895230581752],[-73.8748075980597,40.8957339850855],[-73.8704881411205,40.8966485087893],[-73.8635605701716,40.8953853151444],[-73.8636866914198,40.8943328944128],[-73.8670060684463,40.8890821779048],[-73.8687677398843,40.8842321549119],[-73.8700187317605,40.8823527668969],[-73.8708370924473,40.880462409218],[-73.8730747607534,40.8801426796536],[-73.8740689284333,40.8800472005347]]]}},{"type":"Feature","properties":{"id":"bronx-van-cortlandt-park","name":"Van Cortlandt Park","ntaName":"Van Cortlandt Park","nta":"BX2691","type":"park","price":8,"blocks":2,"boro":"bronx","borough":"Bronx"},"geometry":{"type":"Polygon","coordinates":[[[-73.8678994007598,40.9029484753312],[-73.8684782718534,40.9020807329993],[-73.8699629515817,40.9008420339055],[-73.8740320397728,40.8989143836087],[-73.8752610850081,40.8981242844422],[-73.8764388479334,40.8968788909047],[-73.8771211584745,40.8954769609586],[-73.880043549813,40.895230581752],[-73.8803529443708,40.8925308038341],[-73.8791908362474,40.8903153282344],[-73.8780062176656,40.8873454709337],[-73.8781508631276,40.8868821027981],[-73.8812456427164,40.8827179276848],[-73.8827497523168,40.8834056815633],[-73.8842183833782,40.8832060227294],[-73.8868362868246,40.884350320198],[-73.8875875455179,40.8842639142542],[-73.8999056798655,40.8865680178628],[-73.896759324294,40.8926537396471],[-73.8964331306725,40.8936635760432],[-73.8971585959576,40.8993801240514],[-73.8963592839952,40.9032084297331],[-73.8966347635031,40.9114256744216],[-73.870953936357,40.9038585512127],[-73.8678994007598,40.9029484753312]]]}},{"type":"Feature","properties":{"id":"bronx-bronx-park","name":"Bronx Park","ntaName":"Bronx Park","nta":"BX2791","type":"park","price":8,"blocks":8,"boro":"bronx","borough":"Bronx"},"geometry":{"type":"Polygon","coordinates":[[[-73.8705388004804,40.8696823239227],[-73.8704136429154,40.8638010128377],[-73.8710840391743,40.857385330057],[-73.8684168095128,40.8577886482369],[-73.8699056279335,40.8557815825095],[-73.8682521894933,40.8509678749957],[-73.8695250418747,40.848695265363],[-73.8695640024715,40.8480270015518],[-73.8688938455273,40.848120610314],[-73.8698757240189,40.8466257454472],[-73.8703567991425,40.8466321030314],[-73.8709736005807,40.8459672417673],[-73.8711744482966,40.8447809506436],[-73.871862441545,40.8445034344876],[-73.8721114300331,40.8437083852671],[-73.8740161039403,40.8425459642349],[-73.8745931672558,40.8415289337359],[-73.8781768836879,40.8426259828331],[-73.8773404867408,40.8440000416417],[-73.8828458723232,40.8478255145956],[-73.883121241727,40.8482293795873],[-73.8807318444146,40.8566848943571],[-73.8810082062149,40.8582763124046],[-73.8805068968224,40.8604858515631],[-73.8808404228173,40.8612460666658],[-73.8820093585569,40.8620551433104],[-73.8837951286816,40.8641798625347],[-73.883970640645,40.8648260323938],[-73.8836746304646,40.8654335744567],[-73.8826776649652,40.8660974328654],[-73.8830952421818,40.8666104758242],[-73.8761939913215,40.870485249002],[-73.8725539230582,40.875183476671],[-73.8709455621048,40.878517989635],[-73.8693629013807,40.8781200398526],[-73.8703164975799,40.8756258164105],[-73.8705633384402,40.8715190711529],[-73.8705388004804,40.8696823239227]]]}},{"type":"Feature","properties":{"id":"bronx-pelham-bay-park","name":"Pelham Bay Park","ntaName":"Pelham Bay Park","nta":"BX2891","type":"park","price":8,"blocks":11,"boro":"bronx","borough":"Bronx"},"geometry":{"type":"MultiPolygon","coordinates":[[[[-73.8022243441227,40.8416431023822],[-73.8026395025769,40.8410894405427],[-73.805296351322,40.841143213926],[-73.806947478885,40.8414707348759],[-73.8068094064507,40.8424974285342],[-73.8039321248979,40.8426023611026],[-73.8036769918661,40.8422667817084],[-73.8022243441227,40.8416431023822]]],[[[-73.7732635817572,40.8606389059468],[-73.7733981676104,40.8607477779301],[-73.7732198379061,40.8608027565598],[-73.7732635817572,40.8606389059468]]],[[[-73.7751392096678,40.8611929696606],[-73.7752747862573,40.8614549648017],[-73.7749332727279,40.8615605960316],[-73.7751239368427,40.8611963473606],[-73.7751392096678,40.8611929696606]]],[[[-73.7746029468936,40.8620773411515],[-73.7746352201001,40.8618251851236],[-73.7748504398043,40.8618186823038],[-73.7746272032985,40.862071223759],[-73.7746029468936,40.8620773411515]]],[[[-73.7831272822332,40.8628644614352],[-73.7829292220031,40.8627979072911],[-73.782883363968,40.8624147262324],[-73.7831464284257,40.8620769724824],[-73.7831685308261,40.8628695105776],[-73.7831272822332,40.8628644614352]]],[[[-73.7840138780778,40.8631402875183],[-73.7835424393292,40.8631038003982],[-73.7838025600066,40.8629748683992],[-73.7837690898039,40.8626189021999],[-73.7846930453656,40.8625510831785],[-73.7845177685484,40.8629640730544],[-73.7841684103877,40.8630958726328],[-73.7842878904563,40.8632133825121],[-73.7840458034113,40.8631484336975],[-73.7840138780778,40.8631402875183]]],[[[-73.7696368276601,40.8655508561077],[-73.769942151536,40.8655317039523],[-73.7694491292755,40.8657696457925],[-73.7696368276601,40.8655508561077]]],[[[-73.7669218475855,40.8670578512256],[-73.7672298400731,40.8669369622967],[-73.7671251874113,40.8672464835776],[-73.7666823705656,40.8673289791508],[-73.7669218475855,40.8670578512256]]],[[[-73.771719007459,40.8716294851325],[-73.772237030216,40.8715722883465],[-73.7726362654528,40.8718885042676],[-73.7708500276538,40.8716360590754],[-73.771719007459,40.8716294851325]]],[[[-73.7748318091492,40.8740370325702],[-73.7750511896458,40.8739460146457],[-73.775138284158,40.874562743327],[-73.7746751806114,40.8747988537537],[-73.7745156922885,40.8745064815305],[-73.7747560493173,40.8741660214362],[-73.7748318091492,40.8740370325702]]],[[[-73.7819426156854,40.8752242468531],[-73.782139262135,40.8750373828364],[-73.7821283776375,40.8745395188149],[-73.7826001958292,40.8746956928164],[-73.7824420370345,40.87522062214],[-73.7821383453918,40.8751698108588],[-73.7819295237906,40.8754129019092],[-73.7819828375913,40.8752357410662],[-73.7819426156854,40.8752242468531]]],[[[-73.7819032016056,40.8764276617322],[-73.7816700249254,40.8764319781289],[-73.7817209388557,40.8761970554393],[-73.7820692662166,40.8762462393658],[-73.7822021905361,40.8764424991485],[-73.7819907848533,40.8764782564779],[-73.7819032016056,40.8764276617322]]],[[[-73.7812959684051,40.875953198584],[-73.7814238153639,40.8757746348941],[-73.7815149569906,40.8760543197314],[-73.7812071990061,40.8765983749135],[-73.7813065360995,40.8760333721699],[-73.7812959684051,40.875953198584]]],[[[-73.7835297010389,40.8772491634649],[-73.78384171174,40.8765280629442],[-73.7840063270796,40.8768726619172],[-73.7836401276735,40.877492691098],[-73.7834484531378,40.8774211568562],[-73.7835297010389,40.8772491634649]]],[[[-73.7852527346789,40.879917100697],[-73.7850135711337,40.8797963130886],[-73.7856768786101,40.8798603334121],[-73.7854280959077,40.8800495413068],[-73.7852561148063,40.8799380352687],[-73.7852527346789,40.879917100697]]],[[[-73.7848372654963,40.8805665714136],[-73.7845136481281,40.8806675068655],[-73.7842666005184,40.8803653722995],[-73.7838238049853,40.8804327261499],[-73.7837029449379,40.8799402226757],[-73.7840677879668,40.8797217113299],[-73.7843298913791,40.8802082416692],[-73.7850925215573,40.8802730812411],[-73.7853490944904,40.8805308745343],[-73.7849591226493,40.8807541093728],[-73.7848372654963,40.8805665714136]]],[[[-73.8079035668821,40.8857887573103],[-73.8052025304793,40.8860082539226],[-73.7932300996479,40.8828308927368],[-73.7949184471647,40.8805520878543],[-73.7955471897508,40.8806993122687],[-73.7950273539111,40.8797560937419],[-73.7962523667343,40.8770202959005],[-73.7971284028396,40.8761986958578],[-73.7974395463625,40.8751436275029],[-73.7985546997189,40.874409723112],[-73.7989138471337,40.8746541887376],[-73.7998152885861,40.87416814494],[-73.7998785300101,40.8734929615688],[-73.8004780261639,40.8725510716829],[-73.8008065482614,40.871502355972],[-73.8017865665192,40.8710761437503],[-73.8020932437976,40.8708550935384],[-73.8021181888486,40.8703833907637],[-73.8026743806823,40.8701627656853],[-73.8026061695323,40.8693513885842],[-73.8029798686512,40.8687516238861],[-73.8033518334199,40.8689851685965],[-73.8036185676404,40.8687873941312],[-73.8039266699028,40.8690357034943],[-73.8040731456011,40.868748140023],[-73.8044807602427,40.8687202687137],[-73.804993676446,40.8691535920762],[-73.8059456805571,40.8689380966674],[-73.8056610669476,40.8694978464676],[-73.8064362931337,40.8702323102073],[-73.8071066139224,40.8706956482559],[-73.8078593627809,40.8708779783393],[-73.8078648831789,40.8711400690372],[-73.8079656905709,40.8710115792325],[-73.8086991599094,40.871351119005],[-73.8092456299535,40.8712328959164],[-73.8084115977274,40.870936077665],[-73.8087268875201,40.8704410300421],[-73.8076972175523,40.8704587711451],[-73.8075382320608,40.870185914025],[-73.8087108192614,40.8690952243299],[-73.8078552710417,40.8697380456449],[-73.8067309778906,40.8695379394426],[-73.8069513712447,40.8688673813403],[-73.8065972377179,40.8689030033966],[-73.8067433355854,40.8687421872383],[-73.8062621543896,40.8684326019747],[-73.804874054626,40.8682415957862],[-73.8047370917569,40.8666633593285],[-73.8038542013026,40.8671747782382],[-73.8031539197033,40.8671105945742],[-73.8029152634615,40.8669865407245],[-73.8031001333856,40.8665579963696],[-73.8030083519434,40.8657573009151],[-73.802054351769,40.8656803286639],[-73.8017739918598,40.8658851432618],[-73.8017537379056,40.866423124279],[-73.8007020434545,40.8681492323147],[-73.799965245385,40.8688835831327],[-73.7983941939358,40.8716230449711],[-73.7977418109798,40.8723534719777],[-73.7947918374799,40.8732087791451],[-73.7939750278445,40.874574889752],[-73.793597444251,40.8767290287831],[-73.793168428289,40.8770639354828],[-73.7942230905781,40.8773906662561],[-73.7944043366186,40.8776501394738],[-73.7938484187882,40.8786027557265],[-73.7930001928009,40.8791551593261],[-73.7928952850675,40.879585406074],[-73.7921920933705,40.8795984373474],[-73.791732343694,40.8800598236351],[-73.7909537804136,40.880082241218],[-73.7906326342097,40.8803866260863],[-73.790763022132,40.8808490775008],[-73.7895601192142,40.8812695820277],[-73.7890604308216,40.8812224207153],[-73.789112349161,40.8806888242897],[-73.7893197465484,40.880586966885],[-73.7891215960863,40.8800885072952],[-73.7900647179279,40.8796029582172],[-73.7895244827457,40.879006422765],[-73.7882745236449,40.8788818697435],[-73.7861160933525,40.8790661894972],[-73.7852376314351,40.8786279205041],[-73.7844343411415,40.878535885841],[-73.7842185465375,40.8782900801326],[-73.7841836242055,40.8777296596584],[-73.7844986953841,40.8769226212671],[-73.784811694904,40.8768735693832],[-73.7846808938005,40.8760692145648],[-73.7852549044443,40.8757083526845],[-73.7854051159711,40.8753459829735],[-73.785696996146,40.8754184997566],[-73.7859636642996,40.8751469492578],[-73.7862506267254,40.874486223881],[-73.7861077939463,40.8743620580316],[-73.7869119981856,40.8739958132984],[-73.787138243269,40.8727687610473],[-73.7862501322418,40.8723911419928],[-73.7850827833481,40.8735982574907],[-73.7855359568558,40.8725523249524],[-73.785548683012,40.8720323312619],[-73.7852211280126,40.8716430485275],[-73.7840166097678,40.8737761994653],[-73.7834081265033,40.8737254663129],[-73.7832392157244,40.8735464575702],[-73.7833625476532,40.8732643582579],[-73.7839523912677,40.8729046256222],[-73.7837512245931,40.8725078464031],[-73.7830699208229,40.8721618714265],[-73.7832875285407,40.8707072107868],[-73.7848859820063,40.8695223381957],[-73.7856038398509,40.8683499464761],[-73.7855845179724,40.8691805203936],[-73.7859525392659,40.8693300521709],[-73.7885847814927,40.8691794357992],[-73.7902573327474,40.8685004944832],[-73.791532670791,40.8673263385305],[-73.7919832185917,40.8664771982052],[-73.792231643615,40.8652655531107],[-73.7921176298877,40.8638384162984],[-73.7914643004017,40.8622826778382],[-73.7918920964821,40.8610795150963],[-73.7935967162081,40.8605256052665],[-73.7938567659182,40.8601543909111],[-73.7937208114101,40.8599754568431],[-73.7941217623827,40.8597045609497],[-73.7941231016302,40.8593259502245],[-73.7945518644245,40.8588965598553],[-73.7948760815217,40.8580838528851],[-73.7942747259869,40.8568090102788],[-73.7943514484189,40.8565353160567],[-73.7968560080808,40.8562726497837],[-73.7979867251553,40.8548572243945],[-73.7987239461333,40.8549226928935],[-73.7990255844417,40.8539655591871],[-73.7986441338511,40.8533657515019],[-73.797957223601,40.8529966205142],[-73.7978066202892,40.8519578882256],[-73.7981950501884,40.8506008520613],[-73.7993218220258,40.8499210652098],[-73.800100518165,40.8483067034122],[-73.800405266213,40.8481165108701],[-73.8014687441625,40.8487785038822],[-73.8019720389659,40.8503909663483],[-73.8041769717917,40.8533484111689],[-73.8045266601661,40.8548601564793],[-73.8035249898598,40.8555649865205],[-73.8041392403363,40.8578500523243],[-73.8042072504762,40.858967340711],[-73.8046443314565,40.8599764946395],[-73.804733735379,40.861487932464],[-73.8053230088833,40.8618283129398],[-73.8060122445132,40.8617813577909],[-73.8062471131173,40.8614357770149],[-73.8058218051139,40.8600429035319],[-73.8065576926792,40.8598262186783],[-73.8074157182893,40.8601227301183],[-73.8081800985452,40.8594950076642],[-73.809407674893,40.8605562444174],[-73.8104569605582,40.8619264211925],[-73.8108240957261,40.8620772843251],[-73.8108516232317,40.8623402866327],[-73.8132756354295,40.8632291311471],[-73.8137292007025,40.8638796590952],[-73.8140422928537,40.8638686873403],[-73.814010173473,40.8640943266988],[-73.8143813733225,40.8632626900001],[-73.8151045505309,40.863065758227],[-73.8164153173444,40.8611889198965],[-73.8154943336211,40.8609635794812],[-73.8147976937679,40.8611372479941],[-73.8148534565193,40.8609092824546],[-73.8138194221159,40.8605565706644],[-73.8127328605352,40.8588858333556],[-73.8123074223538,40.854170317037],[-73.816410105461,40.8540905452364],[-73.8165785109101,40.8538307173474],[-73.8171498032622,40.8523106477568],[-73.8171917922454,40.8517781840592],[-73.816916819803,40.8516818157253],[-73.817125487378,40.8512778637946],[-73.8168601349297,40.850965665836],[-73.8157151812934,40.8508244938241],[-73.8162875865151,40.8502028666399],[-73.8156541866247,40.8493581276642],[-73.8151433145129,40.849088902616],[-73.8163025870977,40.8485804625086],[-73.8201418331351,40.8480288876383],[-73.820485451326,40.8485093159465],[-73.8249583746207,40.8461137337008],[-73.8251813879654,40.8427083475907],[-73.8262427269029,40.8430018826327],[-73.826171538092,40.8455822774882],[-73.8280013446908,40.8486406406689],[-73.827856753152,40.8497469759903],[-73.8271327323193,40.8518793712925],[-73.8273797560118,40.8528262496183],[-73.8272316608926,40.8533590469187],[-73.8286033700545,40.8557261384273],[-73.8312929772304,40.8554423962855],[-73.832852513588,40.8560974423418],[-73.8312123596025,40.8575063152553],[-73.8284089901746,40.8609565929499],[-73.8275007358046,40.8599595196675],[-73.8272190940411,40.859214868549],[-73.821568049579,40.8610337109549],[-73.8191573632267,40.8623071110175],[-73.8168463550372,40.8643150859084],[-73.8169989983913,40.8644673238677],[-73.8157890363827,40.8657663547458],[-73.8212668350784,40.8690828367841],[-73.8232973921449,40.8731057123016],[-73.8200558541447,40.8821224249434],[-73.820240982932,40.8854993491424],[-73.8162386907726,40.8865218541894],[-73.8140833898908,40.8867423171785],[-73.81240264472,40.8866394905031],[-73.8085034374874,40.8858795237698],[-73.8079035668821,40.8857887573103]]]]}},{"type":"Feature","properties":{"id":"manhattan-financial-district","name":"Financial District","ntaName":"Financial District-Battery Park City","nta":"MN0101","type":"neighborhood","price":80,"blocks":137,"boro":"manhattan","borough":"Manhattan"},"geometry":{"type":"MultiPolygon","coordinates":[[[[-74.0007843972249,40.6942947687935],[-74.0009601293713,40.6940773368096],[-74.0030153830375,40.6947860976728],[-74.0023994725996,40.6957199088386],[-74.0002701681937,40.6949740559417],[-74.000702492374,40.6943961094455],[-74.0007843972249,40.6942947687935]]],[[[-73.9983790500946,40.6980715500009],[-73.9988726158842,40.6971658311786],[-74.0010504768284,40.6979164892103],[-74.0004891316,40.6987660319245],[-73.9983790500946,40.6980715500009]]],[[[-73.9980010201282,40.698805939878],[-74.0000198506194,40.6994743021567],[-73.9994760842564,40.7003310321469],[-73.9975004269745,40.6996471230089],[-73.9980010201282,40.698805939878]]],[[[-73.996291365507,40.7014334301788],[-73.9966991344351,40.7008852315133],[-73.9981402443402,40.7015270425693],[-73.9961937170927,40.7033853965828],[-73.9951397116016,40.7029823697487],[-73.9962178391291,40.7015323283294],[-73.996291365507,40.7014334301788]]],[[[-73.9950473705179,40.7031400949781],[-73.9954470880145,40.7032835612174],[-73.9952949109785,40.7035623211566],[-73.9948018265736,40.703300213181],[-73.9950227891966,40.7031561239306],[-73.9950473705179,40.7031400949781]]],[[[-73.9947707859499,40.7039611496473],[-73.9950307034276,40.7038164552113],[-73.9948378189557,40.7039945940779],[-73.9947707859499,40.7039611496473]]],[[[-74.0123268864799,40.7188807107454],[-74.0137256014574,40.7136865663118],[-74.008349057941,40.7113668014759],[-74.0079693260322,40.7114555890598],[-74.0082175943655,40.7115303662355],[-74.0080809048619,40.7117291456869],[-74.0075080596565,40.7116772196047],[-74.0052770667752,40.7122576966797],[-74.0042925850868,40.7129160821478],[-74.0044181368924,40.7122021299264],[-73.9991357944788,40.7079906527245],[-74.0011882997256,40.7068680803856],[-74.0009842133495,40.706424968528],[-74.001408113017,40.7061876433051],[-74.0005938482722,40.7054183334489],[-74.0014558210315,40.704881557767],[-74.0020628726626,40.7054252594076],[-74.0025710980177,40.7055318346227],[-74.0019721503947,40.7047461221118],[-74.0024321577553,40.7046861131057],[-74.0033245200584,40.7056368500853],[-74.0038347228062,40.7053114982672],[-74.0026304112037,40.704231208029],[-74.0028683447733,40.7040834805868],[-74.004058111836,40.7051556183393],[-74.0065973673897,40.7036941574849],[-74.0053055733095,40.7025681197653],[-74.0054957260304,40.702439635696],[-74.0067864699872,40.7035763811497],[-74.0092921753184,40.7019383261356],[-74.0087010913042,40.7011481216627],[-74.0077569390176,40.7015562562487],[-74.0075928109433,40.701336334226],[-74.0085375633539,40.7009279496871],[-74.008350724263,40.7006776030039],[-74.0086218105459,40.7005604173687],[-74.0095862792474,40.7018456393201],[-74.0111823320848,40.7014596465751],[-74.0111092032455,40.7012840186764],[-74.0112912888382,40.7012582355009],[-74.0108010422198,40.7002154669383],[-74.011151785253,40.7009066540433],[-74.0113598122036,40.7008602122929],[-74.0113355432051,40.7005766073778],[-74.0115043613257,40.7008233129538],[-74.0117307174637,40.7007783725538],[-74.0116329293418,40.7004664729711],[-74.01185523513,40.7007471750561],[-74.0120881317341,40.7006895621718],[-74.0119634103102,40.7000457990132],[-74.0123930504508,40.7006287811844],[-74.0125953730827,40.7005790869642],[-74.0126152702434,40.7001165186663],[-74.0131089286037,40.7005157055892],[-74.0131144886597,40.6997824187261],[-74.0132749449639,40.7005051235492],[-74.0136762427588,40.7001340754206],[-74.0135597192626,40.7009481243331],[-74.0143406596046,40.7011409346764],[-74.0137092039048,40.7010785332007],[-74.0139805763827,40.7015393259245],[-74.0138358590151,40.7024139558334],[-74.0144312816751,40.7031589023598],[-74.0142906797105,40.7045573301252],[-74.0166290619594,40.7048076860514],[-74.0171326893192,40.7042907904757],[-74.0177959952758,40.7042431518031],[-74.017792844091,40.7039591677878],[-74.0179561905908,40.7039840406694],[-74.0178458623117,40.704250294145],[-74.0184484982239,40.7041706091872],[-74.0186603168338,40.7044370337734],[-74.0174823563413,40.7046755148594],[-74.0181144810168,40.7045618562668],[-74.0188889318731,40.7047373972937],[-74.0193439983282,40.7061019264516],[-74.0191242120845,40.7069840700503],[-74.0186320353695,40.7071479700229],[-74.0188503499152,40.7069785680793],[-74.018536584443,40.7069265775825],[-74.0181917441952,40.7078298806819],[-74.0188564613271,40.7080557894417],[-74.0177715942797,40.7128428312172],[-74.01780183074,40.7123533800118],[-74.0166256966868,40.7121655742677],[-74.0163215186837,40.7134162390676],[-74.0175809775159,40.7136037461307],[-74.0177264150268,40.7130784379139],[-74.0167116378904,40.7186324336632],[-74.0132146781412,40.718323977252],[-74.0130321318771,40.7191397133964],[-74.01229311021,40.7190472069558],[-74.0123268864799,40.7188807107454]]]]}},{"type":"Feature","properties":{"id":"manhattan-tribeca","name":"Tribeca","ntaName":"Tribeca-Civic Center","nta":"MN0102","type":"neighborhood","price":70,"blocks":123,"boro":"manhattan","borough":"Manhattan"},"geometry":{"type":"Polygon","coordinates":[[[-73.9993138627765,40.717558499344],[-74.0007909975325,40.7152992254735],[-74.0005287947863,40.7151783164229],[-74.0004560766074,40.7143733045013],[-74.000747969764,40.714518610659],[-74.0009698507899,40.7139138529089],[-74.0015678026164,40.7136913207292],[-74.0009331889173,40.7132715097151],[-74.0008622893483,40.7116085289909],[-74.0005113062928,40.7109925266913],[-74.0014207924835,40.7098230517488],[-74.0044181370542,40.7122021296159],[-74.0042925855631,40.7129160821782],[-74.0052770671699,40.7122576968141],[-74.0075080599962,40.7116772197621],[-74.0080809051783,40.7117291453313],[-74.008217594085,40.7115303660294],[-74.0079693261914,40.7114555891903],[-74.0083490583032,40.7113668015903],[-74.0137256013044,40.7136865659614],[-74.012293109754,40.7190472066065],[-74.0130321324084,40.7191397132141],[-74.0129103787819,40.7197431092239],[-74.0134565076524,40.7198099649376],[-74.0134152164494,40.7200277400723],[-74.0163799352062,40.7203848658497],[-74.0163071850572,40.7207352776309],[-74.0130012579978,40.7203413483816],[-74.0128987539153,40.7208763032132],[-74.0156961711953,40.7212146830859],[-74.0156239099396,40.7215517114503],[-74.0131621173867,40.7212622210009],[-74.0131180844335,40.721481991879],[-74.0136170348303,40.7215944404148],[-74.012540209203,40.7215114344533],[-74.0119657716092,40.7243381231932],[-74.0112361593529,40.724273891416],[-74.0108138319034,40.7257980613332],[-73.9999576542157,40.7180253527227],[-73.9993138627765,40.717558499344]]]}},{"type":"Feature","properties":{"id":"manhattan-battery-park","name":"Battery Park","ntaName":"The Battery-Governors Island-Ellis Island-Liberty Island","nta":"MN0191","type":"park","price":40,"blocks":4,"boro":"manhattan","borough":"Manhattan"},"geometry":{"type":"MultiPolygon","coordinates":[[[[-74.0109298593919,40.6844997228287],[-74.01193404661,40.6838959994611],[-74.0121774146499,40.6841034370946],[-74.0083559127454,40.6864084508615],[-74.0081655928105,40.6861829686624],[-74.0086021710326,40.6859178156611],[-74.0109298593919,40.6844997228287]]],[[[-74.0050051792208,40.6876142370508],[-74.0056313092716,40.6867924569111],[-74.0078343846407,40.6873933065155],[-74.0074215688152,40.688214542008],[-74.0050051792208,40.6876142370508]]],[[[-74.003821834375,40.6889378960732],[-74.004594149786,40.688223474194],[-74.0067858314956,40.6888351314736],[-74.0063660597629,40.689677920832],[-74.003821834375,40.6889378960732]]],[[[-74.0053435427351,40.6910998555604],[-74.0029770990643,40.6904348283293],[-74.0034106608259,40.6896215131049],[-74.0057604533752,40.6902446512463],[-74.0053435427351,40.6910998555604]]],[[[-74.0438790753783,40.6901959268209],[-74.0435074188495,40.6896956102502],[-74.0427057419119,40.6901634553798],[-74.04255517865,40.6899710101874],[-74.0434689811675,40.6896452410433],[-74.0436422439846,40.6887748101517],[-74.0443866759227,40.6885244293476],[-74.0462768487851,40.6893356769786],[-74.0468043081313,40.6899615069891],[-74.0474779746001,40.6896196202944],[-74.0477310867907,40.6899235694868],[-74.0474327197679,40.6898121417428],[-74.0468935151013,40.6900673485495],[-74.0472017538758,40.6904330660448],[-74.0470741562771,40.6910463157432],[-74.0460098897329,40.691116165862],[-74.0446076231792,40.6905817355595],[-74.0438790753783,40.6901959268209]]],[[[-74.0019946234316,40.6923369352695],[-74.0018126654649,40.6922462656148],[-74.0021624003128,40.6922463937434],[-74.0019520538881,40.6924203280194],[-74.0019946234316,40.6923369352695]]],[[[-74.001970830317,40.6918514618269],[-74.0013270680718,40.6914713527298],[-74.0007005027771,40.6906201102576],[-74.0047956003446,40.6917698723703],[-74.0044108596554,40.6925370529416],[-74.001970830317,40.6918514618269]]],[[[-74.0167490111571,40.6933516202576],[-74.0154050412837,40.6930747498851],[-74.0153906479993,40.6933063871829],[-74.0151762718046,40.6932649326231],[-74.0152609596488,40.6930450665614],[-74.0151302333724,40.6932520478416],[-74.0149446001129,40.6931492740333],[-74.0151575713524,40.6930237668838],[-74.0142226807359,40.6928311575285],[-74.0134370836137,40.6921236944682],[-74.0125040365071,40.6923118322003],[-74.0122987640649,40.6925765061309],[-74.0118133059282,40.6924875881017],[-74.0119045469052,40.6920988352738],[-74.0124628506633,40.6922208767353],[-74.0133340906543,40.6920282223357],[-74.012610017798,40.6913723557295],[-74.0120356251226,40.6915113286204],[-74.0125989812837,40.6913425868707],[-74.0125292812604,40.6911545889227],[-74.0118272022737,40.6910730677252],[-74.0121964495859,40.6910370995962],[-74.0119820165616,40.6906146598107],[-74.012232761153,40.6904695823361],[-74.0123083326717,40.6892884347504],[-74.0131707132587,40.6881630214999],[-74.0148824299061,40.687262821445],[-74.0160487561184,40.6873462575576],[-74.0170513163852,40.6868842380462],[-74.0166480914219,40.6864245974111],[-74.0151453603181,40.6864452845233],[-74.0166749656764,40.6863134196841],[-74.0171224420303,40.6868515883617],[-74.0205451247874,40.685280317594],[-74.0202083179881,40.6848420826793],[-74.0193998751333,40.6850956543862],[-74.0209540018739,40.6843926828408],[-74.0202796493444,40.6848173852386],[-74.0206141239076,40.6852486404801],[-74.0222422411637,40.6845266572322],[-74.02211999626,40.6843602009645],[-74.022595048485,40.6843679467281],[-74.0221339538059,40.6837759213202],[-74.0230571996498,40.6829251953579],[-74.0231960803572,40.6830087477691],[-74.0223696873127,40.6837881677471],[-74.0227604427199,40.6842926986911],[-74.0235430557981,40.6840112341193],[-74.0246495449065,40.6839868163803],[-74.0256732904973,40.6842447059588],[-74.0263354962363,40.6848099476473],[-74.0266296442016,40.6855350557547],[-74.0264272258257,40.6861835904071],[-74.0202067264838,40.6920421754965],[-74.0197345340259,40.693122359017],[-74.0173604376392,40.6933141232243],[-74.0167490111571,40.6933516202576]]],[[[-74.0015431738563,40.6927942155742],[-74.0017450663627,40.6924150021121],[-74.0040094065822,40.6932164525262],[-74.003454931737,40.6940598837855],[-74.0012715948409,40.6933043154246],[-74.0015431738563,40.6927942155742]]],[[[-74.0399518654558,40.7008988838268],[-74.0377127051301,40.6993522925914],[-74.0380993186439,40.6990477587307],[-74.0382310015118,40.6983768449584],[-74.0390018956176,40.6983781423767],[-74.0393418340643,40.6981237669525],[-74.0412440767822,40.6995449939831],[-74.0417491475314,40.6991561164861],[-74.0399139469643,40.6977102923071],[-74.0416619769992,40.6964612244876],[-74.0436751708273,40.6980286560932],[-74.0427054162594,40.6988088530908],[-74.0429665112644,40.6990076151853],[-74.0411000710565,40.700501196916],[-74.0408022648004,40.7002768024583],[-74.0402895457808,40.7006518663596],[-74.0399518654558,40.7008988838268]]],[[[-74.0163766471237,40.7048467396179],[-74.0142721087724,40.7045284845359],[-74.0144312816751,40.7031589023598],[-74.0138358590151,40.7024139558334],[-74.0139805763827,40.7015393259245],[-74.0137092039048,40.7010785332007],[-74.0143406596046,40.7011409346764],[-74.0139529765566,40.70099923722],[-74.0142220824862,40.7001197442409],[-74.0142906577462,40.7006523986354],[-74.0146726504549,40.7002186539712],[-74.0143252945359,40.7006695580914],[-74.0146446834817,40.7008255577412],[-74.0150997739409,40.7003425200103],[-74.0146751069954,40.7008428626101],[-74.0150225868278,40.701000757703],[-74.0151437693268,40.7008511460368],[-74.0157949681688,40.7013551597991],[-74.0171465316225,40.7027136040021],[-74.0176702643216,40.7035995672692],[-74.0178798447105,40.7035467631033],[-74.0176727721516,40.7036146819758],[-74.0175718070875,40.7041921353369],[-74.0165218548344,40.7048079725459],[-74.0163766471237,40.7048467396179]]]]}},{"type":"Feature","properties":{"id":"manhattan-soho","name":"SoHo","ntaName":"SoHo-Little Italy-Hudson Square","nta":"MN0201","type":"neighborhood","price":75,"blocks":112,"boro":"manhattan","borough":"Manhattan"},"geometry":{"type":"Polygon","coordinates":[[[-74.0028187132835,40.7283713893687],[-73.9967732034344,40.7254402027026],[-73.992604666891,40.7241447087758],[-73.9948092341603,40.7184656847552],[-73.9960601716568,40.7162398981358],[-73.9985907014167,40.7171077690408],[-73.9993138627765,40.717558499344],[-74.0108138319034,40.7257980613332],[-74.0112361593529,40.724273891416],[-74.0119657716092,40.7243381231932],[-74.0116547168112,40.7258800206152],[-74.01520571759,40.7263702081148],[-74.0151250177736,40.7268022013872],[-74.0115434700871,40.7264556058076],[-74.0113846863351,40.7282375321049],[-74.0106443485381,40.7281803676275],[-74.0105501722,40.7291089427859],[-74.0031291215029,40.7284020616718],[-74.0028187132835,40.7283713893687]]]}},{"type":"Feature","properties":{"id":"manhattan-greenwich-village","name":"Greenwich Village","ntaName":"Greenwich Village","nta":"MN0202","type":"neighborhood","price":65,"blocks":73,"boro":"manhattan","borough":"Manhattan"},"geometry":{"type":"Polygon","coordinates":[[[-73.9899044043666,40.7344430513414],[-73.9898699651148,40.7335353755827],[-73.9912358393954,40.7277350651061],[-73.992604666891,40.7241447087758],[-73.9967732034344,40.7254402027026],[-74.0028187132835,40.7283713893687],[-74.0014138720139,40.7310735166321],[-73.9968413856693,40.7373691514349],[-73.9907554122486,40.73484741633],[-73.9899044043666,40.7344430513414]]]}},{"type":"Feature","properties":{"id":"manhattan-west-village","name":"West Village","ntaName":"West Village","nta":"MN0203","type":"neighborhood","price":70,"blocks":135,"boro":"manhattan","borough":"Manhattan"},"geometry":{"type":"Polygon","coordinates":[[[-74.0091549023537,40.7425044501662],[-73.9968413856693,40.7373691514349],[-74.0014138720139,40.7310735166321],[-74.0028187132835,40.7283713893687],[-74.0105501722,40.7291089427859],[-74.0106443485381,40.7281803676275],[-74.0143921508089,40.7284713071981],[-74.0140883877808,40.7306714321546],[-74.011163408197,40.730458936027],[-74.0109949600834,40.7323286784933],[-74.0109426335841,40.7330160229533],[-74.0140036544467,40.7330762618864],[-74.0140010247254,40.7333405376605],[-74.0109053501552,40.7333058773842],[-74.0107311751148,40.7334716629351],[-74.0108342969747,40.7340153538945],[-74.0120193711696,40.734072004812],[-74.0120026939608,40.7343466610736],[-74.0108150461443,40.7342917035859],[-74.010478049619,40.7380722017882],[-74.0110885180314,40.738101010756],[-74.0111406077325,40.7383981245493],[-74.0104557801318,40.7383727664758],[-74.0103944822003,40.7391825574727],[-74.0115819062635,40.739272796999],[-74.0114621914964,40.7405924769072],[-74.0126607344216,40.7407559001395],[-74.0096329070783,40.7406536286],[-74.0094128539826,40.7411623551485],[-74.009620685805,40.7413718728868],[-74.0102096415393,40.7416157998247],[-74.0103850323695,40.7414061158784],[-74.0113975444182,40.741831075132],[-74.0108413259856,40.7426049960904],[-74.0091933044873,40.742300893583],[-74.0091549023537,40.7425044501662]],[[-74.0093727038203,40.7421934123236],[-74.0100894852641,40.7424964177468],[-74.0101997283665,40.7423420157789],[-74.0098237930894,40.7421743140775],[-74.0101670484885,40.7416806104868],[-74.0093631996047,40.7414318861346],[-74.009239250717,40.7420798896819],[-74.0094152993188,40.7421381321975],[-74.0093727038203,40.7421934123236]]]}},{"type":"Feature","properties":{"id":"manhattan-chinatown","name":"Chinatown","ntaName":"Chinatown-Two Bridges","nta":"MN0301","type":"neighborhood","price":28,"blocks":71,"boro":"manhattan","borough":"Manhattan"},"geometry":{"type":"Polygon","coordinates":[[[-73.9844979115318,40.7095179209524],[-73.9883920828812,40.7091352054616],[-73.9887986206875,40.7099748639215],[-73.9972843174275,40.7087398757526],[-73.9991357938877,40.7079906526438],[-74.0014207924835,40.7098230517488],[-74.0005113062928,40.7109925266913],[-74.0008622893483,40.7116085289909],[-74.0009331889173,40.7132715097151],[-74.0015678026164,40.7136913207292],[-74.0009698507899,40.7139138529089],[-74.000747969764,40.714518610659],[-74.0004560766074,40.7143733045013],[-74.0005287947863,40.7151783164229],[-74.0007909975325,40.7152992254735],[-73.9993138627765,40.717558499344],[-73.9985907014167,40.7171077690408],[-73.9960601716568,40.7162398981358],[-73.9948092341603,40.7184656847552],[-73.9891560808597,40.7167169045296],[-73.9902215695927,40.7144131971671],[-73.9893380076996,40.714141633261],[-73.9853454855094,40.7144698356839],[-73.9852298881521,40.7138011837603],[-73.9850665346256,40.7138151763212],[-73.984656686044,40.7104730188475],[-73.9844979115318,40.7095179209524]]]}},{"type":"Feature","properties":{"id":"manhattan-lower-east-side","name":"Lower East Side","ntaName":"Lower East Side","nta":"MN0302","type":"neighborhood","price":25,"blocks":94,"boro":"manhattan","borough":"Manhattan"},"geometry":{"type":"MultiPolygon","coordinates":[[[[-73.9824604259938,40.7055506710271],[-73.9824243120344,40.7058303103976],[-73.9810253461329,40.7059071694122],[-73.9823034927387,40.7057452358662],[-73.9823748448143,40.7055516061954],[-73.9824604259938,40.7055506710271]]],[[[-73.9750619496986,40.7187937101921],[-73.9735732938582,40.7186054885166],[-73.9747230148966,40.7154984206315],[-73.9761251276128,40.7124685835081],[-73.9768202743568,40.7114278241183],[-73.9780811887929,40.7105405076204],[-73.9812879163967,40.7102266041953],[-73.9812472361344,40.709834471814],[-73.9844979113807,40.7095179205413],[-73.9850665349948,40.713815176127],[-73.9852298878444,40.7138011834506],[-73.9853454858151,40.7144698354578],[-73.9893380076539,40.7141416330246],[-73.9902215699438,40.714413197378],[-73.9891560802813,40.7167169048398],[-73.99480923453,40.7184656848552],[-73.9926046665622,40.724144708338],[-73.9750986364157,40.7188026917149],[-73.9750619496986,40.7187937101921]]]]}},{"type":"Feature","properties":{"id":"manhattan-east-village","name":"East Village","ntaName":"East Village","nta":"MN0303","type":"neighborhood","price":45,"blocks":91,"boro":"manhattan","borough":"Manhattan"},"geometry":{"type":"MultiPolygon","coordinates":[[[[-73.9671524474783,40.7183243849713],[-73.9665638543873,40.7180241259326],[-73.9673088517431,40.7183213254268],[-73.9670923988051,40.7184140253174],[-73.9671524474783,40.7183243849713]]],[[[-73.9664446697744,40.7192514631514],[-73.9657441069343,40.7187151363711],[-73.9666374440761,40.7191384024997],[-73.9664665303064,40.7193686934156],[-73.9664446697744,40.7192514631514]]],[[[-73.9650342184186,40.720385328549],[-73.9651188039026,40.7203245995014],[-73.9656779926853,40.7206872200811],[-73.9655996695075,40.7207527178064],[-73.9650342184186,40.720385328549]]],[[[-73.9648357718214,40.720803807105],[-73.9643625145297,40.7204854988473],[-73.9650324366506,40.7207991005994],[-73.964754307213,40.7208857430031],[-73.9648357718214,40.720803807105]]],[[[-73.9640276096096,40.7208891527212],[-73.9640673484421,40.7208081705701],[-73.9643764787715,40.7210008100431],[-73.9643098988108,40.7210639286729],[-73.9640276096096,40.7208891527212]]],[[[-73.964242132302,40.7206204902837],[-73.9649520328136,40.7214324416411],[-73.9642033653293,40.7206621538358],[-73.964242132302,40.7206204902837]]],[[[-73.9717755474296,40.7258295412168],[-73.9735732938582,40.7186054885166],[-73.9772252314354,40.7193180346225],[-73.9926046665622,40.724144708338],[-73.991235839732,40.7277350648779],[-73.989869964833,40.7335353754853],[-73.9899044041441,40.7344430511365],[-73.9720515907674,40.7268892070668],[-73.9716284114635,40.7266367133885],[-73.971768991876,40.7258415632091],[-73.9717755474296,40.7258295412168]]]]}},{"type":"Feature","properties":{"id":"manhattan-chelsea","name":"Chelsea","ntaName":"Chelsea-Hudson Yards","nta":"MN0401","type":"neighborhood","price":60,"blocks":115,"boro":"manhattan","borough":"Manhattan"},"geometry":{"type":"Polygon","coordinates":[[[-74.0017896903868,40.7623027863837],[-73.99547594965,40.7596351229592],[-73.9973002130299,40.7571153061202],[-73.9916341580143,40.7547150701229],[-73.9971004762885,40.747213365495],[-73.9914200307265,40.7448109461805],[-73.9968413856693,40.7373691514349],[-74.0091549023537,40.7425044501662],[-74.0090930197859,40.7428944107558],[-74.0096216049863,40.7429595100674],[-74.009569885617,40.743266047471],[-74.0121495841796,40.743567563758],[-74.01202230239,40.7439480324983],[-74.0095134691802,40.7436843555837],[-74.0094394602094,40.7439795173568],[-74.0089017809538,40.7439261894908],[-74.0087313149235,40.7448898004191],[-74.0096137302023,40.7450061657319],[-74.0095597809168,40.7452970879388],[-74.0099180598711,40.7453355181447],[-74.009873562552,40.7449247641794],[-74.0101693571474,40.7449505922604],[-74.0099754019737,40.7453313977414],[-74.0104706520357,40.7453950286563],[-74.01042082397,40.7449850862172],[-74.0107656497952,40.745013294563],[-74.0105872439414,40.7450287091131],[-74.0105325173136,40.7453903130137],[-74.0111050501727,40.7454559328609],[-74.0110460435889,40.7450544749424],[-74.011389151934,40.7450813757188],[-74.0111556432483,40.7454546406989],[-74.0117410378602,40.7455281813015],[-74.0116721281231,40.7451222393689],[-74.0118378810632,40.7451342262069],[-74.0117842106316,40.7456098348786],[-74.0116803067355,40.7459877245169],[-74.0094653501768,40.7457584063932],[-74.0093650789629,40.7463438653317],[-74.0115926866903,40.7466097683017],[-74.0114851832148,40.7469988516709],[-74.0092445981946,40.7467710531909],[-74.0091388142095,40.7473680258634],[-74.0114081917086,40.7476388125991],[-74.0113049822813,40.7480228350214],[-74.0090599306243,40.7477939084793],[-74.0089475166361,40.7484201564418],[-74.0112170704901,40.7486862559916],[-74.0111103635132,40.7490581387391],[-74.0099496313458,40.748940251848],[-74.0095631993782,40.7499782382532],[-74.0092548609861,40.7499934697948],[-74.0091059839399,40.7503793333814],[-74.0106788276522,40.7510309387029],[-74.0105660870724,40.7513297263897],[-74.0090024343609,40.7506564479941],[-74.0085340209415,40.751891872769],[-74.0093423444317,40.7523638740794],[-74.0084804074103,40.7520268354129],[-74.0084278161462,40.7521661142639],[-74.0099720401859,40.7529418282754],[-74.0087935527113,40.7523604019268],[-74.0086893739739,40.7525022632123],[-74.0083549800509,40.7523590039099],[-74.00774549989,40.7543450669095],[-74.0054203094346,40.7573314059932],[-74.0052133280104,40.7572402641734],[-74.0048053764589,40.757818108423],[-74.0052803990015,40.7580368202127],[-74.0050325016685,40.758365281328],[-74.0070050406882,40.759240136303],[-74.0065083279309,40.7599002979233],[-74.0045062817779,40.7590932625737],[-74.0042077420224,40.7595099732988],[-74.0038080289911,40.7595189970923],[-74.0043203450802,40.7599189519526],[-74.0036703644832,40.7597142352459],[-74.0035739609872,40.7598548251759],[-74.0039300000456,40.7600112854388],[-74.0031348404346,40.7610866110531],[-74.0027883659267,40.760937235643],[-74.0023367309329,40.7615519930775],[-74.0045466608931,40.7625010676262],[-74.0044509663113,40.762672833421],[-74.0022022709941,40.7617366988458],[-74.0017896903868,40.7623027863837]]]}},{"type":"Feature","properties":{"id":"manhattan-hells-kitchen","name":"Hell's Kitchen","ntaName":"Hell's Kitchen","nta":"MN0402","type":"neighborhood","price":45,"blocks":72,"boro":"manhattan","borough":"Manhattan"},"geometry":{"type":"Polygon","coordinates":[[[-73.9961223290949,40.7732836596395],[-73.9941647327422,40.7724954586481],[-73.9938325291142,40.7729400566743],[-73.9934119019347,40.7728871639633],[-73.9937833454335,40.7722073596357],[-73.9823649841308,40.7673963418686],[-73.9916341585857,40.7547150701596],[-73.9973002135217,40.7571153060705],[-73.9954759492508,40.759635123201],[-74.0017896909586,40.7623027865074],[-74.0015345412087,40.7626528649251],[-74.0037588015115,40.7635905081353],[-74.0036135993373,40.7637853107863],[-74.0013874872361,40.7628583610139],[-74.0009745302843,40.7634285385425],[-74.0031512210012,40.764341154348],[-74.0029495453586,40.7646251021884],[-74.0032242065775,40.7646463043991],[-74.0031023320993,40.7647540152564],[-73.9999285734874,40.7634147946652],[-73.9996240838168,40.7635673476268],[-73.9991524298375,40.764213526324],[-74.0022894743427,40.7655698100141],[-74.0020259938181,40.7659015336418],[-73.9988861813147,40.7645776447607],[-73.9985778347722,40.7650068739068],[-73.9986901564823,40.7652168367862],[-73.9982830560115,40.765576041642],[-74.0015748032654,40.7669854602377],[-74.0013161472099,40.7672593868671],[-73.9980682085943,40.7658801483777],[-73.9973795339939,40.7668316523343],[-74.0006509556766,40.7682535037388],[-74.0003873149994,40.7685124627883],[-73.9971573385618,40.767136963823],[-73.9964586024991,40.7681070833666],[-73.9997373527954,40.7695144454487],[-73.9994739866664,40.7697724829462],[-73.9970732093909,40.7687409111417],[-73.9965727130917,40.7694328362364],[-73.9990282784839,40.7704715409181],[-73.9987635180661,40.7708333246403],[-73.9963147190519,40.7698071045728],[-73.9958814926737,40.7704088468676],[-73.9960183795793,40.770463117815],[-73.9954261931714,40.7710398835825],[-73.9960032063278,40.7713157337078],[-73.9959013496771,40.7714585670679],[-73.9953071118223,40.7712042728883],[-73.9949272702355,40.7715243109897],[-73.9970747300035,40.7725511365558],[-73.9968743638449,40.7728257496384],[-73.9947755274282,40.7719378162166],[-73.994446461053,40.7723853950564],[-73.9962311686219,40.7731372432497],[-73.9961223290949,40.7732836596395]]]}},{"type":"Feature","properties":{"id":"manhattan-flatiron","name":"Flatiron","ntaName":"Midtown South-Flatiron-Union Square","nta":"MN0501","type":"neighborhood","price":60,"blocks":84,"boro":"manhattan","borough":"Manhattan"},"geometry":{"type":"Polygon","coordinates":[[[-73.9808519860774,40.7477586345079],[-73.9898756575428,40.7354165203133],[-73.9899044043666,40.7344430513414],[-73.9968413856693,40.7373691514349],[-73.9914200307265,40.7448109461805],[-73.9971004762885,40.747213365495],[-73.9934656235853,40.7521983198241],[-73.9877705037114,40.7497952937301],[-73.9872952144416,40.7504598737586],[-73.9809439424179,40.7477983355388],[-73.9808519860774,40.7477586345079]]]}},{"type":"Feature","properties":{"id":"manhattan-times-square","name":"Times Square","ntaName":"Midtown-Times Square","nta":"MN0502","type":"neighborhood","price":100,"blocks":145,"boro":"manhattan","borough":"Manhattan"},"geometry":{"type":"Polygon","coordinates":[[[-73.9730163128285,40.7642871470858],[-73.96980172755,40.7629217801161],[-73.9758088340991,40.7546855402745],[-73.9765171352044,40.7549825290412],[-73.9769752314921,40.7543569411032],[-73.9783502111473,40.7524183952715],[-73.9776780463766,40.7521272024773],[-73.9808519860774,40.7477586345079],[-73.9872952144416,40.7504598737586],[-73.9877705037114,40.7497952937301],[-73.9934656235853,40.7521983198241],[-73.9821120582004,40.7677527445458],[-73.981492657607,40.7678894676515],[-73.9736372867318,40.7645781819539],[-73.9730163128285,40.7642871470858]]]}},{"type":"Feature","properties":{"id":"manhattan-stuyvesant-town","name":"Stuyvesant Town","ntaName":"Stuyvesant Town-Peter Cooper Village","nta":"MN0601","type":"neighborhood","price":22,"blocks":7,"boro":"manhattan","borough":"Manhattan"},"geometry":{"type":"MultiPolygon","coordinates":[[[[-73.9750750573881,40.7353778904504],[-73.9744420892721,40.7353250338198],[-73.9739604897956,40.7334294271036],[-73.9736777151554,40.7332141954209],[-73.9738695472097,40.7330739491969],[-73.9734146565029,40.7312906770914],[-73.9715202647506,40.7293596225935],[-73.9716284110572,40.7266367138156],[-73.9825577344437,40.7313583954125],[-73.978542386113,40.7368959214437],[-73.9752216311009,40.7354215246999],[-73.9750750573881,40.7353778904504]]],[[[-73.9623674041218,40.7242173222835],[-73.9620741538918,40.7238885610178],[-73.9623918656809,40.7242018273495],[-73.9623674041218,40.7242173222835]]]]}},{"type":"Feature","properties":{"id":"manhattan-gramercy","name":"Gramercy","ntaName":"Gramercy","nta":"MN0602","type":"neighborhood","price":50,"blocks":51,"boro":"manhattan","borough":"Manhattan"},"geometry":{"type":"Polygon","coordinates":[[[-73.978542386113,40.7368959214437],[-73.9825577344437,40.7313583954125],[-73.9899044043666,40.7344430513414],[-73.9898756575428,40.7354165203133],[-73.9840762952794,40.7433329815665],[-73.9808610954698,40.7419780310793],[-73.9826690405661,40.7395067022281],[-73.978053705155,40.7375622158871],[-73.978542386113,40.7368959214437]]]}},{"type":"Feature","properties":{"id":"manhattan-murray-hill","name":"Murray Hill","ntaName":"Murray Hill-Kips Bay","nta":"MN0603","type":"neighborhood","price":40,"blocks":83,"boro":"manhattan","borough":"Manhattan"},"geometry":{"type":"MultiPolygon","coordinates":[[[[-73.9765173120085,40.7516447371283],[-73.9744459556405,40.7507729579394],[-73.9735039977722,40.7520731978899],[-73.971263783539,40.7511305064257],[-73.968909410558,40.7501207087613],[-73.9699883592731,40.7488769788318],[-73.9679141675065,40.7479792002687],[-73.9689444497787,40.7465266000027],[-73.9707897869149,40.7444144820207],[-73.9709420688054,40.7444797083633],[-73.9711158198198,40.7442126247092],[-73.9707046144129,40.7439987591607],[-73.9711833750172,40.7441114964626],[-73.9718903285297,40.7427330838155],[-73.9717420365065,40.7426718429621],[-73.9722913603982,40.7407293025878],[-73.9722182935811,40.7403158880366],[-73.9726588774635,40.7392310170241],[-73.9724913809197,40.7358115421909],[-73.9728708310763,40.7357791238517],[-73.9744152979908,40.7364226559945],[-73.9740283607271,40.736134029338],[-73.974467910307,40.7362867189369],[-73.9745051999654,40.7360728505079],[-73.9741420598941,40.73596391872],[-73.974506322031,40.736050542596],[-73.9745093792,40.735805207281],[-73.9742477463165,40.735788372473],[-73.9744668174702,40.7356751485536],[-73.9730584264367,40.7351857148538],[-73.9728080563614,40.7355321805385],[-73.9729317585658,40.7356158769287],[-73.9727645230452,40.7355133494888],[-73.97294664686,40.7350734324964],[-73.9733003898588,40.7352506170221],[-73.9735461674165,40.7349525884819],[-73.9752216311009,40.7354215246999],[-73.9783396467468,40.7367297331023],[-73.978542386113,40.7368959214437],[-73.978053705155,40.7375622158871],[-73.9826690405661,40.7395067022281],[-73.9808610954698,40.7419780310793],[-73.9840762952794,40.7433329815665],[-73.9776780463766,40.7521272024773],[-73.9768529646926,40.7517847592123],[-73.9765173120085,40.7516447371283]]],[[[-73.96291649063,40.7315418416833],[-73.96167590251,40.7314895161734],[-73.963660828397,40.7312580729829],[-73.9637008174827,40.7314448815958],[-73.9629089836929,40.7315246845432],[-73.96291649063,40.7315418416833]]],[[[-73.9613542260398,40.7301602189223],[-73.9625507751445,40.7297523295938],[-73.961708677541,40.7301294566429],[-73.9613542260398,40.7301602189223]]],[[[-73.9606500728913,40.7441385817433],[-73.9605187612029,40.7441136057126],[-73.9605700031154,40.7440379306974],[-73.9606734823417,40.7440594799691],[-73.9606500728913,40.7441385817433]]]]}},{"type":"Feature","properties":{"id":"manhattan-midtown-east","name":"Midtown East","ntaName":"East Midtown-Turtle Bay","nta":"MN0604","type":"neighborhood","price":85,"blocks":81,"boro":"manhattan","borough":"Manhattan"},"geometry":{"type":"Polygon","coordinates":[[[-73.9665848221825,40.761559203411],[-73.9589359213331,40.7583434224193],[-73.9587205170927,40.7586485001538],[-73.9584926306021,40.7585541708578],[-73.9606578184061,40.7559314159885],[-73.9616307122155,40.7551606505124],[-73.9647109653949,40.7517276810712],[-73.9648636864826,40.7520193675842],[-73.965216808292,40.7518167262826],[-73.96722798847,40.7526964894172],[-73.968909410558,40.7501207087613],[-73.9735039977722,40.7520731978899],[-73.9744459556405,40.7507729579394],[-73.9783502111473,40.7524183952715],[-73.9765171352044,40.7549825290412],[-73.9758088340991,40.7546855402745],[-73.96980172755,40.7629217801161],[-73.9681883165509,40.7622350887339],[-73.9665848221825,40.761559203411]]]}},{"type":"Feature","properties":{"id":"manhattan-united-nations","name":"United Nations","ntaName":"United Nations","nta":"MN0661","type":"park","price":80,"blocks":9,"boro":"manhattan","borough":"Manhattan"},"geometry":{"type":"MultiPolygon","coordinates":[[[[-73.9653262332872,40.7519454573477],[-73.9650569233027,40.7518208472846],[-73.9648636864826,40.7520193675842],[-73.9647109653949,40.7517276810712],[-73.9679141675065,40.7479792002687],[-73.9699883592731,40.7488769788318],[-73.9677784933587,40.7516342364298],[-73.96722798847,40.7526964894172],[-73.9654167233018,40.751958225077],[-73.9653262332872,40.7519454573477]]],[[[-73.9642137411326,40.746612582463],[-73.9645846206733,40.7464626657897],[-73.9641612400589,40.7468738119014],[-73.9642133618069,40.7466749413041],[-73.9642137411326,40.746612582463]]]]}},{"type":"Feature","properties":{"id":"manhattan-lincoln-square","name":"Lincoln Square","ntaName":"Upper West Side-Lincoln Square","nta":"MN0701","type":"neighborhood","price":40,"blocks":60,"boro":"manhattan","borough":"Manhattan"},"geometry":{"type":"Polygon","coordinates":[[[-73.9750025608264,40.7775360500801],[-73.981680879605,40.7683983997473],[-73.9814439876805,40.7681722382932],[-73.981492657607,40.7678894676515],[-73.9821120582004,40.7677527445458],[-73.9823649838092,40.7673963420942],[-73.9937833456627,40.7722073599092],[-73.9933266449833,40.7728397486414],[-73.9941381009458,40.7729101387609],[-73.9950247245372,40.773489465245],[-73.9950517333731,40.7733054218218],[-73.9962421001025,40.7737980605867],[-73.9960966929606,40.7740944556897],[-73.9939383901322,40.7731877796149],[-73.9926241118635,40.7749823255848],[-73.9922685369283,40.7751243029441],[-73.9920605327866,40.7755058673598],[-73.9923874909182,40.7755654485872],[-73.9909286217623,40.7775751483751],[-73.9903976074801,40.7775933353134],[-73.9888700644824,40.7797011930118],[-73.9915525071621,40.7795830904153],[-73.9914212737631,40.7797635503101],[-73.9888875912162,40.7798871686689],[-73.9889207085993,40.7802343650492],[-73.9881289076439,40.7814100674055],[-73.9856808063932,40.7803209036685],[-73.9850732885613,40.7817879521137],[-73.9778344592172,40.7787389928337],[-73.9750025608264,40.7775360500801]]]}},{"type":"Feature","properties":{"id":"manhattan-upper-west-side","name":"Upper West Side","ntaName":"Upper West Side (Central)","nta":"MN0702","type":"neighborhood","price":30,"blocks":118,"boro":"manhattan","borough":"Manhattan"},"geometry":{"type":"Polygon","coordinates":[[[-73.9641774244928,40.7923703184733],[-73.9750025608264,40.7775360500801],[-73.9850732885613,40.7817879521137],[-73.9856808063932,40.7803209036685],[-73.9881289073132,40.7814100679081],[-73.985467258307,40.7853689719042],[-73.9861741515716,40.7860767242036],[-73.9871204608,40.7852185892402],[-73.9861298690883,40.7862472728084],[-73.9854307675977,40.7854222135251],[-73.9850825839797,40.7859302065625],[-73.9857671067811,40.7862045463403],[-73.9850184102976,40.786022508668],[-73.9846565249785,40.7865430138974],[-73.985951008117,40.7864953844934],[-73.984620874724,40.7865942884506],[-73.9764009635224,40.7982814853679],[-73.9694168790232,40.7953690529226],[-73.9698720736199,40.794743478767],[-73.9654355441483,40.7928849603688],[-73.9641774244928,40.7923703184733]]]}},{"type":"Feature","properties":{"id":"manhattan-manhattan-valley","name":"Manhattan Valley","ntaName":"Upper West Side-Manhattan Valley","nta":"MN0703","type":"neighborhood","price":22,"blocks":60,"boro":"manhattan","borough":"Manhattan"},"geometry":{"type":"Polygon","coordinates":[[[-73.9596482923734,40.8011646990835],[-73.9581744082322,40.8005908172238],[-73.9641774244928,40.7923703184733],[-73.9698720736199,40.794743478767],[-73.9694168790232,40.7953690529226],[-73.9764009635224,40.7982814853679],[-73.9711091010606,40.8057984152539],[-73.9610793782203,40.8018086331205],[-73.9596482923734,40.8011646990835]]]}},{"type":"Feature","properties":{"id":"manhattan-lenox-hill","name":"Lenox Hill","ntaName":"Upper East Side-Lenox Hill-Roosevelt Island","nta":"MN0801","type":"neighborhood","price":40,"blocks":92,"boro":"manhattan","borough":"Manhattan"},"geometry":{"type":"MultiPolygon","coordinates":[[[[-73.9576372033045,40.7484146129325],[-73.9574948756482,40.748344729827],[-73.9578409741152,40.7483462681126],[-73.9575779400209,40.7484967902514],[-73.9576372033045,40.7484146129325]]],[[[-73.9355693999117,40.771927049239],[-73.9355676475616,40.7716373868975],[-73.9358533825304,40.7717242720129],[-73.9356099638977,40.7719395483895],[-73.9355693999117,40.771927049239]]],[[[-73.9418017588382,40.7690551961349],[-73.9428567178163,40.7683117647767],[-73.949433188636,40.7605568842647],[-73.9517796541214,40.7584108169912],[-73.9525422270841,40.7571035819928],[-73.9532215335587,40.7564351085046],[-73.9579159602333,40.7521181207602],[-73.9609072989492,40.7498102464559],[-73.9613298913276,40.7496092231994],[-73.9615399911431,40.74973138508],[-73.9590176020126,40.7536033260656],[-73.9584598043989,40.7539575023053],[-73.9533928415883,40.7598050305392],[-73.9520877571125,40.7608704219617],[-73.9509387832914,40.7625787632416],[-73.9499733502581,40.7636542979633],[-73.9490877210209,40.7642722954363],[-73.945705005513,40.7683362031603],[-73.9455644526248,40.7688100450156],[-73.94524653571,40.7687815375152],[-73.9447262153357,40.7697945413432],[-73.9421281775597,40.7720429704368],[-73.940888502657,40.7723807872606],[-73.9401810284694,40.7729675863666],[-73.940013003933,40.7728506316964],[-73.9402835102796,40.7723096777381],[-73.9402812887388,40.7706789808888],[-73.9412611855665,40.7693171494394],[-73.9418017588382,40.7690551961349]]],[[[-73.9583551856349,40.7586748918727],[-73.9587205176064,40.7586484998755],[-73.9589359210575,40.7583434226794],[-73.9665848225759,40.7615592037096],[-73.9572955362342,40.7742918255859],[-73.9474911864298,40.770123424267],[-73.9544196955837,40.7621923726037],[-73.958334955981,40.7586921463409],[-73.9583551856349,40.7586748918727]]]]}},{"type":"Feature","properties":{"id":"manhattan-carnegie-hill","name":"Carnegie Hill","ntaName":"Upper East Side-Carnegie Hill","nta":"MN0802","type":"neighborhood","price":45,"blocks":153,"boro":"manhattan","borough":"Manhattan"},"geometry":{"type":"Polygon","coordinates":[[[-73.9493331403584,40.7852013991217],[-73.9665848221825,40.761559203411],[-73.9730163128285,40.7642871470858],[-73.9557787945598,40.7879221973408],[-73.9503394750785,40.7856254226244],[-73.9493331403584,40.7852013991217]]]}},{"type":"Feature","properties":{"id":"manhattan-yorkville","name":"Yorkville","ntaName":"Upper East Side-Yorkville","nta":"MN0803","type":"neighborhood","price":35,"blocks":79,"boro":"manhattan","borough":"Manhattan"},"geometry":{"type":"MultiPolygon","coordinates":[[[[-73.9380478365821,40.7808378162789],[-73.9377959176745,40.7807895307216],[-73.9378008728596,40.7810396118751],[-73.9376477485609,40.7810094883747],[-73.9376003763983,40.7804761132489],[-73.9386134397749,40.7803472281359],[-73.9395852206369,40.7795847460272],[-73.9387294598483,40.7805190165686],[-73.9387456623064,40.7810521477322],[-73.9380835631094,40.7814267098973],[-73.9380686623108,40.7809529746948],[-73.9380478365821,40.7808378162789]]],[[[-73.9436019072316,40.7801673716435],[-73.9434401998643,40.7797715144114],[-73.9424036336724,40.7800346059649],[-73.9421172842088,40.7794726534715],[-73.9427311667444,40.7792655195351],[-73.9430038974066,40.7788611508396],[-73.9424588429369,40.7774157444051],[-73.9422819321978,40.7773557085678],[-73.9423368498512,40.7777770884662],[-73.942121257017,40.7772638379374],[-73.9424354710257,40.7773087323],[-73.9420756194767,40.7769261183745],[-73.942083036675,40.7759652873852],[-73.9436657500804,40.7738490343922],[-73.9474911864298,40.770123424267],[-73.9572955362342,40.7742918255859],[-73.9493331398748,40.785201399315],[-73.9437614851549,40.7828372042957],[-73.9438821132888,40.78154031505],[-73.9437161210928,40.7806380876031],[-73.9436019072316,40.7801673716435]]]]}},{"type":"Feature","properties":{"id":"manhattan-morningside-heights","name":"Morningside Heights","ntaName":"Morningside Heights","nta":"MN0901","type":"neighborhood","price":18,"blocks":46,"boro":"manhattan","borough":"Manhattan"},"geometry":{"type":"Polygon","coordinates":[[[-73.9521026887233,40.8114511311024],[-73.9535772148055,40.8094849753268],[-73.9549680091285,40.8100728324371],[-73.9582200597571,40.8055638323817],[-73.9582502204494,40.8031147622258],[-73.9596482923734,40.8011646990835],[-73.966702509709,40.8041767531057],[-73.9711091006196,40.8057984155051],[-73.9685589200731,40.809081170381],[-73.964142270236,40.8157799354786],[-73.9620324983365,40.8180946095303],[-73.9594947273158,40.8170157522081],[-73.9562603355048,40.8133977122639],[-73.9557083384622,40.814152238545],[-73.954082021332,40.8122883905909],[-73.9535452672667,40.812059098299],[-73.9521026887233,40.8114511311024]]]}},{"type":"Feature","properties":{"id":"manhattan-manhattanville","name":"Manhattanville","ntaName":"Manhattanville-West Harlem","nta":"MN0902","type":"neighborhood","price":10,"blocks":42,"boro":"manhattan","borough":"Manhattan"},"geometry":{"type":"Polygon","coordinates":[[[-73.9460797219785,40.821271495794],[-73.9492155402328,40.8147080493238],[-73.950351628865,40.813167667288],[-73.9521026887233,40.8114511311024],[-73.954082021332,40.8122883905909],[-73.9557083384622,40.814152238545],[-73.9562603355048,40.8133977122639],[-73.9594947273158,40.8170157522081],[-73.9620324978952,40.8180946100328],[-73.9600003625995,40.8203912238739],[-73.9598160669877,40.8203061532603],[-73.9591320558816,40.8211772335331],[-73.9594276836719,40.8212606609996],[-73.9591482972572,40.8215796078848],[-73.9590910424656,40.8212145263204],[-73.958820362337,40.8215268041818],[-73.9590016230082,40.8224180078772],[-73.9592312023101,40.8222951896031],[-73.9599114341931,40.8225793993242],[-73.959604764941,40.8230029663793],[-73.9589275872867,40.8227200355084],[-73.9590509734499,40.8225496153976],[-73.9585287551659,40.8218520360609],[-73.9579404888823,40.8227826336612],[-73.9595324544715,40.8236274619012],[-73.9591418216466,40.8243258700755],[-73.9574121324614,40.823281754362],[-73.9557321880389,40.8228995379618],[-73.9508302364259,40.82083621708],[-73.9499233803929,40.8220805944856],[-73.9485417337219,40.8214959030051],[-73.9480843340865,40.8221163018404],[-73.9472398828797,40.8217622660539],[-73.9460797219785,40.821271495794]]]}},{"type":"Feature","properties":{"id":"manhattan-hamilton-heights","name":"Hamilton Heights","ntaName":"Hamilton Heights-Sugar Hill","nta":"MN0903","type":"neighborhood","price":10,"blocks":72,"boro":"manhattan","borough":"Manhattan"},"geometry":{"type":"Polygon","coordinates":[[[-73.9403478670946,40.8304661250828],[-73.9386417000856,40.8297471560702],[-73.9392502902994,40.8283046325587],[-73.9429251034719,40.8232688679862],[-73.9451614838763,40.8208873236681],[-73.9480843340865,40.8221163018404],[-73.9485417337219,40.8214959030051],[-73.9499233803929,40.8220805944856],[-73.9508302364259,40.82083621708],[-73.9557321880389,40.8228995379618],[-73.9574121324614,40.823281754362],[-73.9591418216466,40.8243258700755],[-73.9572604096092,40.8271255903572],[-73.9569501032742,40.8270088344069],[-73.9563192846895,40.8279524960673],[-73.9550405689278,40.8274217130344],[-73.9546988052604,40.8279266662448],[-73.954543319633,40.827869757593],[-73.9502136236165,40.8343114020942],[-73.9482782043971,40.8338737382157],[-73.9410769040166,40.8307751336413],[-73.9403478670946,40.8304661250828]]]}},{"type":"Feature","properties":{"id":"manhattan-south-harlem","name":"South Harlem","ntaName":"Harlem (South)","nta":"MN1001","type":"neighborhood","price":12,"blocks":82,"boro":"manhattan","borough":"Manhattan"},"geometry":{"type":"Polygon","coordinates":[[[-73.9417728346942,40.8070972779642],[-73.9427551055094,40.805752289609],[-73.9443573040084,40.8064218648007],[-73.9462018925711,40.8039147987666],[-73.9446005864077,40.8032333245998],[-73.9492347055902,40.7968802747574],[-73.9596482923734,40.8011646990835],[-73.9582502204494,40.8031147622258],[-73.9582200597571,40.8055638323817],[-73.9549680091285,40.8100728324371],[-73.9535772148055,40.8094849753268],[-73.9521026887233,40.8114511311024],[-73.9449174525997,40.8084217810422],[-73.9417728346942,40.8070972779642]]]}},{"type":"Feature","properties":{"id":"manhattan-harlem","name":"Harlem","ntaName":"Harlem (North)","nta":"MN1002","type":"neighborhood","price":10,"blocks":105,"boro":"manhattan","borough":"Manhattan"},"geometry":{"type":"Polygon","coordinates":[[[-73.9351580247655,40.8326906883779],[-73.9344253962393,40.8270511750848],[-73.9339738473352,40.8197378546971],[-73.9338315230964,40.819728022537],[-73.9338314386887,40.8194993755594],[-73.9344766684492,40.819705775859],[-73.9340760697039,40.8178347932049],[-73.9417728348071,40.8070972783329],[-73.9521026884359,40.8114511306939],[-73.9503516294324,40.8131676670121],[-73.9492155402791,40.8147080494668],[-73.9460797219111,40.8212714956978],[-73.9451614842438,40.8208873233243],[-73.9429251037508,40.8232688676021],[-73.9392502902436,40.8283046329086],[-73.9386417001289,40.8297471563291],[-73.9401427456601,40.8303802710414],[-73.938950031467,40.8324256180718],[-73.9381895092877,40.8332782120246],[-73.9346753632027,40.8360731866998],[-73.9344502089247,40.8359197173921],[-73.9349167686399,40.8352391052319],[-73.935166241866,40.83286116566],[-73.9351580247655,40.8326906883779]]]}},{"type":"Feature","properties":{"id":"manhattan-east-harlem","name":"East Harlem","ntaName":"East Harlem (South)","nta":"MN1101","type":"neighborhood","price":10,"blocks":86,"boro":"manhattan","borough":"Manhattan"},"geometry":{"type":"Polygon","coordinates":[[[-73.9410364004892,40.7925549434714],[-73.938650263173,40.7915660289892],[-73.9377375514082,40.7928240785633],[-73.9350554902656,40.7916945056931],[-73.9358324986698,40.7911029790624],[-73.9370824748995,40.7893746695202],[-73.9361421638905,40.7889573476746],[-73.9362200294652,40.788808771304],[-73.937151085697,40.7891767233311],[-73.9381171321729,40.7871930361035],[-73.9398276286718,40.7852648248227],[-73.9424711362578,40.7839047334977],[-73.9432070880446,40.7833781154099],[-73.9436496672818,40.7826644341024],[-73.9557787945598,40.7879221973408],[-73.9483126884285,40.7981374926967],[-73.941877478706,40.7954141443761],[-73.943273943893,40.7934963783395],[-73.9410364004892,40.7925549434714]]]}},{"type":"Feature","properties":{"id":"manhattan-east-harlem-north","name":"East Harlem North","ntaName":"East Harlem (North)","nta":"MN1102","type":"neighborhood","price":9,"blocks":127,"boro":"manhattan","borough":"Manhattan"},"geometry":{"type":"MultiPolygon","coordinates":[[[[-73.9338292060753,40.8194237752224],[-73.9338304404725,40.8155936392396],[-73.9340161988888,40.8144920314551],[-73.9338579572943,40.8144897537568],[-73.93386653417,40.8141614367265],[-73.9343400772707,40.8095704921905],[-73.9335626235088,40.8076089548865],[-73.9303101943696,40.8037942917338],[-73.9290363316119,40.8010891802357],[-73.9290378300816,40.7967708701425],[-73.9292807963816,40.7958614148733],[-73.9300702395083,40.794709103705],[-73.9350554902656,40.7916945056931],[-73.9377375514082,40.7928240785633],[-73.938650263173,40.7915660289892],[-73.943273943893,40.7934963783395],[-73.941877478706,40.7954141443761],[-73.9483126884285,40.7981374926967],[-73.9446005864077,40.8032333245998],[-73.9462018925711,40.8039147987666],[-73.9443573040084,40.8064218648007],[-73.9427551055094,40.805752289609],[-73.9348748697063,40.8165361272196],[-73.9340760702956,40.8178347934295],[-73.934476668188,40.8197057762297],[-73.9338314381616,40.819499375403],[-73.9338292060753,40.8194237752224]]],[[[-73.9270478315245,40.8006600194009],[-73.926887488725,40.8008489252837],[-73.9265109770462,40.8006653084166],[-73.9268705152912,40.8007919532009],[-73.9269967415595,40.8006444524727],[-73.9270478315245,40.8006600194009]]],[[[-73.9272044254389,40.797395024195],[-73.9277083698254,40.7973069385676],[-73.9273681843929,40.7973550960563],[-73.9272044254389,40.797395024195]]],[[[-73.9271707587942,40.8004141305159],[-73.9266670831989,40.800190990327],[-73.9272491364871,40.8004012336809],[-73.9270683948303,40.8005512884734],[-73.9271707587942,40.8004141305159]]],[[[-73.9267266905966,40.8004156146533],[-73.9265398922632,40.8003421751357],[-73.9267382679631,40.8004197473128],[-73.9267266905966,40.8004156146533]]]]}},{"type":"Feature","properties":{"id":"manhattan-randalls-island","name":"Randall's Island","ntaName":"Randall's Island","nta":"MN1191","type":"park","price":15,"blocks":10,"boro":"manhattan","borough":"Manhattan"},"geometry":{"type":"Polygon","coordinates":[[[-73.9163999545389,40.7976931178377],[-73.9154561339028,40.7970717417442],[-73.9144396960919,40.7956737935288],[-73.913805706377,40.794520122272],[-73.9137852779657,40.7938445613457],[-73.9151427680067,40.7920207570409],[-73.9163071711404,40.7911257549485],[-73.9161723042779,40.7910225684835],[-73.9168668302543,40.7903703379153],[-73.917107646881,40.7904768920564],[-73.9185644233914,40.7897036085266],[-73.91851019476,40.7894333649055],[-73.9221924064369,40.7855189460538],[-73.9228534589154,40.7835639668499],[-73.9241225669772,40.782531347312],[-73.9246747229392,40.7822531328853],[-73.925719514321,40.7821848307697],[-73.9273256537135,40.7810989017905],[-73.9281026170188,40.780928592667],[-73.931054954689,40.7824048673346],[-73.9350248808481,40.7830146553087],[-73.9359836897555,40.7839506413722],[-73.936054756844,40.7845206417338],[-73.9357140884984,40.7856887621959],[-73.932402884646,40.7897285653565],[-73.9308432153767,40.7909997048868],[-73.9297254354088,40.7913744530138],[-73.9280741645399,40.7908316651455],[-73.9261055298673,40.7907398816749],[-73.9261608497451,40.791723663938],[-73.9265690891349,40.7918664091867],[-73.9256089877305,40.7919041818764],[-73.9267394157537,40.7919366981028],[-73.9263317508623,40.7915117512702],[-73.9265672750261,40.7909877767216],[-73.9278703199392,40.7909631126532],[-73.9271370651338,40.7919375814144],[-73.9278028421512,40.7920057540424],[-73.9282686301935,40.792336798786],[-73.9283435553097,40.7929879650168],[-73.9273547480646,40.7944701696864],[-73.9269375747208,40.7955053373562],[-73.9269533509993,40.7967167083405],[-73.9274406492988,40.7977188143095],[-73.9272643601581,40.7989269219223],[-73.9265039305983,40.8003831941857],[-73.9266861350417,40.8004630341392],[-73.9256996894455,40.8018191482381],[-73.9252766385396,40.8020067991131],[-73.9226352126051,40.8018770155833],[-73.9219123492918,40.8015109425264],[-73.9203160818945,40.7993837353937],[-73.9166312763355,40.7978664164139],[-73.9163999545389,40.7976931178377]]]}},{"type":"Feature","properties":{"id":"manhattan-washington-heights","name":"Washington Heights","ntaName":"Washington Heights (South)","nta":"MN1201","type":"neighborhood","price":8,"blocks":124,"boro":"manhattan","borough":"Manhattan"},"geometry":{"type":"Polygon","coordinates":[[[-73.9313949859399,40.8474365167705],[-73.9355684055167,40.8417208116557],[-73.935629700251,40.8412876468334],[-73.9350071862157,40.8398601952055],[-73.9350565210517,40.8393415204838],[-73.9363846015077,40.8378584083672],[-73.9380251748838,40.8343157740331],[-73.9394806114849,40.833022295172],[-73.9402328021032,40.8318724746572],[-73.9403478670946,40.8304661250828],[-73.9482782043971,40.8338737382157],[-73.9502136236165,40.8343114020942],[-73.9495474452362,40.8366126546133],[-73.9492846031049,40.8367480155873],[-73.9495435423411,40.8368879150908],[-73.9485619830129,40.8395731678811],[-73.9461256015074,40.8439007807102],[-73.9461731872351,40.8454011760252],[-73.9465187395495,40.8460034689538],[-73.9463522180051,40.8462486153905],[-73.9468258911385,40.847142546329],[-73.946636937886,40.8489207101755],[-73.9470292622393,40.8500501171348],[-73.9469658548935,40.8504738112255],[-73.9431886300132,40.8497631280378],[-73.9438914387474,40.8482111965123],[-73.9420553867526,40.8483250187523],[-73.938037595374,40.8475660400714],[-73.9376738033069,40.8484010143053],[-73.9363982652123,40.8495494814399],[-73.9328512815627,40.8480463949476],[-73.9313949859399,40.8474365167705]]]}},{"type":"Feature","properties":{"id":"manhattan-hudson-heights","name":"Hudson Heights","ntaName":"Washington Heights (North)","nta":"MN1202","type":"neighborhood","price":8,"blocks":109,"boro":"manhattan","borough":"Manhattan"},"geometry":{"type":"Polygon","coordinates":[[[-73.928727864244,40.8667497174474],[-73.92727058282,40.8655428488609],[-73.9247429647049,40.8616019266129],[-73.9252883326132,40.860133187834],[-73.9269823433903,40.8586137693718],[-73.9271236518976,40.8581178994778],[-73.926912606208,40.8575170490131],[-73.9263125042987,40.8581181693045],[-73.9254741355571,40.8581938712456],[-73.9250031858774,40.8578857528265],[-73.9246358441674,40.8568933225869],[-73.9276970886232,40.8524960692546],[-73.927034587718,40.8522090615484],[-73.9270812544207,40.8514406296788],[-73.9274782356974,40.8507026569354],[-73.9289838584537,40.8492644082942],[-73.9297745600563,40.8481237467371],[-73.9306225114587,40.8484892630328],[-73.9313949859399,40.8474365167705],[-73.9363982652123,40.8495494814399],[-73.9376738033069,40.8484010143053],[-73.938037595374,40.8475660400714],[-73.9420553867526,40.8483250187523],[-73.9438914387474,40.8482111965123],[-73.9431886300132,40.8497631280378],[-73.9469658542312,40.8504738117278],[-73.9465173400079,40.8509766240995],[-73.9462764527283,40.8508492626782],[-73.9461188787829,40.8511808680926],[-73.9456542738489,40.851219383438],[-73.944668649093,40.8519295117794],[-73.9443266213588,40.8518308622037],[-73.94348122241,40.8522901678268],[-73.9418714001386,40.853876025191],[-73.9402949111685,40.8566500570033],[-73.938311010071,40.8593888105584],[-73.9375308772462,40.8601049294047],[-73.9364770519437,40.8619348791852],[-73.9340180789622,40.8650438375022],[-73.932664761611,40.8672453551198],[-73.9328410165144,40.8674235656229],[-73.9325203184045,40.8674187925902],[-73.9322691326118,40.868570608933],[-73.9324935774156,40.8686858081298],[-73.9326522695948,40.8684733229075],[-73.9325249800419,40.8687303678392],[-73.9322517518994,40.8686477978413],[-73.9323152888689,40.8689320098707],[-73.9325703892997,40.8689876927429],[-73.9321904726339,40.8693752665096],[-73.9324702651685,40.869484389519],[-73.9323551425228,40.8697635449846],[-73.9321348003887,40.869424265573],[-73.9321999848944,40.8698531611241],[-73.9315668035846,40.8695904481189],[-73.9315052789797,40.8690435111464],[-73.9293424737005,40.8672655304471],[-73.928727864244,40.8667497174474]]]}},{"type":"Feature","properties":{"id":"manhattan-inwood","name":"Inwood","ntaName":"Inwood","nta":"MN1203","type":"neighborhood","price":6,"blocks":73,"boro":"manhattan","borough":"Manhattan"},"geometry":{"type":"MultiPolygon","coordinates":[[[[-73.9223460232432,40.8556906238331],[-73.9216998492112,40.856680589695],[-73.9215203708221,40.8566094577188],[-73.9222975391654,40.855672123914],[-73.9223460232432,40.8556906238331]]],[[[-73.9223460232432,40.8556906238331],[-73.9228806466208,40.855885547083],[-73.9228893805804,40.8588652291504],[-73.9272705827484,40.8655428489267],[-73.9287278639434,40.8667497173005],[-73.9261999094823,40.8685217897221],[-73.9223450374287,40.8694673310315],[-73.9221429557694,40.8691560866764],[-73.921627657651,40.8694004746009],[-73.9192562466465,40.8710161332686],[-73.9197003059111,40.872071821388],[-73.9184306743947,40.8730180694205],[-73.9140112825739,40.8711688843412],[-73.9114273892411,40.8731900581926],[-73.9106502005966,40.8723045398396],[-73.910435063784,40.8713891072085],[-73.9107249862072,40.8709571259817],[-73.9109263402716,40.869444882216],[-73.9114759166519,40.8694630483589],[-73.9110320076678,40.8691636941144],[-73.9111303366367,40.8689283333559],[-73.9127331674906,40.8666135021791],[-73.9125491788704,40.8665232328772],[-73.913920059289,40.8647538736925],[-73.9149253076593,40.8645886679342],[-73.9144125620487,40.8641819156245],[-73.9150872668089,40.8644564332147],[-73.9159005454249,40.8643163272685],[-73.9158729093385,40.8641373797569],[-73.9151971768473,40.8639535138231],[-73.9154782527346,40.8633543961599],[-73.9153881591841,40.8630926737981],[-73.9172961067788,40.861687706486],[-73.9195035660686,40.8587994221355],[-73.92048011269,40.8591123805208],[-73.92127234331,40.8601963311786],[-73.9215915787864,40.8600810885538],[-73.9218677683397,40.8591896271373],[-73.9213081573377,40.8589076012208],[-73.9209160285619,40.8582272544905],[-73.9211453959697,40.8575595119197],[-73.9223783878609,40.8565918572469],[-73.9223772392767,40.8559866363263],[-73.9223460232432,40.8556906238331]]]]}},{"type":"Feature","properties":{"id":"manhattan-highbridge-park","name":"Highbridge Park","ntaName":"Highbridge Park","nta":"MN1291","type":"park","price":12,"blocks":3,"boro":"manhattan","borough":"Manhattan"},"geometry":{"type":"Polygon","coordinates":[[[-73.9228893805804,40.8588652291504],[-73.9228806466208,40.855885547083],[-73.9222801605652,40.8556632756871],[-73.9298157230473,40.8450856687416],[-73.930896083779,40.84254662429],[-73.9344538265676,40.8359892439099],[-73.9346753632027,40.8360731866998],[-73.9383923903372,40.8330966511773],[-73.9401427456601,40.8303802710414],[-73.9403478671641,40.8304661251614],[-73.9402205788228,40.8318921163963],[-73.9394806109165,40.8330222953676],[-73.938039348049,40.8342948735826],[-73.9363846020832,40.8378584081368],[-73.9350565210067,40.8393415207194],[-73.9350071861834,40.8398601953222],[-73.9356297004065,40.8412876466001],[-73.9355684054971,40.8417208118469],[-73.9306225110513,40.8484892634474],[-73.9297745597017,40.8481237465859],[-73.9289838584821,40.8492644078735],[-73.9274782352617,40.8507026566893],[-73.927081254451,40.8514406297932],[-73.9270345879117,40.8522090611486],[-73.9276970882606,40.8524960696703],[-73.9248677997803,40.8563666435692],[-73.9246325509583,40.8569757471302],[-73.9250031860197,40.8578857529169],[-73.9254848362321,40.8581968190018],[-73.926274084879,40.8581367193887],[-73.9269126060523,40.8575170493775],[-73.9271236522154,40.858117899477],[-73.9268863816581,40.8587721108424],[-73.9252883321415,40.8601331882476],[-73.9247429643235,40.8616019263916],[-73.9229599719831,40.8589221819223],[-73.9228893805804,40.8588652291504]]]}},{"type":"Feature","properties":{"id":"manhattan-inwood-hill-park","name":"Inwood Hill Park","ntaName":"Inwood Hill Park","nta":"MN1292","type":"park","price":12,"blocks":13,"boro":"manhattan","borough":"Manhattan"},"geometry":{"type":"MultiPolygon","coordinates":[[[[-73.9264070012337,40.8776297677861],[-73.9264592821866,40.8772664795095],[-73.9261943549936,40.8770727109144],[-73.924571801991,40.8774372041062],[-73.9232961995697,40.8772727267307],[-73.9223991128103,40.8767885146123],[-73.9226694718206,40.8749902818513],[-73.9225777993525,40.8743034738195],[-73.9220846330041,40.87359209918],[-73.9211188470545,40.8730417461915],[-73.9202937366152,40.8731067078105],[-73.9197944468446,40.8736148029051],[-73.9208039870558,40.8742023502055],[-73.9207015367835,40.874400225201],[-73.9211832966317,40.8751461315858],[-73.9208075276539,40.8754857843165],[-73.9188766890251,40.8746872869286],[-73.9192758131162,40.8736601716983],[-73.9185013871797,40.8732000063613],[-73.9185987284182,40.8735037882264],[-73.9179304591967,40.87398718429],[-73.9175787286707,40.8745569697778],[-73.9178728790198,40.8739132861681],[-73.9164371688037,40.8745179906544],[-73.9152254498615,40.8744949134798],[-73.912612161203,40.8737656063951],[-73.9115165888283,40.8732449213507],[-73.9140112825739,40.8711688843412],[-73.9184306743947,40.8730180694205],[-73.9197003059111,40.872071821388],[-73.9192562466465,40.8710161332686],[-73.921627657651,40.8694004746009],[-73.9221429557694,40.8691560866764],[-73.9223450374287,40.8694673310315],[-73.9261999094823,40.8685217897221],[-73.9287278639434,40.8667497173005],[-73.9315052793209,40.8690435110614],[-73.9315668035086,40.8695904478835],[-73.9321999851396,40.8698531610896],[-73.9322074392285,40.8701047350644],[-73.9313779930697,40.872116917348],[-73.9291811167932,40.8755638400046],[-73.9281476687755,40.8765308205819],[-73.9275322549474,40.8767188259678],[-73.926417347239,40.8776183381884],[-73.9264070012337,40.8776297677861]]],[[[-73.9235931571208,40.878960451142],[-73.923680625799,40.8788343660166],[-73.9236311713367,40.8789722357689],[-73.9235931571208,40.878960451142]]]]}},{"type":"Feature","properties":{"id":"manhattan-central-park","name":"Central Park","ntaName":"Central Park","nta":"MN6491","type":"park","price":150,"blocks":1,"boro":"manhattan","borough":"Manhattan"},"geometry":{"type":"Polygon","coordinates":[[[-73.9492347055902,40.7968802747574],[-73.9730163128285,40.7642871470858],[-73.981492657607,40.7678894676515],[-73.9814439876805,40.7681722382932],[-73.981680879605,40.7683983997473],[-73.9581744082322,40.8005908172238],[-73.9497491649057,40.7971052771489],[-73.9492347055902,40.7968802747574]]]}},{"type":"Feature","properties":{"id":"queens-astoria-north","name":"Astoria (North)","ntaName":"Astoria (North)-Ditmars-Steinway","nta":"QN0101","type":"neighborhood","price":16,"blocks":221,"boro":"queens","borough":"Queens"},"geometry":{"type":"Polygon","coordinates":[[[-73.906474567865,40.7901894504595],[-73.9020646983502,40.7895026809168],[-73.900327717096,40.7890159377735],[-73.8969413534793,40.7866329434714],[-73.8965134669924,40.7860769332789],[-73.8963539308021,40.7861875840717],[-73.896503966126,40.7860657423144],[-73.8960451849399,40.7858082622162],[-73.8962440159722,40.7857487074911],[-73.8961415683452,40.7856154426767],[-73.8959310471396,40.7856572188656],[-73.8961277441373,40.7856014427204],[-73.8958305615441,40.7852298020503],[-73.8987630447574,40.7827572202342],[-73.9011471951377,40.7827193805723],[-73.9021795722073,40.7817888358363],[-73.902678654896,40.780602405048],[-73.9025807159472,40.7802973931921],[-73.9023444576743,40.7801955183713],[-73.902184456939,40.7803676398297],[-73.9020370777448,40.7812113756272],[-73.9012926948955,40.7818666925905],[-73.9003510264746,40.7821726842767],[-73.8986557961934,40.7820036936067],[-73.8943791966368,40.7842514776683],[-73.894296240934,40.7841258418853],[-73.8960651953241,40.7831654766196],[-73.8947757077254,40.7822618661688],[-73.8953589225968,40.7816659304498],[-73.8946023352784,40.7822614330857],[-73.895345895552,40.7815938396937],[-73.8941661081791,40.782480320964],[-73.8930623237831,40.7818565640082],[-73.8923089178588,40.7824743158647],[-73.8927505947093,40.782973980712],[-73.8916560074651,40.7822030560642],[-73.8922433272214,40.782419072662],[-73.8930112788231,40.7818062974035],[-73.8922800623567,40.7813085955292],[-73.8921129043865,40.7814034529954],[-73.8922193434124,40.7812135978622],[-73.8916724532595,40.7808631281238],[-73.8915930567248,40.7805893942839],[-73.8925362623415,40.779778793204],[-73.8925415978252,40.7795601074557],[-73.8916700127014,40.7795008127621],[-73.8911973127492,40.778571561651],[-73.8925240149209,40.7774129028158],[-73.8914174730138,40.7763472292741],[-73.891833863115,40.7748884730352],[-73.8914450341281,40.775630967833],[-73.8914532730179,40.7765210430345],[-73.8911218570945,40.7771329735455],[-73.8905639214006,40.7774121944657],[-73.8903533457079,40.7778085948048],[-73.8900887100644,40.7777924659293],[-73.8894724687957,40.7755438249093],[-73.8897904206715,40.7742451332518],[-73.8901931304472,40.7736551493028],[-73.8898531137336,40.7737615704931],[-73.8894562821996,40.7735412244332],[-73.8887458534741,40.7689264515167],[-73.8882223494198,40.7686296869989],[-73.8877312940495,40.7669227057282],[-73.8908918506716,40.7658664693987],[-73.8910916918364,40.7663449066279],[-73.8938612917926,40.7664297163982],[-73.8943251356705,40.7661547423254],[-73.9022677888838,40.7674652148381],[-73.9041377963197,40.7675285883887],[-73.9057749488994,40.7680368597772],[-73.9172585713455,40.7698618008361],[-73.918080175328,40.7700702665251],[-73.9177035962856,40.7704013826988],[-73.9239828542771,40.7746233838054],[-73.923027139134,40.7753925814254],[-73.9237590381628,40.7765552842284],[-73.9179672378692,40.7812645648295],[-73.9199660120759,40.7826433424995],[-73.918190053811,40.7839412399224],[-73.917172610669,40.7842017578164],[-73.9168341935076,40.7851996664313],[-73.9157531525774,40.7861158523228],[-73.9152615628354,40.786200491187],[-73.9155885251918,40.7864379052571],[-73.9126012815599,40.7893846040399],[-73.9124095316863,40.7892825784615],[-73.9126689058257,40.7890122502781],[-73.9119525309638,40.7894100717213],[-73.9120811728061,40.7895300896784],[-73.9118391995787,40.7896891593952],[-73.9109443970197,40.7897633184462],[-73.9109062927112,40.7900489595076],[-73.9098600522951,40.7909537692349],[-73.9067813354732,40.7903833832827],[-73.906474567865,40.7901894504595]]]}},{"type":"Feature","properties":{"id":"queens-old-astoria","name":"Old Astoria","ntaName":"Old Astoria-Hallets Point","nta":"QN0102","type":"neighborhood","price":16,"blocks":63,"boro":"queens","borough":"Queens"},"geometry":{"type":"Polygon","coordinates":[[[-73.9282787351645,40.7769072475057],[-73.9239828544843,40.7746233840709],[-73.9278082119846,40.7698973089815],[-73.9264748375652,40.7692796664971],[-73.9303668872444,40.7644990200593],[-73.9361852262287,40.7677000717648],[-73.9359331991082,40.7677919723916],[-73.9357727693371,40.7690582799254],[-73.9347186129852,40.7700381288263],[-73.9342475252062,40.7710375459953],[-73.9348082427203,40.7717424088268],[-73.9374678155495,40.7725397656275],[-73.9378595479652,40.7740958397658],[-73.937656260641,40.7750939563789],[-73.9363816576112,40.7769297279618],[-73.9347449590942,40.7780846070596],[-73.9317897710735,40.7778788788507],[-73.9310510707486,40.7774501689999],[-73.930629992894,40.7765991742855],[-73.9298820129726,40.7762299033922],[-73.9283970380622,40.7767988012208],[-73.9282787351645,40.7769072475057]]]}},{"type":"Feature","properties":{"id":"queens-astoria-central","name":"Astoria (Central)","ntaName":"Astoria (Central)","nta":"QN0103","type":"neighborhood","price":16,"blocks":105,"boro":"queens","borough":"Queens"},"geometry":{"type":"Polygon","coordinates":[[[-73.9119416809468,40.7690184238266],[-73.9145004459752,40.7658646700187],[-73.9137021353547,40.7654885093934],[-73.9149935373041,40.7639005741357],[-73.9157925958776,40.7642760407731],[-73.9241584245656,40.7539694096641],[-73.9321534296752,40.7577186531137],[-73.9296520459774,40.7608060305682],[-73.930551065789,40.7612288698326],[-73.929435834558,40.7623883621469],[-73.9313376883827,40.7632847106058],[-73.9264748375652,40.7692796664971],[-73.9278082119846,40.7698973089815],[-73.9239828544843,40.7746233840709],[-73.9177035958776,40.7704013823639],[-73.9180801756013,40.7700702665933],[-73.9129182013377,40.7691695691108],[-73.9119416809468,40.7690184238266]]]}},{"type":"Feature","properties":{"id":"queens-astoria-east","name":"Astoria (East)","ntaName":"Astoria (East)-Woodside (North)","nta":"QN0104","type":"neighborhood","price":16,"blocks":126,"boro":"queens","borough":"Queens"},"geometry":{"type":"Polygon","coordinates":[[[-73.9020265835069,40.7674250545887],[-73.9035136957605,40.7658577304966],[-73.9020743760626,40.7623892398801],[-73.9015299328546,40.7596361649174],[-73.898556345997,40.7599323735595],[-73.8994516103968,40.7586059957385],[-73.8997434087247,40.7575198483826],[-73.8995930882932,40.756563876832],[-73.8985436470525,40.7541783807019],[-73.9102326662919,40.7529847916022],[-73.9144659287921,40.7536846798545],[-73.917633351049,40.7538661163202],[-73.9256288624045,40.7521455116791],[-73.9157925958776,40.7642760407731],[-73.9149935373041,40.7639005741357],[-73.9137021353547,40.7654885093934],[-73.9145004459752,40.7658646700187],[-73.9119416809468,40.7690184238266],[-73.9057749487887,40.7680368594888],[-73.904137796335,40.7675285885003],[-73.9022677893492,40.7674652151853],[-73.9020265835069,40.7674250545887]]]}},{"type":"Feature","properties":{"id":"queens-queensbridge","name":"Queensbridge","ntaName":"Queensbridge-Ravenswood-Dutch Kills","nta":"QN0105","type":"neighborhood","price":10,"blocks":136,"boro":"queens","borough":"Queens"},"geometry":{"type":"Polygon","coordinates":[[[-73.9345287293678,40.771185045443],[-73.9342475252062,40.7710375459953],[-73.9344759190058,40.7704198673802],[-73.9357727693371,40.7690582799254],[-73.9359331991082,40.7677919723916],[-73.9361852262287,40.7677000717648],[-73.9303668872444,40.7644990200593],[-73.9313376883827,40.7632847106058],[-73.929435834558,40.7623883621469],[-73.930551065789,40.7612288698326],[-73.9296520459774,40.7608060305682],[-73.9321534296752,40.7577186531137],[-73.9241584245656,40.7539694096641],[-73.9256288624045,40.7521455116791],[-73.9322776597436,40.7519621533626],[-73.9338341202706,40.7516129684719],[-73.936096417247,40.7497397969646],[-73.935388280005,40.7494201997039],[-73.936864984333,40.74842952945],[-73.9380472934185,40.7494615307441],[-73.9381185755264,40.7498409746614],[-73.9508406041735,40.7552263502605],[-73.9435042512922,40.764507309462],[-73.941313179824,40.7669262740381],[-73.9398370228315,40.7679962754686],[-73.9393673027612,40.768167970957],[-73.938956454912,40.767966455772],[-73.9381987377282,40.7687080140834],[-73.9378891143368,40.7685658231418],[-73.937959659061,40.768793203267],[-73.9374725211323,40.7689598278879],[-73.9368160356362,40.7689122172932],[-73.9364052470146,40.7694831544582],[-73.9357416437595,40.7693755003126],[-73.9352415976044,40.769687595485],[-73.9346964198338,40.7704336077072],[-73.9351485826799,40.7705502262522],[-73.934906242108,40.771278911532],[-73.9345287293678,40.771185045443]]]}},{"type":"Feature","properties":{"id":"bronx-rikers-island","name":"Rikers Island","ntaName":"Rikers Island","nta":"QN0151","type":"neighborhood","price":8,"blocks":1,"boro":"bronx","borough":"Bronx"},"geometry":{"type":"Polygon","coordinates":[[[-73.8728733686679,40.7859833038686],[-73.8735159350704,40.7857583670271],[-73.8766683146292,40.7858212742133],[-73.8783082119104,40.7853648962613],[-73.8853758355699,40.7866774018907],[-73.8877026775013,40.786880550126],[-73.8890535391129,40.7873808353593],[-73.890302771104,40.7898850028831],[-73.8908014145101,40.7902158524635],[-73.8916072861608,40.7901689765101],[-73.8921832465971,40.790402545863],[-73.8928242532104,40.792825357987],[-73.8917943138765,40.7967835226047],[-73.8907328070075,40.797669176863],[-73.8908756335701,40.7978380253108],[-73.8906228993605,40.7977572000235],[-73.8908318384708,40.7980156837004],[-73.8906092749327,40.797775784722],[-73.8901705802494,40.7979729350656],[-73.8888630380777,40.7978813340593],[-73.8883123882237,40.7981924626137],[-73.8885153087599,40.7982514330342],[-73.8885142697862,40.7985988178331],[-73.8889785060285,40.7987588081906],[-73.8882149044915,40.7986735814771],[-73.8883939212279,40.7985745735802],[-73.8882349490952,40.7982511615437],[-73.8875610915568,40.798377009743],[-73.8866525006858,40.7980464734704],[-73.8837174380032,40.7956981156732],[-73.8836565819198,40.7959755070378],[-73.8832053572204,40.7955532743681],[-73.8820977506784,40.7951681384149],[-73.878748034385,40.7946477216237],[-73.8769048262265,40.7937837352475],[-73.8748540903639,40.7922690004622],[-73.8722202000993,40.7910451381744],[-73.8712129514393,40.790044398487],[-73.8708009475717,40.7879250014927],[-73.871632063016,40.7868061814413],[-73.8727898800847,40.7860862517697],[-73.8728733686679,40.7859833038686]]]}},{"type":"Feature","properties":{"id":"queens-sunnyside-yards-north","name":"Sunnyside Yards (North)","ntaName":"Sunnyside Yards (North)","nta":"QN0161","type":"park","price":16,"blocks":2,"boro":"queens","borough":"Queens"},"geometry":{"type":"Polygon","coordinates":[[[-73.9102326662919,40.7529847916022],[-73.9103425382944,40.7526850830839],[-73.9098446049807,40.7516469478783],[-73.9131448128673,40.7509753198097],[-73.9152574295211,40.7508538934813],[-73.9205404235579,40.7497590949892],[-73.9210162240449,40.7509808768265],[-73.921613503409,40.7513798190385],[-73.9246351186214,40.7516516131932],[-73.9315205461008,40.7511607228652],[-73.9339408205497,40.7502779120432],[-73.935388280005,40.7494201997039],[-73.936096417247,40.7497397969646],[-73.9338341202706,40.7516129684719],[-73.9322776597436,40.7519621533626],[-73.9256288624045,40.7521455116791],[-73.917633351049,40.7538661163202],[-73.9144659287921,40.7536846798545],[-73.9106761680598,40.7530033444418],[-73.9102326662919,40.7529847916022]]]}},{"type":"Feature","properties":{"id":"queens-st.-michaels-cemetery","name":"St. Michael's Cemetery","ntaName":"St. Michael's Cemetery","nta":"QN0171","type":"neighborhood","price":10,"blocks":2,"boro":"queens","borough":"Queens"},"geometry":{"type":"Polygon","coordinates":[[[-73.8943251355209,40.7661547424975],[-73.8950980117942,40.7643648485409],[-73.8964578965353,40.7632131082154],[-73.8987739242474,40.7599238465543],[-73.9015299328546,40.7596361649174],[-73.9020743760626,40.7623892398801],[-73.9035136957605,40.7658577304966],[-73.9021809351188,40.7673241122175],[-73.89454496447,40.7661929833409],[-73.8943251355209,40.7661547424975]]]}},{"type":"Feature","properties":{"id":"queens-astoria-park","name":"Astoria Park","ntaName":"Astoria Park","nta":"QN0191","type":"park","price":16,"blocks":3,"boro":"queens","borough":"Queens"},"geometry":{"type":"Polygon","coordinates":[[[-73.9239828544843,40.7746233840709],[-73.9282787351645,40.7769072475057],[-73.9263197601102,40.7782500471949],[-73.9248748713299,40.7786338771479],[-73.9229579520285,40.7804492806803],[-73.9221010800915,40.7808601479757],[-73.919966012231,40.7826433421313],[-73.9179672381566,40.7812645648601],[-73.9237590386714,40.7765552842896],[-73.923027139654,40.7753925814549],[-73.9233418399505,40.7751371835604],[-73.9239828544843,40.7746233840709]]]}},{"type":"Feature","properties":{"id":"queens-long-island-city","name":"Long Island City","ntaName":"Long Island City-Hunters Point","nta":"QN0201","type":"neighborhood","price":28,"blocks":148,"boro":"queens","borough":"Queens"},"geometry":{"type":"Polygon","coordinates":[[[-73.936864984333,40.74842952945],[-73.9366382464691,40.7482123601558],[-73.9403283893713,40.7454214088137],[-73.9434288581121,40.7442394377498],[-73.9440117332377,40.743647719237],[-73.9441970466589,40.7428904110667],[-73.9403170262777,40.7444127634465],[-73.9376982436011,40.7452468404145],[-73.937262534958,40.7451847558869],[-73.9386811165105,40.7382165662004],[-73.9414631634134,40.7392568474721],[-73.9405103172469,40.7401222058013],[-73.9403630213455,40.7403436097546],[-73.9405628789157,40.7404265870402],[-73.939110170274,40.7426252997642],[-73.938671346279,40.7425423466116],[-73.9385892985121,40.7429391478573],[-73.9400206589767,40.7432165368822],[-73.940150014451,40.7428407060534],[-73.9396544442876,40.7427393516865],[-73.9415961298226,40.7398723901302],[-73.9425980982641,40.7394034111345],[-73.942902848177,40.7390120657539],[-73.943788325125,40.7388907228115],[-73.9454837965681,40.7382152952968],[-73.947152302995,40.7379083867267],[-73.9513821471435,40.7393447408102],[-73.9538102726406,40.7398285565027],[-73.9574161415704,40.7395648453581],[-73.9607272392791,40.7380884331208],[-73.9621664922081,40.7382808011878],[-73.9621328971448,40.7384593331132],[-73.9626096330368,40.7388038009832],[-73.9622106003911,40.7400144387647],[-73.961791918631,40.7400213942023],[-73.9612484153056,40.7404318604975],[-73.9619389354174,40.7408031422463],[-73.9618054103006,40.7411059369668],[-73.9612200637429,40.7411161236473],[-73.961075360892,40.7417027683892],[-73.9613663017474,40.7418454618082],[-73.9611095809064,40.741836288565],[-73.9615539677337,40.7420015250862],[-73.9611917331971,40.7426531190789],[-73.9605439562782,40.7434746580962],[-73.9597761435441,40.7435129482404],[-73.9597074191738,40.7438669141703],[-73.9605700031154,40.7440379306974],[-73.959633685786,40.7439428965433],[-73.9593925015864,40.7442915884446],[-73.9601274453599,40.7444522006979],[-73.9592351248986,40.7443183072406],[-73.9587768053543,40.7445638646442],[-73.9594438449353,40.744612484374],[-73.9588806347806,40.7446325957427],[-73.9587599830149,40.7449532701103],[-73.9596673408478,40.7451785644472],[-73.9584953282771,40.744996129289],[-73.9593351133328,40.7455294660762],[-73.9590607915529,40.7457616328492],[-73.9585037098892,40.7457732382399],[-73.959145152445,40.7460088677242],[-73.9570424077868,40.7489286165702],[-73.9548553769452,40.7480490597392],[-73.9531852586395,40.7477430775603],[-73.953055189405,40.7480957523997],[-73.9547853123031,40.7484359529494],[-73.9563230598951,40.7490898186803],[-73.9560130377433,40.749382260048],[-73.9562234249992,40.7495255688724],[-73.9560020856601,40.7493919680276],[-73.9557618260589,40.7496049249013],[-73.9562028021466,40.7496938986966],[-73.9554658039234,40.7496824784793],[-73.9553507196876,40.7500221223712],[-73.9550679600308,40.7496409962805],[-73.9545172800444,40.750594965088],[-73.9546514384998,40.7508393066112],[-73.95450001532,40.7512341014748],[-73.9508406041735,40.7552263502605],[-73.9381185755264,40.7498409746614],[-73.9380472934185,40.7494615307441],[-73.9373979650045,40.7489247063464],[-73.936864984333,40.74842952945]]]}},{"type":"Feature","properties":{"id":"queens-sunnyside","name":"Sunnyside","ntaName":"Sunnyside","nta":"QN0202","type":"neighborhood","price":16,"blocks":224,"boro":"queens","borough":"Queens"},"geometry":{"type":"Polygon","coordinates":[[[-73.9097129014373,40.7497629764917],[-73.9101513508372,40.7485298396667],[-73.9116434467915,40.7486928430165],[-73.9119112101986,40.7481136615485],[-73.9124499583831,40.7459286688798],[-73.9112486421098,40.745792259722],[-73.9119884609675,40.7421972452347],[-73.9138292398227,40.7424219545566],[-73.9144362523721,40.7405393190216],[-73.9157367773674,40.7407998249031],[-73.9171788012179,40.7369061349757],[-73.9165166481742,40.7367656107404],[-73.9168988388999,40.7354529727784],[-73.917494496956,40.7354296099473],[-73.9183525123884,40.7331608224667],[-73.9188157984857,40.7332159183048],[-73.9190232251893,40.7320961023403],[-73.9173160626788,40.7314500125166],[-73.9183653725203,40.7259391451443],[-73.9221701995136,40.7264956736638],[-73.9264535926385,40.7281325440654],[-73.9265290183638,40.7279635694908],[-73.9279103519282,40.7282615784806],[-73.928487336133,40.7277668427193],[-73.9292362836228,40.7282684278815],[-73.930441135696,40.7285713994222],[-73.9345331903663,40.729113068133],[-73.9364828134083,40.7296947824905],[-73.9380462128908,40.7305182300991],[-73.9391119733006,40.7313880689113],[-73.940166815088,40.7334946371066],[-73.9400685219341,40.7337704157995],[-73.9408664149255,40.7350786721388],[-73.9416261556532,40.7358497055104],[-73.9459435849124,40.7375153842843],[-73.9425802878957,40.7388242844926],[-73.9428052725255,40.7388698101787],[-73.9425575565102,40.739029130011],[-73.9414631634134,40.7392568474721],[-73.9386811165105,40.7382165662004],[-73.937262534958,40.7451847558869],[-73.9376982436011,40.7452468404145],[-73.9267723634885,40.7476006942994],[-73.9207992699558,40.7468989577929],[-73.9203437539825,40.7491672273999],[-73.914773046555,40.750202118848],[-73.9116266438584,40.749987677439],[-73.9097129014373,40.7497629764917]]]}},{"type":"Feature","properties":{"id":"queens-woodside","name":"Woodside","ntaName":"Woodside","nta":"QN0203","type":"neighborhood","price":10,"blocks":221,"boro":"queens","borough":"Queens"},"geometry":{"type":"Polygon","coordinates":[[[-73.8956461125847,40.7484819733352],[-73.8908881156132,40.7406955110598],[-73.8946921730455,40.7402404048564],[-73.8872544192147,40.7388442402792],[-73.887536811522,40.7367708082502],[-73.8913699682633,40.736069596653],[-73.8913800031711,40.7359265779408],[-73.8893631889769,40.73584660271],[-73.8885242712123,40.7345394247881],[-73.8925569593803,40.7344863914337],[-73.8949256313602,40.7350159868259],[-73.8985491421458,40.735200175235],[-73.9002246555862,40.7347709171685],[-73.9010811245249,40.7339228994944],[-73.9051709053268,40.735867907579],[-73.9060197202613,40.7340190038076],[-73.9056878761668,40.7339240893617],[-73.9062904518415,40.7324090152674],[-73.9106901825858,40.7334793455325],[-73.9085564333611,40.73793868999],[-73.9075563221364,40.7416728299129],[-73.9119884609675,40.7421972452347],[-73.9112486421098,40.745792259722],[-73.9124499583831,40.7459286688798],[-73.9119112101986,40.7481136615485],[-73.9116434467915,40.7486928430165],[-73.9101513508372,40.7485298396667],[-73.9094532460695,40.7506637740888],[-73.9103425382944,40.7526850830839],[-73.9102326662919,40.7529847916022],[-73.8987395800579,40.7541619391978],[-73.8976840852404,40.7524081507262],[-73.8970763017735,40.7499530800465],[-73.8963601119931,40.7487785575254],[-73.8957292066054,40.7485193112914],[-73.8956461125847,40.7484819733352]]]}},{"type":"Feature","properties":{"id":"queens-sunnyside-yards-south","name":"Sunnyside Yards (South)","ntaName":"Sunnyside Yards (South)","nta":"QN0261","type":"park","price":16,"blocks":6,"boro":"queens","borough":"Queens"},"geometry":{"type":"Polygon","coordinates":[[[-73.9097129014373,40.7497629764917],[-73.9144513796339,40.7502236455729],[-73.9203437539825,40.7491672273999],[-73.9207992699558,40.7468989577929],[-73.9267723634885,40.7476006942994],[-73.9376982436011,40.7452468404145],[-73.9441970466589,40.7428904110667],[-73.9440117332377,40.743647719237],[-73.9434288581121,40.7442394377498],[-73.9403283893713,40.7454214088137],[-73.9366382464691,40.7482123601558],[-73.936864984333,40.74842952945],[-73.935388280005,40.7494201997039],[-73.9339408205497,40.7502779120432],[-73.9315205461008,40.7511607228652],[-73.9246351186214,40.7516516131932],[-73.9225518534854,40.7515847470588],[-73.921613503409,40.7513798190385],[-73.9210162240449,40.7509808768265],[-73.9205404235579,40.7497590949892],[-73.9152574295211,40.7508538934813],[-73.9131448128673,40.7509753198097],[-73.9098446049807,40.7516469478783],[-73.9094600669144,40.7508634127255],[-73.9095176447129,40.7504499275598],[-73.9097129014373,40.7497629764917]]]}},{"type":"Feature","properties":{"id":"queens-calvary-and-mount-zion-cemeteries","name":"Calvary & Mount Zion Cemeteries","ntaName":"Calvary & Mount Zion Cemeteries","nta":"QN0271","type":"neighborhood","price":10,"blocks":5,"boro":"queens","borough":"Queens"},"geometry":{"type":"Polygon","coordinates":[[[-73.9119884609675,40.7421972452347],[-73.9075563221364,40.7416728299129],[-73.9085564333611,40.73793868999],[-73.9106901825858,40.7334793455325],[-73.9062904518415,40.7324090152674],[-73.9056878761668,40.7339240893617],[-73.9060197202613,40.7340190038076],[-73.9051709053268,40.735867907579],[-73.9010811245249,40.7339228994944],[-73.9051819957338,40.7289648407415],[-73.9070700900052,40.7274747861823],[-73.9101265883608,40.7293317387963],[-73.9117320372783,40.7299723871494],[-73.9120496692465,40.7285496705536],[-73.9150535997505,40.7286094436852],[-73.9150737577705,40.7279790832977],[-73.9179683870099,40.7285090331902],[-73.9173160626788,40.7314500125166],[-73.9190232251893,40.7320961023403],[-73.9188157984857,40.7332159183048],[-73.9183525123884,40.7331608224667],[-73.917494496956,40.7354296099473],[-73.9168988388999,40.7354529727784],[-73.9165166481742,40.7367656107404],[-73.9171788012179,40.7369061349757],[-73.9157367773674,40.7407998249031],[-73.9144362523721,40.7405393190216],[-73.9138292398227,40.7424219545566],[-73.9126054807088,40.7422732406778],[-73.9119884609675,40.7421972452347]]]}},{"type":"Feature","properties":{"id":"queens-jackson-heights","name":"Jackson Heights","ntaName":"Jackson Heights","nta":"QN0301","type":"neighborhood","price":14,"blocks":215,"boro":"queens","borough":"Queens"},"geometry":{"type":"Polygon","coordinates":[[[-73.8736586259002,40.7568117552576],[-73.8694259914507,40.7491651198238],[-73.8917519003569,40.7468199947013],[-73.8963601119931,40.7487785575254],[-73.8972667820534,40.7503492159669],[-73.8976789794632,40.7523935407549],[-73.8987395800579,40.7541619391978],[-73.8985436470525,40.7541783807019],[-73.8995930882932,40.756563876832],[-73.8997434087247,40.7575198483826],[-73.8994516103968,40.7586059957385],[-73.898556345997,40.7599323735595],[-73.8987739242474,40.7599238465543],[-73.8964578965353,40.7632131082154],[-73.8950980117942,40.7643648485409],[-73.8943251355209,40.7661547424975],[-73.8938612917883,40.7664297165831],[-73.8910916920729,40.7663449065157],[-73.8908918509084,40.7658664694385],[-73.8877312946069,40.7669227060143],[-73.8870910530133,40.7650217260381],[-73.8863985354772,40.7612247233189],[-73.8789552374547,40.7619922524683],[-73.8760151277605,40.7614520026207],[-73.8751401515784,40.7566420856305],[-73.8742094390209,40.7567398324455],[-73.8736586259002,40.7568117552576]]]}},{"type":"Feature","properties":{"id":"queens-east-elmhurst","name":"East Elmhurst","ntaName":"East Elmhurst","nta":"QN0302","type":"neighborhood","price":10,"blocks":157,"boro":"queens","borough":"Queens"},"geometry":{"type":"Polygon","coordinates":[[[-73.8609383193503,40.7637368869473],[-73.8595639270063,40.761980238827],[-73.8597576932313,40.7618440712899],[-73.8591251616839,40.7612837701965],[-73.8560412113828,40.7597340589257],[-73.8546413594178,40.7584744284104],[-73.8585627930296,40.7579207072561],[-73.8656757751414,40.7576378529517],[-73.8751401515784,40.7566420856305],[-73.8760151277605,40.7614520026207],[-73.8789552374547,40.7619922524683],[-73.8863985354772,40.7612247233189],[-73.8870910530133,40.7650217260381],[-73.8877312946069,40.7669227060143],[-73.8843205163533,40.7679899329673],[-73.8775375329901,40.7712613925583],[-73.8752028584014,40.7717795734276],[-73.8725973187824,40.7718392174645],[-73.8702628350542,40.7713652349078],[-73.867210726636,40.7697412550165],[-73.8642737192175,40.7674411309877],[-73.8616602451425,40.7646102132109],[-73.8609383193503,40.7637368869473]]]}},{"type":"Feature","properties":{"id":"queens-north-corona","name":"North Corona","ntaName":"North Corona","nta":"QN0303","type":"neighborhood","price":10,"blocks":79,"boro":"queens","borough":"Queens"},"geometry":{"type":"Polygon","coordinates":[[[-73.8522059064315,40.7526689519548],[-73.8611184796529,40.7500324976329],[-73.8694259914507,40.7491651198238],[-73.8736586259002,40.7568117552576],[-73.8656757751414,40.7576378529517],[-73.8585627930296,40.7579207072561],[-73.8546413594178,40.7584744284104],[-73.8535961771814,40.7567045189862],[-73.8524646969861,40.7531356796121],[-73.8522059064315,40.7526689519548]]]}},{"type":"Feature","properties":{"id":"queens-elmhurst","name":"Elmhurst","ntaName":"Elmhurst","nta":"QN0401","type":"neighborhood","price":10,"blocks":256,"boro":"queens","borough":"Queens"},"geometry":{"type":"Polygon","coordinates":[[[-73.8646233380855,40.7342899556733],[-73.880054152301,40.7289989502362],[-73.8852785799209,40.7284153440469],[-73.8872062359337,40.7278770924496],[-73.8875610316909,40.7302053196963],[-73.8880611633011,40.7300954951209],[-73.8885242712123,40.7345394247881],[-73.8893631889769,40.73584660271],[-73.8913800031711,40.7359265779408],[-73.887536811522,40.7367708082502],[-73.8872544192147,40.7388442402792],[-73.8946921730455,40.7402404048564],[-73.8908881156132,40.7406955110598],[-73.8956461125847,40.7484819733352],[-73.8917519003569,40.7468199947013],[-73.8694259914507,40.7491651198238],[-73.8685306582867,40.7475965702738],[-73.8674927550288,40.7433103151842],[-73.867563939493,40.7409501563567],[-73.8648164570728,40.7346684814508],[-73.8646233380855,40.7342899556733]]]}},{"type":"Feature","properties":{"id":"queens-corona","name":"Corona","ntaName":"Corona","nta":"QN0402","type":"neighborhood","price":10,"blocks":158,"boro":"queens","borough":"Queens"},"geometry":{"type":"Polygon","coordinates":[[[-73.847557195663,40.7390721828347],[-73.8519138878903,40.7374316735906],[-73.8587728142505,40.7357935555953],[-73.8588669589964,40.7359474053938],[-73.8646233380855,40.7342899556733],[-73.8658309645718,40.7366514894928],[-73.867563939493,40.7409501563567],[-73.8674927550288,40.7433103151842],[-73.8685306582867,40.7475965702738],[-73.8694259914507,40.7491651198238],[-73.8611184796529,40.7500324976329],[-73.8522059064315,40.7526689519548],[-73.8508657968424,40.7500039109907],[-73.8544271537905,40.7488599961554],[-73.8501169657476,40.7407318301245],[-73.84809635601,40.7400352595427],[-73.847793134142,40.7398390532438],[-73.8476717361191,40.7392035025628],[-73.847557195663,40.7390721828347]]]}},{"type":"Feature","properties":{"id":"queens-maspeth","name":"Maspeth","ntaName":"Maspeth","nta":"QN0501","type":"neighborhood","price":10,"blocks":295,"boro":"queens","borough":"Queens"},"geometry":{"type":"Polygon","coordinates":[[[-73.8885242712123,40.7345394247881],[-73.8880611633011,40.7300954951209],[-73.8875610316909,40.7302053196963],[-73.8872371415238,40.7289412283815],[-73.8870785316497,40.7246459647292],[-73.8825892785706,40.725091028413],[-73.8816354989869,40.7238887169385],[-73.8942367370902,40.717932641099],[-73.8945764402145,40.7183857111227],[-73.8928639804235,40.7192189673971],[-73.8947403373978,40.7215855554107],[-73.8942802092785,40.7217822647746],[-73.8949736034954,40.7228318580075],[-73.8942663547995,40.7231514512569],[-73.8956988464323,40.7234208485569],[-73.8958252203012,40.7239070845625],[-73.8983542648204,40.723120553064],[-73.8990333330958,40.7238652226286],[-73.900113651125,40.7233164278267],[-73.8998175152947,40.7212451630574],[-73.8973984620485,40.7215594718759],[-73.8973673973518,40.7204726455851],[-73.9000942779738,40.7201851148941],[-73.9006278588018,40.7197723154997],[-73.9003404570796,40.7180282096901],[-73.8983490149528,40.7192059399939],[-73.8972689917895,40.7181554178181],[-73.8990196239827,40.7173903885113],[-73.8975879493915,40.7165029761658],[-73.8955396637586,40.713811894173],[-73.8950661067079,40.7124878229493],[-73.9060791010911,40.7129112246299],[-73.9240415347955,40.7140165721373],[-73.9236849437509,40.7140911014468],[-73.9241238381855,40.7151463081727],[-73.9236703792815,40.7155438272564],[-73.92233112359,40.7160848051466],[-73.9206440107603,40.7157814520026],[-73.9205704767058,40.7160119683622],[-73.9222390331448,40.7163907010341],[-73.9227955696038,40.7175428363877],[-73.9234674489427,40.7181385946593],[-73.9239400959011,40.7190510172863],[-73.9238371766985,40.7201564242952],[-73.9242285852872,40.7208956054427],[-73.9242450720595,40.721437759715],[-73.9251984636163,40.7224579149892],[-73.9244244105873,40.7235982363546],[-73.9221447319272,40.7237158184951],[-73.9207349827801,40.7233180742182],[-73.9203720641028,40.7236893743491],[-73.9222876251982,40.7241895474965],[-73.924285767745,40.7242992741114],[-73.9252836465031,40.7247291354642],[-73.9265580629711,40.7256773264911],[-73.928487336133,40.7277668427193],[-73.9279103519282,40.7282615784806],[-73.9265290183638,40.7279635694908],[-73.9264535926385,40.7281325440654],[-73.9221701995136,40.7264956736638],[-73.9183653725203,40.7259391451443],[-73.9179683870099,40.7285090331902],[-73.9150737577705,40.7279790832977],[-73.9150535997505,40.7286094436852],[-73.9120496692465,40.7285496705536],[-73.9117320372783,40.7299723871494],[-73.9101265883608,40.7293317387963],[-73.9070700900052,40.7274747861823],[-73.9051819957338,40.7289648407415],[-73.900616650334,40.7344846144687],[-73.8998265462455,40.7349396594752],[-73.8983094115392,40.7352024488859],[-73.8949256313602,40.7350159868259],[-73.8925569593803,40.7344863914337],[-73.889104601551,40.7346006612263],[-73.8885242712123,40.7345394247881]]]}},{"type":"Feature","properties":{"id":"queens-ridgewood","name":"Ridgewood","ntaName":"Ridgewood","nta":"QN0502","type":"neighborhood","price":10,"blocks":255,"boro":"queens","borough":"Queens"},"geometry":{"type":"Polygon","coordinates":[[[-73.8950661067079,40.7124878229493],[-73.8884214172649,40.7122782181921],[-73.8873126011799,40.7105671759941],[-73.8881326273883,40.710350402534],[-73.8878535121711,40.7098992901597],[-73.8886234344519,40.7096761876304],[-73.8882174012661,40.7089069462075],[-73.8893826163579,40.7085554313503],[-73.8893006547345,40.7079078293286],[-73.8855335511332,40.7064539426204],[-73.8855508780515,40.7061628778477],[-73.8865296771186,40.7062334656702],[-73.8891205874973,40.7056071369797],[-73.8898447122555,40.7049806611273],[-73.895004638361,40.6997206356864],[-73.8948513610315,40.6985978808285],[-73.8957814623644,40.6985192201011],[-73.895585988038,40.6971358991994],[-73.8983832641332,40.6961442544027],[-73.9007510355856,40.6924909196942],[-73.9005854460982,40.6924060428502],[-73.9013998194716,40.6915982479412],[-73.9057973853843,40.6941354122644],[-73.9042615983524,40.6957086280531],[-73.9118082379389,40.6999551397022],[-73.9106802439872,40.7010542270007],[-73.9129054584045,40.7023701494135],[-73.9118085171524,40.7034432103918],[-73.9218932676952,40.7094043558929],[-73.9207499515694,40.7105419079012],[-73.9215474376544,40.7110515425493],[-73.922236085583,40.7128642142111],[-73.9240415347955,40.7140165721373],[-73.9060791010911,40.7129112246299],[-73.8959052731567,40.7125152194275],[-73.8950661067079,40.7124878229493]]]}},{"type":"Feature","properties":{"id":"queens-glendale","name":"Glendale","ntaName":"Glendale","nta":"QN0503","type":"neighborhood","price":10,"blocks":182,"boro":"queens","borough":"Queens"},"geometry":{"type":"Polygon","coordinates":[[[-73.8572942727232,40.7114759385328],[-73.856678543164,40.7077001350877],[-73.8559393398567,40.7064045486215],[-73.8547179240108,40.7067777573395],[-73.8547096384879,40.7052192350194],[-73.8525215886036,40.7022999833253],[-73.8552941577919,40.7026037614581],[-73.8552971131423,40.7019992691614],[-73.8572290264856,40.7016599797751],[-73.8572807397102,40.7012207731546],[-73.8582754581128,40.7012319192067],[-73.8589336431641,40.7013286047217],[-73.8580859153697,40.7029050372858],[-73.8628099579158,40.7034191753744],[-73.8763992569931,40.7023023011513],[-73.8762185473873,40.7016032642334],[-73.8817445837537,40.6995421532115],[-73.8828108926285,40.7006917139925],[-73.8843176026331,40.7002094551975],[-73.8877143893763,40.6996863343259],[-73.8881816671359,40.6988661697021],[-73.8878359790062,40.6976662059699],[-73.88739413062,40.6970295433942],[-73.8864867120166,40.6964481726354],[-73.8886555775558,40.6958378060799],[-73.8881834588327,40.6950660250831],[-73.8919052719386,40.6943235938576],[-73.8924534866745,40.695233986221],[-73.8950783548267,40.6945996464152],[-73.8955876657052,40.6939874190894],[-73.8939825429255,40.6930842224989],[-73.8935807606947,40.693093585702],[-73.8932635091959,40.6922092037664],[-73.894744119763,40.6926452098006],[-73.8969579467441,40.691957464246],[-73.8976877304151,40.6933735153643],[-73.8974287134777,40.6932972370275],[-73.8969116250924,40.6938505270406],[-73.8973640692575,40.6941191044413],[-73.900031804247,40.6934457075575],[-73.8983832641332,40.6961442544027],[-73.895585988038,40.6971358991994],[-73.8957814623644,40.6985192201011],[-73.8948513610315,40.6985978808285],[-73.895004638361,40.6997206356864],[-73.8891205874973,40.7056071369797],[-73.8865296771186,40.7062334656702],[-73.8855508780515,40.7061628778477],[-73.8855335511332,40.7064539426204],[-73.8837743774915,40.7063024617276],[-73.8691114745929,40.7070975968345],[-73.8701802045023,40.7092401320764],[-73.8650112225864,40.7107851703724],[-73.8596555691669,40.7133882237158],[-73.8597607289216,40.7118533211128],[-73.8581888534171,40.7116078073983],[-73.8572942727232,40.7114759385328]]]}},{"type":"Feature","properties":{"id":"queens-middle-village","name":"Middle Village","ntaName":"Middle Village","nta":"QN0504","type":"neighborhood","price":10,"blocks":222,"boro":"queens","borough":"Queens"},"geometry":{"type":"Polygon","coordinates":[[[-73.8654775117752,40.7202892010389],[-73.8705319603339,40.7181690142663],[-73.8723931178501,40.7178388407562],[-73.8715483377412,40.7126052089417],[-73.8691114745929,40.7070975968345],[-73.8808847346033,40.7064622378084],[-73.8776127475155,40.7071759660397],[-73.8787292389941,40.7100357954528],[-73.8792632189059,40.7099136082061],[-73.8794363621979,40.7102926797721],[-73.8790782589957,40.7103676502034],[-73.8800640839142,40.7126608344678],[-73.885076965691,40.7121693167858],[-73.8868808394073,40.7122314465349],[-73.8868501452557,40.7125428312388],[-73.8877387586117,40.713644395634],[-73.8871231267974,40.7137679114867],[-73.887271888186,40.7150082873498],[-73.8906365712206,40.7188210080655],[-73.8906518469064,40.7185675845544],[-73.8930163045614,40.7161585455033],[-73.8942367370902,40.717932641099],[-73.8816354989869,40.7238887169385],[-73.8825892785706,40.725091028413],[-73.8870785316497,40.7246459647292],[-73.8872062359337,40.7278770924496],[-73.8852785799209,40.7284153440469],[-73.8803915162482,40.7289134835489],[-73.8752385819765,40.7307322231328],[-73.8714621475912,40.7293346384856],[-73.870846799029,40.7274928574482],[-73.8692941096574,40.7244441929399],[-73.8660431641575,40.7209091854858],[-73.8654775117752,40.7202892010389]]]}},{"type":"Feature","properties":{"id":"queens-mount-olivet-and-all-faiths-cemeteries","name":"Mount Olivet & All Faiths Cemeteries","ntaName":"Mount Olivet & All Faiths Cemeteries","nta":"QN0571","type":"neighborhood","price":10,"blocks":5,"boro":"queens","borough":"Queens"},"geometry":{"type":"Polygon","coordinates":[[[-73.8942367370902,40.717932641099],[-73.8930163045614,40.7161585455033],[-73.8906518469064,40.7185675845544],[-73.8906365712206,40.7188210080655],[-73.887271888186,40.7150082873498],[-73.8871231267974,40.7137679114867],[-73.8877387586117,40.713644395634],[-73.8868501452557,40.7125428312388],[-73.8868808394073,40.7122314465349],[-73.8950661067079,40.7124878229493],[-73.8955396637586,40.713811894173],[-73.8975879493915,40.7165029761658],[-73.8990196239827,40.7173903885113],[-73.8972689917895,40.7181554178181],[-73.8983490149528,40.7192059399939],[-73.9003404570796,40.7180282096901],[-73.9006278588018,40.7197723154997],[-73.9000942779738,40.7201851148941],[-73.8973673973518,40.7204726455851],[-73.8973984620485,40.7215594718759],[-73.8998175152947,40.7212451630574],[-73.900113651125,40.7233164278267],[-73.8990333330958,40.7238652226286],[-73.8983542648204,40.723120553064],[-73.8958252203012,40.7239070845625],[-73.8956988464323,40.7234208485569],[-73.8942663547995,40.7231514512569],[-73.8949736034954,40.7228318580075],[-73.8942802092785,40.7217822647746],[-73.8947403373978,40.7215855554107],[-73.8928639804235,40.7192189673971],[-73.8945764402145,40.7183857111227],[-73.8942367370902,40.717932641099]]]}},{"type":"Feature","properties":{"id":"queens-middle-village-cemetery","name":"Middle Village Cemetery","ntaName":"Middle Village Cemetery","nta":"QN0572","type":"neighborhood","price":10,"blocks":1,"boro":"queens","borough":"Queens"},"geometry":{"type":"Polygon","coordinates":[[[-73.8808847346033,40.7064622378084],[-73.8837743774915,40.7063024617276],[-73.8855335511332,40.7064539426204],[-73.8893006547345,40.7079078293286],[-73.8893826163579,40.7085554313503],[-73.8882174012661,40.7089069462075],[-73.8886234344519,40.7096761876304],[-73.8878535121711,40.7098992901597],[-73.8881326273883,40.710350402534],[-73.8873126011799,40.7105671759941],[-73.8884214172649,40.7122782181921],[-73.885076965691,40.7121693167858],[-73.8800640839142,40.7126608344678],[-73.8790782589957,40.7103676502034],[-73.8794363621979,40.7102926797721],[-73.8792632189059,40.7099136082061],[-73.8787292389941,40.7100357954528],[-73.8776127475155,40.7071759660397],[-73.8808632922349,40.7065929889271],[-73.8808847346033,40.7064622378084]]]}},{"type":"Feature","properties":{"id":"queens-st.-john-cemetery","name":"St. John Cemetery","ntaName":"St. John Cemetery","nta":"QN0573","type":"neighborhood","price":10,"blocks":2,"boro":"queens","borough":"Queens"},"geometry":{"type":"Polygon","coordinates":[[[-73.8596555691669,40.7133882237158],[-73.8650112225864,40.7107851703724],[-73.8701802045023,40.7092401320764],[-73.8715483377412,40.7126052089417],[-73.8723931178501,40.7178388407562],[-73.8705319603339,40.7181690142663],[-73.8654775117752,40.7202892010389],[-73.8600392997662,40.7149404976483],[-73.8596904734052,40.7142085557674],[-73.8596439480916,40.7135014070044],[-73.8596555691669,40.7133882237158]]]}},{"type":"Feature","properties":{"id":"queens-highland-park","name":"Highland Park","ntaName":"Highland Park-Cypress Hills Cemeteries (North)","nta":"QN0574","type":"neighborhood","price":10,"blocks":5,"boro":"queens","borough":"Queens"},"geometry":{"type":"Polygon","coordinates":[[[-73.8689190297885,40.6951548197512],[-73.8740219375251,40.69419955309],[-73.8795078175795,40.6911550265957],[-73.8837783930347,40.6878716674743],[-73.884523916944,40.6866930052959],[-73.8880848268522,40.6853018878067],[-73.8896292837652,40.6842447096264],[-73.8901555964606,40.6850122459818],[-73.8925844407826,40.6835001660123],[-73.8941760428287,40.6852915035914],[-73.8957808658132,40.6835054385402],[-73.8964676622228,40.6823446772388],[-73.9011629627145,40.6878861912088],[-73.9004260630241,40.6881921546482],[-73.9018891755245,40.6910859768642],[-73.9005854460982,40.6924060428502],[-73.9007510355856,40.6924909196942],[-73.9002033700566,40.6934067186746],[-73.8973640692575,40.6941191044413],[-73.8969116250924,40.6938505270406],[-73.8974287134777,40.6932972370275],[-73.8976877304151,40.6933735153643],[-73.8969579467441,40.691957464246],[-73.894744119763,40.6926452098006],[-73.8932635091959,40.6922092037664],[-73.8935807606947,40.693093585702],[-73.8939825429255,40.6930842224989],[-73.8955876657052,40.6939874190894],[-73.8950783548267,40.6945996464152],[-73.8924534866745,40.695233986221],[-73.8919052719386,40.6943235938576],[-73.8881834588327,40.6950660250831],[-73.8886555775558,40.6958378060799],[-73.8864867120166,40.6964481726354],[-73.88739413062,40.6970295433942],[-73.8878359790062,40.6976662059699],[-73.8881816671359,40.6988661697021],[-73.8877143893763,40.6996863343259],[-73.8843176026331,40.7002094551975],[-73.8828108926285,40.7006917139925],[-73.8817445837537,40.6995421532115],[-73.8762185473873,40.7016032642334],[-73.8763992569931,40.7023023011513],[-73.8691573649985,40.7029016934087],[-73.8689864867994,40.7017526154823],[-73.869527680933,40.7016140023608],[-73.8693157354452,40.6993634065517],[-73.8706756220426,40.6978493237208],[-73.870515439517,40.6976073292284],[-73.8689190297885,40.6951548197512]]]}},{"type":"Feature","properties":{"id":"queens-rego-park","name":"Rego Park","ntaName":"Rego Park","nta":"QN0601","type":"neighborhood","price":10,"blocks":100,"boro":"queens","borough":"Queens"},"geometry":{"type":"Polygon","coordinates":[[[-73.8587728142505,40.7357935555953],[-73.856258051126,40.7309673882976],[-73.8585123798667,40.7302950682941],[-73.8576306371001,40.728615186504],[-73.8579822975073,40.7287437099491],[-73.8594212818368,40.7264731017699],[-73.8572724814985,40.7256895622173],[-73.8580555692255,40.7244536699604],[-73.8620397410294,40.7259650494229],[-73.8599093659821,40.7243544989358],[-73.8586823768616,40.7226207039607],[-73.8577731458971,40.7164645314595],[-73.8572942727232,40.7114759385328],[-73.8597607289216,40.7118533211128],[-73.8596375701872,40.7139863937926],[-73.8600392997662,40.7149404976483],[-73.8652401090961,40.7199849727587],[-73.8692941096574,40.7244441929399],[-73.870846799029,40.7274928574482],[-73.8714621475912,40.7293346384856],[-73.8752385819765,40.7307322231328],[-73.8646233380855,40.7342899556733],[-73.8588669589964,40.7359474053938],[-73.8587728142505,40.7357935555953]]]}},{"type":"Feature","properties":{"id":"queens-forest-hills","name":"Forest Hills","ntaName":"Forest Hills","nta":"QN0602","type":"neighborhood","price":14,"blocks":330,"boro":"queens","borough":"Queens"},"geometry":{"type":"Polygon","coordinates":[[[-73.8309796007144,40.7143218681046],[-73.8359784635534,40.7117142191062],[-73.8361161592047,40.7118334090235],[-73.8377103351732,40.7110447462094],[-73.8413407610285,40.7099544959618],[-73.8445387836869,40.7086693168754],[-73.8466586374379,40.7083269041048],[-73.8493329595448,40.7083965946955],[-73.8559393398567,40.7064045486215],[-73.856678543164,40.7077001350877],[-73.8586823768616,40.7226207039607],[-73.8599093659821,40.7243544989358],[-73.8620397410294,40.7259650494229],[-73.8580555692255,40.7244536699604],[-73.8572724814985,40.7256895622173],[-73.8594212818368,40.7264731017699],[-73.8579822975073,40.7287437099491],[-73.8576306371001,40.728615186504],[-73.8585123798667,40.7302950682941],[-73.856258051126,40.7309673882976],[-73.8587728142505,40.7357935555953],[-73.8513474458067,40.7375967190111],[-73.847557195663,40.7390721828347],[-73.8472150144256,40.738652254374],[-73.8468950601639,40.7386794844304],[-73.846056816449,40.7371074557299],[-73.8454275286927,40.7349580701378],[-73.8441902625335,40.7326502855299],[-73.8398557384635,40.7281858350111],[-73.8373159894004,40.7235797736353],[-73.8353818451525,40.7207304449617],[-73.8348849875599,40.7193115360755],[-73.8298346752554,40.7155760467614],[-73.8305060018318,40.7148652082414],[-73.8314600619062,40.7145627132874],[-73.8310328086956,40.714344989084],[-73.8309796007144,40.7143218681046]]]}},{"type":"Feature","properties":{"id":"queens-college-point","name":"College Point","ntaName":"College Point","nta":"QN0701","type":"neighborhood","price":10,"blocks":374,"boro":"queens","borough":"Queens"},"geometry":{"type":"MultiPolygon","coordinates":[[[[-73.8392369880076,40.76563986007],[-73.8394595318136,40.7654540412736],[-73.8390547474158,40.7659669511248],[-73.8392369880076,40.76563986007]]],[[[-73.8678854840082,40.7873693127663],[-73.8692363256457,40.7859781906216],[-73.8681005315197,40.7874669375771],[-73.8678854840082,40.7873693127663]]],[[[-73.8383915332486,40.7983131511404],[-73.8391914479168,40.7977855450979],[-73.8402600084687,40.7975971376703],[-73.8399723965403,40.79691392017],[-73.8390381677364,40.7970607545523],[-73.8384022305545,40.7967635368026],[-73.8370663879952,40.7938593766721],[-73.8365921849784,40.7920908283226],[-73.8366173884485,40.7917710444441],[-73.8373222533992,40.7914010634074],[-73.8375170654566,40.7910204077897],[-73.8375049883502,40.7904699380808],[-73.8368195481325,40.7904781836135],[-73.8374833130809,40.7904427753873],[-73.8371768446283,40.7894355902567],[-73.8372815721193,40.7890177519517],[-73.8371357290718,40.7895723112727],[-73.8356594806739,40.7895809479583],[-73.8353329009269,40.7892210192705],[-73.8341509314571,40.7890816376713],[-73.8339026926731,40.7885920731834],[-73.8334740420112,40.7884653752701],[-73.8325120336187,40.7886327543786],[-73.8317557337813,40.7892368707033],[-73.831443275066,40.7891814655001],[-73.8319525824846,40.789423050421],[-73.832150117287,40.7900415223917],[-73.8316925735011,40.7910781257898],[-73.8309935570488,40.7915761432542],[-73.8300088123825,40.7915648282919],[-73.8291105329478,40.7919068065184],[-73.8285203270198,40.7925025153287],[-73.8292331421645,40.793010566199],[-73.8283988272198,40.7925605753779],[-73.8279155334317,40.7929018709359],[-73.8277941752702,40.7933036675012],[-73.8280078463972,40.7949213780254],[-73.8288110262116,40.7961920469505],[-73.8294529740638,40.7966672395949],[-73.8300343409781,40.7961437704711],[-73.8294721221651,40.7966762189095],[-73.8297672542548,40.7968408417907],[-73.8302898675148,40.7962505394324],[-73.8305236730513,40.7964032491953],[-73.8301499907704,40.7965419293127],[-73.830193655523,40.7967022396914],[-73.829851135577,40.7968192932703],[-73.829958036895,40.7969205899432],[-73.8290610651501,40.7964707864768],[-73.8274256251499,40.7967569540027],[-73.826989166059,40.7970897185258],[-73.8271992513568,40.7975474001605],[-73.8270319546491,40.7977267371452],[-73.8228666905564,40.791492630252],[-73.8225054140956,40.7903479770614],[-73.8224870499505,40.7894985316755],[-73.823835370645,40.7867644765903],[-73.8249913237948,40.7817097402657],[-73.8252862349837,40.7817055681642],[-73.8282404423349,40.7764682212091],[-73.8301583260396,40.7738330171043],[-73.8318344529023,40.7723962356539],[-73.8362703144635,40.7696182448955],[-73.8382061360143,40.7676563192947],[-73.839257615927,40.7660424823834],[-73.8396991236791,40.7664009494005],[-73.839499456181,40.7670252899277],[-73.8397552779108,40.767128716962],[-73.8403131019033,40.7663030705833],[-73.8439488834194,40.7655031535704],[-73.844914728625,40.7655366597914],[-73.8462016410983,40.7662046157283],[-73.8472320798883,40.7663214305272],[-73.8478071519307,40.7667812205916],[-73.8486245391052,40.7681222473365],[-73.848272742752,40.7682104537386],[-73.8481941091842,40.768488632346],[-73.8487468371031,40.7687200200278],[-73.8489979647341,40.7691565864542],[-73.8484675696668,40.7697347148775],[-73.8486729300407,40.7707698467089],[-73.8499438204541,40.7719354669019],[-73.85030537641,40.7719464730894],[-73.8503394900104,40.7717519426791],[-73.8513024866338,40.7718146344825],[-73.8512717788242,40.7719938078618],[-73.8499530273522,40.7719665715132],[-73.8498704266969,40.7721913361148],[-73.8500420574409,40.7722328738559],[-73.8495730115263,40.7725693771384],[-73.8489776000326,40.7735699421078],[-73.8492167017876,40.774663135151],[-73.8489312881319,40.7755653546423],[-73.8491938056815,40.7757987435562],[-73.8489569951847,40.777969948146],[-73.8497488170255,40.7784223283655],[-73.8494613580558,40.7786648424561],[-73.8499349356288,40.7787773990453],[-73.8495729564622,40.7792011120232],[-73.8496377187466,40.7794901951516],[-73.8514889579968,40.7790012522276],[-73.8498186029556,40.7796386223904],[-73.8523540821012,40.7794889464824],[-73.85232226522,40.779177559324],[-73.8523897309084,40.7795371771924],[-73.8498224246262,40.7796596145058],[-73.8495538571006,40.7799648941847],[-73.8516916845661,40.7798757833567],[-73.8516723946631,40.7800435034103],[-73.849495214632,40.7800741036128],[-73.8498907234872,40.7810974103247],[-73.8509378673894,40.7811278504006],[-73.8498886827802,40.7811297861637],[-73.8498380028408,40.7816078999862],[-73.8491884966607,40.781650085987],[-73.8495491455858,40.7818493542821],[-73.8492539846186,40.7822730506395],[-73.8502822997249,40.7824678372468],[-73.8531513340996,40.7823322119982],[-73.8533207424054,40.7820428790734],[-73.855283832795,40.781983659381],[-73.8554520333457,40.7831513537288],[-73.8564551924022,40.783359200975],[-73.8566509159652,40.782900594233],[-73.8568426946111,40.783379639027],[-73.8580845868224,40.7837323540131],[-73.8579809880041,40.784677055489],[-73.8585266076402,40.7852217949489],[-73.8590031201079,40.7851950297451],[-73.8590964058041,40.7854470243109],[-73.8590761678195,40.7852456570964],[-73.8591087273772,40.7854703939084],[-73.8592375113401,40.7853148642873],[-73.8594646872871,40.7855031286455],[-73.8593500067164,40.7850355252504],[-73.8595097412334,40.7855432100134],[-73.8589918948524,40.7854998739535],[-73.8591260186343,40.7858584352811],[-73.858589810237,40.7861564158455],[-73.8586842393118,40.7865394433176],[-73.8581295766957,40.7870598375814],[-73.8568127425587,40.7866808895699],[-73.8562016077951,40.7871583764964],[-73.8559403444198,40.7876970107766],[-73.853453249276,40.7878343886793],[-73.8528437053808,40.7882196483485],[-73.8543850524608,40.7883284056131],[-73.85480335219,40.7886274309188],[-73.8544733454133,40.7902672522239],[-73.8526597110196,40.7911146976514],[-73.8537799537302,40.792429551115],[-73.8537349201617,40.7939436513376],[-73.8527676766639,40.7943975243045],[-73.8526323863975,40.794953131855],[-73.8515921758577,40.7940948080551],[-73.8490630105581,40.7933708875852],[-73.8488503504004,40.7935099624337],[-73.8490795507172,40.7941536630247],[-73.8487851044236,40.7945503802606],[-73.8488779483591,40.7951423196595],[-73.8487113966202,40.7954247595471],[-73.8462456086225,40.7961713739479],[-73.8455794293998,40.796029174043],[-73.8452802533882,40.7954576640907],[-73.8446005521306,40.794919828448],[-73.843548090523,40.7949222219451],[-73.8433390098498,40.7950296649589],[-73.8433077252357,40.7955092114999],[-73.8428500534065,40.7952216796653],[-73.8432863731118,40.796182671052],[-73.8428101525254,40.7954265010465],[-73.8422609948506,40.7955932477122],[-73.8428681541921,40.7969305074096],[-73.8421688746291,40.7956212181559],[-73.8419062033837,40.795630073018],[-73.8414226280969,40.7951552298911],[-73.8413008357561,40.7962279475926],[-73.84060122336,40.7968150816538],[-73.8401407039902,40.7968874664534],[-73.8404165796944,40.7976867157737],[-73.8392108839788,40.7978525929108],[-73.8384305577356,40.7983839501135],[-73.837871840533,40.7984501872288],[-73.8383915332486,40.7983131511404]]]]}},{"type":"Feature","properties":{"id":"queens-whitestone","name":"Whitestone","ntaName":"Whitestone-Beechhurst","nta":"QN0702","type":"neighborhood","price":10,"blocks":281,"boro":"queens","borough":"Queens"},"geometry":{"type":"Polygon","coordinates":[[[-73.7918627841897,40.7893081953264],[-73.7905843932835,40.7881389626219],[-73.7949414745472,40.7862832852095],[-73.7978331031976,40.7858539470358],[-73.8024238224364,40.7860272577397],[-73.802999206285,40.7814187525766],[-73.8032511342062,40.7812837567995],[-73.8030345722835,40.7809491469499],[-73.8037916157376,40.7756183885733],[-73.8148598961341,40.7764941986794],[-73.8145313685211,40.7788964509235],[-73.8233142625702,40.7795869357071],[-73.8222426695219,40.7817021558032],[-73.8249913240221,40.7817097399124],[-73.8238353707186,40.7867644767164],[-73.8225925810777,40.7891164578661],[-73.822474838122,40.790181534454],[-73.8228666903468,40.7914926301759],[-73.8270319545435,40.7977267367098],[-73.8266174505801,40.7977889689535],[-73.8261196150856,40.7972797137043],[-73.8250475210316,40.7973930865324],[-73.8239949607239,40.7980179082334],[-73.824234582916,40.7987035174761],[-73.8238608791621,40.7981624145948],[-73.8234346297017,40.7984147939623],[-73.8237248775083,40.7989075210011],[-73.823410118284,40.798426094356],[-73.8232551057396,40.7984778162439],[-73.8230974226068,40.7986915779832],[-73.8233069201635,40.7989711452857],[-73.8230040247755,40.7986505693395],[-73.8226124107499,40.7989014694954],[-73.8227941006396,40.7993480634867],[-73.8225205594945,40.7989960153893],[-73.822413664955,40.7990971934772],[-73.8226792739852,40.7994944150285],[-73.8223889422687,40.7991211708002],[-73.8216192864992,40.8000002676208],[-73.8204338540335,40.8006361440123],[-73.8205005943634,40.8010197479856],[-73.8204059436298,40.8006477803895],[-73.8198066305215,40.8008097844917],[-73.8192175740365,40.8006021915381],[-73.8172095320712,40.7992155605864],[-73.8168407015205,40.7991142209157],[-73.8165724838302,40.7994212940699],[-73.8168205503381,40.7991086835124],[-73.816460716611,40.7993542588468],[-73.8166821097491,40.7990706459444],[-73.8161150262046,40.7986163511449],[-73.8157755605717,40.7990314430022],[-73.8160807441873,40.7985798385957],[-73.8136804683445,40.7975540681398],[-73.813701029245,40.7970876952994],[-73.8133545639271,40.7976772362223],[-73.8136366465108,40.7970554970575],[-73.8135043660817,40.7969525383205],[-73.8132478888086,40.7972201007768],[-73.8128758808809,40.7971854221464],[-73.8125493814283,40.7980553443233],[-73.8122550472653,40.7981352261889],[-73.8117914191298,40.7980346116409],[-73.8118230100246,40.7974669561028],[-73.8116092051393,40.797380686645],[-73.8063647041242,40.7964018851937],[-73.806232739707,40.7968257569238],[-73.8063321567332,40.7964010206955],[-73.8058872032484,40.7964831693247],[-73.8053971220246,40.7961791012595],[-73.8053185058638,40.796514356665],[-73.8053408341321,40.7961722080355],[-73.8046731267303,40.7961757489347],[-73.804629209817,40.7963732834312],[-73.8046257991322,40.7961509667715],[-73.8043496482956,40.7962223707839],[-73.8042749250938,40.7966495407032],[-73.804312775929,40.7962211559522],[-73.8041667453125,40.7962372885772],[-73.8041163663924,40.7966891011886],[-73.8041378365446,40.7962425109802],[-73.803956142821,40.7966576689079],[-73.8038753921719,40.7963225925129],[-73.8036072886951,40.7966405913978],[-73.8034848513306,40.7964793923379],[-73.8034009622518,40.796923220192],[-73.8034651527644,40.7964826946857],[-73.8032398002541,40.7970867471578],[-73.8032620578071,40.7967147719339],[-73.8029814587708,40.7967170055733],[-73.8029596916746,40.7964178707206],[-73.8025807331297,40.7963037230048],[-73.801012650196,40.7965306545574],[-73.8002952040964,40.7962632524439],[-73.800130002729,40.796455099819],[-73.8001837414901,40.7962751936436],[-73.7996820664464,40.7961827826526],[-73.7996068696916,40.7963405005841],[-73.7978997137059,40.7955675008045],[-73.7976713268754,40.7960021023626],[-73.7978715359713,40.7955602920288],[-73.7967370630406,40.7952172232804],[-73.7965131434906,40.7956616650373],[-73.7967072620516,40.7952059058104],[-73.7965601375298,40.7951456540287],[-73.7950811668257,40.795072659885],[-73.794389668135,40.7948174974815],[-73.794561374698,40.7947625467497],[-73.7943184098428,40.7943334352251],[-73.7943198510738,40.793574727763],[-73.7949624491805,40.7919087342269],[-73.794770633192,40.7912795912171],[-73.7937290004132,40.7890436231633],[-73.7933817200739,40.7895866714952],[-73.7932408027874,40.7895385285738],[-73.7936214578275,40.7890049159996],[-73.7928629521089,40.7887979254522],[-73.7919164866977,40.7892684002553],[-73.7918627841897,40.7893081953264]]]}},{"type":"Feature","properties":{"id":"queens-bay-terrace","name":"Bay Terrace","ntaName":"Bay Terrace-Clearview","nta":"QN0703","type":"neighborhood","price":10,"blocks":119,"boro":"queens","borough":"Queens"},"geometry":{"type":"Polygon","coordinates":[[[-73.7817159887082,40.7905385997683],[-73.7812065982963,40.7895961934602],[-73.7779626240963,40.7883726021483],[-73.7740974773808,40.7863048447474],[-73.7740777610207,40.7859255632178],[-73.7716086980255,40.7830045431024],[-73.7681605310877,40.7796442362445],[-73.7682019312253,40.7794524569551],[-73.7671633128501,40.7797911539609],[-73.7670252989061,40.7800945119145],[-73.7667770796916,40.779820736172],[-73.7681631062847,40.7794050987182],[-73.7676059218547,40.7783073120319],[-73.7681577851486,40.7781335472764],[-73.768614055123,40.7791034883867],[-73.7755387002651,40.7770338752372],[-73.7758409600414,40.7786206507286],[-73.7916366446201,40.7742469311089],[-73.7936536872202,40.7733687146955],[-73.7956584041077,40.7730443627899],[-73.7974166114985,40.7740185958536],[-73.7985314786205,40.775199004841],[-73.8037916152652,40.7756183886489],[-73.8030345717926,40.7809491472747],[-73.8032511337778,40.781283756481],[-73.8029992064328,40.7814187529248],[-73.8024238222085,40.786027257457],[-73.797833102856,40.7858539472524],[-73.7949414743914,40.7862832847725],[-73.7905843929134,40.7881389623215],[-73.7918627836271,40.7893081955226],[-73.7902834079778,40.7903252417258],[-73.7856823960597,40.7903489512129],[-73.7838398064904,40.790649233806],[-73.7825321884191,40.7912850688104],[-73.7843429117756,40.7917576332558],[-73.7822746834831,40.7913819955142],[-73.7817410472736,40.7910039211447],[-73.7817159887082,40.7905385997683]]]}},{"type":"Feature","properties":{"id":"queens-murray-hill","name":"Murray Hill","ntaName":"Murray Hill-Broadway Flushing","nta":"QN0704","type":"neighborhood","price":10,"blocks":328,"boro":"queens","borough":"Queens"},"geometry":{"type":"Polygon","coordinates":[[[-73.8037916157376,40.7756183885733],[-73.7985314791987,40.7751990047598],[-73.7974166946626,40.7740186579702],[-73.7952168904402,40.7726831827069],[-73.7931808280417,40.7704114528522],[-73.7939605289162,40.7647035939048],[-73.7930268964022,40.764629466187],[-73.7934412941097,40.7607724011895],[-73.7907614280041,40.7609940427896],[-73.7903165505517,40.7578317233496],[-73.794933844624,40.7578063026686],[-73.8003017751553,40.7597105719259],[-73.811051019179,40.7614252943311],[-73.8206373237619,40.7588805397568],[-73.8234838444171,40.7646600653101],[-73.8246704826797,40.7704158818362],[-73.8265598135438,40.7701453575034],[-73.8265671825695,40.7706497507418],[-73.8295728452279,40.7707193860115],[-73.8305471205492,40.7702319569491],[-73.8305860191211,40.7716471492811],[-73.831518320851,40.7716659238922],[-73.8315944526037,40.7725682946824],[-73.8301583262813,40.7738330168254],[-73.8288843923335,40.7754352820092],[-73.8252862352656,40.7817055685444],[-73.8222426695219,40.7817021558032],[-73.8233142625702,40.7795869357071],[-73.8145313685211,40.7788964509235],[-73.8148598961341,40.7764941986794],[-73.8065936716159,40.7758401372482],[-73.8037916157376,40.7756183885733]]]}},{"type":"Feature","properties":{"id":"queens-east-flushing","name":"East Flushing","ntaName":"East Flushing","nta":"QN0705","type":"neighborhood","price":10,"blocks":166,"boro":"queens","borough":"Queens"},"geometry":{"type":"Polygon","coordinates":[[[-73.794933844624,40.7578063026686],[-73.7945786522558,40.7535712831164],[-73.7947227950187,40.7506295909924],[-73.7972966301908,40.7494433237647],[-73.7947240317044,40.7476076008131],[-73.7945811432167,40.7464109538622],[-73.7953707514994,40.7466719662103],[-73.7973643246899,40.7464755164076],[-73.7982637377082,40.7469739265346],[-73.8033535262673,40.7464402352661],[-73.8027676767534,40.748130415682],[-73.802878049891,40.7497734209188],[-73.8075073797563,40.7501448579164],[-73.8141631089586,40.7461468504713],[-73.8153745624171,40.74722660767],[-73.8157520844618,40.7469877498661],[-73.8178216485385,40.7473936859057],[-73.8210856658005,40.7485667168207],[-73.8242663307333,40.7518411589941],[-73.8219196793204,40.7531813514621],[-73.8208506790653,40.7522498155288],[-73.8184092188127,40.7538386930776],[-73.8203020683046,40.7555232519897],[-73.8178938468778,40.7570946106428],[-73.8206373237619,40.7588805397568],[-73.811051019179,40.7614252943311],[-73.8003017751553,40.7597105719259],[-73.79580575979,40.7580994896269],[-73.794933844624,40.7578063026686]]]}},{"type":"Feature","properties":{"id":"queens-queensboro-hill","name":"Queensboro Hill","ntaName":"Queensboro Hill","nta":"QN0706","type":"neighborhood","price":10,"blocks":143,"boro":"queens","borough":"Queens"},"geometry":{"type":"Polygon","coordinates":[[[-73.8141631089586,40.7461468504713],[-73.8137593831167,40.7457542060324],[-73.8136856559267,40.7453129369293],[-73.8143102367403,40.7429820425848],[-73.8082392818616,40.7420194276512],[-73.7994721012392,40.7422325581947],[-73.7969520356208,40.741941305067],[-73.7972322324333,40.7417037759945],[-73.7972580912206,40.7402213128671],[-73.7962943551389,40.7385605752077],[-73.7967263616014,40.7384249118602],[-73.7964131665691,40.7383335949177],[-73.7982232249344,40.7382305840255],[-73.813223584909,40.7387686211744],[-73.8150585343636,40.7389951156241],[-73.8149734707851,40.7385689836964],[-73.8160781563696,40.7388662017368],[-73.816332482098,40.7384546698332],[-73.8167809847634,40.7383880619253],[-73.8248563536097,40.7398376319619],[-73.8249757913884,40.7394486947076],[-73.8255621840046,40.7394626280061],[-73.8263392739166,40.7388366965983],[-73.8279659438752,40.7385114721172],[-73.8280929187572,40.7370914436598],[-73.8294689118527,40.7370327500734],[-73.8305369061108,40.7375284621455],[-73.8311359105442,40.738570174541],[-73.8309073585815,40.739141031577],[-73.8313400777899,40.7391788987407],[-73.8311568878344,40.742349186249],[-73.8358627136859,40.7432362535225],[-73.835917043974,40.7434391622472],[-73.8354391668876,40.7455322428579],[-73.834115725161,40.7473655795116],[-73.8330872184437,40.7479973947495],[-73.8330044141793,40.7478422591145],[-73.8312561930629,40.7481146290608],[-73.8312673100704,40.748626315798],[-73.8309803142101,40.7489365896943],[-73.8292265138019,40.7492643509117],[-73.8278683320292,40.7498195554705],[-73.8272406075406,40.7498678730034],[-73.8258458012767,40.7493566619657],[-73.8257669655503,40.7509772944367],[-73.8242663307333,40.7518411589941],[-73.8210856658005,40.7485667168207],[-73.8178216485385,40.7473936859057],[-73.8157520844618,40.7469877498661],[-73.8153745624171,40.74722660767],[-73.814772914932,40.7466906412081],[-73.8141631089586,40.7461468504713]]]}},{"type":"Feature","properties":{"id":"queens-flushing","name":"Flushing","ntaName":"Flushing-Willets Point","nta":"QN0707","type":"neighborhood","price":10,"blocks":141,"boro":"queens","borough":"Queens"},"geometry":{"type":"Polygon","coordinates":[[[-73.8206373237619,40.7588805397568],[-73.8178938468778,40.7570946106428],[-73.8203020683046,40.7555232519897],[-73.8184092188127,40.7538386930776],[-73.8208506790653,40.7522498155288],[-73.8219196793204,40.7531813514621],[-73.8257669655503,40.7509772944367],[-73.8258458012767,40.7493566619657],[-73.8276578116483,40.749869100744],[-73.8292265138019,40.7492643509117],[-73.8309803142101,40.7489365896943],[-73.8312673100704,40.748626315798],[-73.8312561930629,40.7481146290608],[-73.8330044141793,40.7478422591145],[-73.8322247078964,40.7514281575314],[-73.8322967519582,40.7519500612853],[-73.8355929340847,40.7513854026914],[-73.8368436692263,40.7533464033331],[-73.8379187242208,40.754549705761],[-73.8386199865444,40.7570531173175],[-73.8432452125096,40.7553450741971],[-73.8459677843737,40.7607082627901],[-73.8467107363962,40.7613535406213],[-73.8435950127036,40.7633788147799],[-73.8436892762267,40.7636209981194],[-73.8434376872986,40.7634408382028],[-73.8430710114216,40.7636008412061],[-73.8430438075297,40.7643295921172],[-73.842729593304,40.7646368211998],[-73.8405277534743,40.7653962616912],[-73.8395796669026,40.7652605954732],[-73.8393605199051,40.7654181443908],[-73.8390547470541,40.7659669507547],[-73.839257615338,40.7660424823033],[-73.8387242835522,40.7669108378397],[-73.8372207794451,40.7687513426577],[-73.835217513823,40.7703848128498],[-73.8315944526037,40.7725682946824],[-73.831518320851,40.7716659238922],[-73.8305860191211,40.7716471492811],[-73.8305471205492,40.7702319569491],[-73.8295728452279,40.7707193860115],[-73.8265671825695,40.7706497507418],[-73.8265598135438,40.7701453575034],[-73.8246704826797,40.7704158818362],[-73.8234838444171,40.7646600653101],[-73.8208082398977,40.7589500552343],[-73.8206373237619,40.7588805397568]]]}},{"type":"Feature","properties":{"id":"queens-fort-totten","name":"Fort Totten","ntaName":"Fort Totten","nta":"QN0761","type":"park","price":10,"blocks":5,"boro":"queens","borough":"Queens"},"geometry":{"type":"Polygon","coordinates":[[[-73.7719760590547,40.7873699692751],[-73.7743474696082,40.7867805131207],[-73.7742314927167,40.7870733212263],[-73.7750206051244,40.7874027539721],[-73.7763386670172,40.7884955055097],[-73.7740974769297,40.7863048448764],[-73.7779626241432,40.788372602212],[-73.7812065977774,40.7895961936901],[-73.7817159886022,40.790538599453],[-73.781748468357,40.7911416862276],[-73.7810798395837,40.7916856019932],[-73.7807803053575,40.7931980663857],[-73.7815901963387,40.7934718212807],[-73.7816851089187,40.7933300375266],[-73.7816435149508,40.7935333334321],[-73.7807257318881,40.793341899545],[-73.7807932004395,40.7940442000473],[-73.7810067771368,40.7943930988721],[-73.7819052352139,40.7949094842094],[-73.7833193489501,40.7947666373835],[-73.783260143088,40.7949321950713],[-73.782004642735,40.7949837428311],[-73.7815428805992,40.795668017795],[-73.7798044309274,40.796213810083],[-73.7793638483422,40.7966936739579],[-73.777523076579,40.7966484150694],[-73.7761802387716,40.7961043341112],[-73.7740273736571,40.7940587491237],[-73.773633860108,40.7927580370673],[-73.7723643393611,40.7915464841193],[-73.7721244912769,40.7901706854934],[-73.7706326221559,40.7884711849814],[-73.7708245279084,40.7879909464078],[-73.7719034341515,40.7873948751895],[-73.7719760590547,40.7873699692751]]]}},{"type":"Feature","properties":{"id":"queens-kissena-park","name":"Kissena Park","ntaName":"Kissena Park","nta":"QN0791","type":"park","price":10,"blocks":2,"boro":"queens","borough":"Queens"},"geometry":{"type":"Polygon","coordinates":[[[-73.7945811432167,40.7464109538622],[-73.7944541989544,40.7452117019589],[-73.794617319493,40.744319800945],[-73.7954319748853,40.743272560135],[-73.7969520356208,40.741941305067],[-73.7994721012392,40.7422325581947],[-73.8082392818616,40.7420194276512],[-73.8143102367403,40.7429820425848],[-73.8136856559267,40.7453129369293],[-73.8137593831167,40.7457542060324],[-73.8141631089586,40.7461468504713],[-73.8075073797563,40.7501448579164],[-73.802878049891,40.7497734209188],[-73.8027676767534,40.748130415682],[-73.8033535262673,40.7464402352661],[-73.7982637377082,40.7469739265346],[-73.7973643246899,40.7464755164076],[-73.7953707514994,40.7466719662103],[-73.7946823964634,40.7464128986231],[-73.7945811432167,40.7464109538622]]]}},{"type":"Feature","properties":{"id":"queens-kew-gardens-hills","name":"Kew Gardens Hills","ntaName":"Kew Gardens Hills","nta":"QN0801","type":"neighborhood","price":10,"blocks":139,"boro":"queens","borough":"Queens"},"geometry":{"type":"Polygon","coordinates":[[[-73.8149734707851,40.7385689836964],[-73.8146930183528,40.735958261147],[-73.8152328359375,40.7288021792651],[-73.8147471800249,40.7282383361383],[-73.8106983232784,40.7261985972302],[-73.8106272238044,40.7244281086456],[-73.8078237026647,40.7159197304183],[-73.8173069060722,40.7157938439411],[-73.8201170458504,40.7165224576091],[-73.8193060832863,40.7171443453418],[-73.8195248270912,40.7173479970114],[-73.8233119036299,40.7174989438617],[-73.8253135954228,40.7173532764815],[-73.8255690470917,40.719729279397],[-73.8273103956007,40.7246543424674],[-73.8280528442796,40.7253331154013],[-73.8298005026649,40.7259055191297],[-73.8305810061644,40.7264046167389],[-73.8330722737293,40.7299272971868],[-73.8338640650932,40.7305614549084],[-73.8256667452119,40.732287844902],[-73.8248563536097,40.7398376319619],[-73.8169342258016,40.7383977794239],[-73.816332482098,40.7384546698332],[-73.8160781563696,40.7388662017368],[-73.815018026439,40.7385668127577],[-73.8149734707851,40.7385689836964]]]}},{"type":"Feature","properties":{"id":"queens-pomonok","name":"Pomonok","ntaName":"Pomonok-Electchester-Hillcrest","nta":"QN0802","type":"neighborhood","price":10,"blocks":184,"boro":"queens","borough":"Queens"},"geometry":{"type":"Polygon","coordinates":[[[-73.8046688665665,40.7384533622753],[-73.8046563329736,40.738120691532],[-73.802731933449,40.738092341722],[-73.8029444534875,40.7348700494202],[-73.8038476439435,40.7349052086674],[-73.8040680451709,40.7316502549514],[-73.7986589955608,40.7314366345388],[-73.7985653119911,40.732865834854],[-73.7942790552176,40.7327044140128],[-73.7939784682518,40.732305120797],[-73.7937907674659,40.7307094489881],[-73.7915739096989,40.7253378782756],[-73.7904528726815,40.7235627983649],[-73.7903040533166,40.7208997309812],[-73.790709723766,40.719276917218],[-73.7927910803261,40.7190858468379],[-73.7980493056244,40.7174166621941],[-73.7980966088643,40.7175505164082],[-73.8019231941204,40.7165577837846],[-73.8078452601241,40.7160079980192],[-73.8106272238044,40.7244281086456],[-73.8106983232784,40.7261985972302],[-73.8147471800249,40.7282383361383],[-73.8152328359375,40.7288021792651],[-73.8146930183528,40.735958261147],[-73.8150585343636,40.7389951156241],[-73.8047169313336,40.7384537215468],[-73.8046688665665,40.7384533622753]]]}},{"type":"Feature","properties":{"id":"queens-fresh-meadows","name":"Fresh Meadows","ntaName":"Fresh Meadows-Utopia","nta":"QN0803","type":"neighborhood","price":10,"blocks":135,"boro":"queens","borough":"Queens"},"geometry":{"type":"Polygon","coordinates":[[[-73.777576444541,40.7302015435955],[-73.7917461064752,40.7257971168274],[-73.7937907674659,40.7307094489881],[-73.7938207524377,40.7316656557428],[-73.7942790552176,40.7327044140128],[-73.7985653119911,40.732865834854],[-73.7986589955608,40.7314366345388],[-73.8040680451709,40.7316502549514],[-73.8038476439435,40.7349052086674],[-73.8029444534875,40.7348700494202],[-73.802731933449,40.738092341722],[-73.8046563329736,40.738120691532],[-73.8046688665665,40.7384533622753],[-73.7964131665691,40.7383335949177],[-73.7804098626154,40.7426380702789],[-73.7757603017183,40.7433754979069],[-73.7722972286731,40.7351179656731],[-73.7701096797635,40.7317877767737],[-73.7766813433261,40.7304393632452],[-73.777576444541,40.7302015435955]]]}},{"type":"Feature","properties":{"id":"queens-jamaica-estates","name":"Jamaica Estates","ntaName":"Jamaica Estates-Holliswood","nta":"QN0804","type":"neighborhood","price":10,"blocks":147,"boro":"queens","borough":"Queens"},"geometry":{"type":"Polygon","coordinates":[[[-73.7773818644995,40.7224573298422],[-73.775486110387,40.7237288819665],[-73.7728692152951,40.7248762525363],[-73.7692421207506,40.7259109689947],[-73.7654498072509,40.726482948501],[-73.7598610155583,40.7258826555144],[-73.7568814817808,40.7262868730845],[-73.7554821052153,40.7251280748254],[-73.7549705627398,40.7241679146999],[-73.7595023106569,40.7210356393981],[-73.7644708880764,40.7188986589065],[-73.7673336531918,40.7172980624259],[-73.7735727258765,40.7151283603416],[-73.7865766644465,40.7119807571801],[-73.7878481620462,40.7118190974952],[-73.7892905168604,40.7120413875093],[-73.7930393793691,40.7107193388543],[-73.793027921619,40.7119896283206],[-73.7936084238797,40.7135167339688],[-73.7935870828809,40.7141369422558],[-73.7924055131278,40.7162013055011],[-73.7920151451296,40.7179759523256],[-73.7907338677001,40.7192170225068],[-73.7903040533166,40.7208997309812],[-73.7904528726815,40.7235627983649],[-73.7917461064752,40.7257971168274],[-73.777576444541,40.7302015435955],[-73.7752352462789,40.7252458007269],[-73.7770046544006,40.7237282757252],[-73.7780390341417,40.7232925351319],[-73.7775800564405,40.7226504848837],[-73.7773818644995,40.7224573298422]]]}},{"type":"Feature","properties":{"id":"queens-jamaica-hills","name":"Jamaica Hills","ntaName":"Jamaica Hills-Briarwood","nta":"QN0805","type":"neighborhood","price":10,"blocks":148,"boro":"queens","borough":"Queens"},"geometry":{"type":"Polygon","coordinates":[[[-73.7930393793691,40.7107193388543],[-73.7977694822677,40.7091514518024],[-73.7987028881089,40.7106716403378],[-73.8014155451962,40.7096951359611],[-73.8019343528091,40.7089198586204],[-73.8030255299586,40.7081479196726],[-73.8036696840326,40.708754309575],[-73.8050138589125,40.7094815979583],[-73.8054837966693,40.710097118815],[-73.8080476923343,40.7093650902768],[-73.8069499470566,40.7073753627039],[-73.8120138702627,40.705953206642],[-73.811529953237,40.7022811360105],[-73.8135660908112,40.7025367591111],[-73.8164766991168,40.7024586884136],[-73.819529091875,40.7085873902606],[-73.8195391559179,40.7082876727986],[-73.8213153070207,40.7105564827204],[-73.8239515961462,40.7128716263561],[-73.8242907955506,40.713878329069],[-73.8255800188126,40.7157708724662],[-73.8251803568177,40.7160232607471],[-73.8238714260101,40.7162021723473],[-73.8234060787455,40.7165582922195],[-73.8218806614673,40.7166554351814],[-73.8205085364213,40.7166048963208],[-73.8171055583227,40.7157850763488],[-73.8078237026647,40.7159197304183],[-73.8047442078489,40.7161772285964],[-73.8019231941204,40.7165577837846],[-73.7980966088643,40.7175505164082],[-73.7980493056244,40.7174166621941],[-73.7927910803261,40.7190858468379],[-73.790709723766,40.719276917218],[-73.7909009844463,40.718884072895],[-73.7920151451296,40.7179759523256],[-73.7924055131278,40.7162013055011],[-73.7935870828809,40.7141369422558],[-73.793608436044,40.7135167872643],[-73.79300859985,40.7115577335214],[-73.7930393793691,40.7107193388543]]]}},{"type":"Feature","properties":{"id":"queens-mount-hebron-and-cedar-grove-cemeteries","name":"Mount Hebron & Cedar Grove Cemeteries","ntaName":"Mount Hebron & Cedar Grove Cemeteries","nta":"QN0871","type":"neighborhood","price":10,"blocks":2,"boro":"queens","borough":"Queens"},"geometry":{"type":"Polygon","coordinates":[[[-73.8248131756443,40.7396392285641],[-73.8256667452119,40.732287844902],[-73.8338640650932,40.7305614549084],[-73.8340050817627,40.731575976257],[-73.8360498514288,40.7342738518402],[-73.8356064822105,40.7351428066202],[-73.8353995236406,40.7369206571466],[-73.8356472510121,40.7384992790347],[-73.8362766654108,40.7395766442573],[-73.8366255924094,40.7393733278137],[-73.836752276446,40.7397288025524],[-73.8371086026256,40.741404497364],[-73.8369940957107,40.7421016104771],[-73.8361012864526,40.7424373379314],[-73.8358627136859,40.7432362535225],[-73.8311568878344,40.742349186249],[-73.8313400777899,40.7391788987407],[-73.8309073585815,40.739141031577],[-73.8311359105442,40.738570174541],[-73.8305369061108,40.7375284621455],[-73.8294689118527,40.7370327500734],[-73.8280929187572,40.7370914436598],[-73.8279659438752,40.7385114721172],[-73.8270136166533,40.7385772767605],[-73.8259771961626,40.7390086637147],[-73.8255621840046,40.7394626280061],[-73.8249494008756,40.7395753734844],[-73.8248131756443,40.7396392285641]]]}},{"type":"Feature","properties":{"id":"queens-cunningham-park","name":"Cunningham Park","ntaName":"Cunningham Park","nta":"QN0891","type":"park","price":10,"blocks":6,"boro":"queens","borough":"Queens"},"geometry":{"type":"Polygon","coordinates":[[[-73.756784096638,40.7263140526128],[-73.7598610155583,40.7258826555144],[-73.7650389232572,40.7264964214776],[-73.7692421207506,40.7259109689947],[-73.774372461203,40.7242693988469],[-73.777327003109,40.7224009680804],[-73.7780390341417,40.7232925351319],[-73.7770046544006,40.7237282757252],[-73.7752352462789,40.7252458007269],[-73.777576444541,40.7302015435955],[-73.774914727399,40.7309211282918],[-73.7701096797635,40.7317877767737],[-73.7722972286731,40.7351179656731],[-73.7757603017183,40.7433754979069],[-73.7724459623335,40.7439278546703],[-73.7677641563335,40.74585180522],[-73.7668799084322,40.7441018505931],[-73.7655698701,40.7432664262958],[-73.762487463827,40.7367392520493],[-73.7627344057244,40.7352704324727],[-73.7651115554465,40.7345660081263],[-73.7637011637931,40.7328723863138],[-73.7655522318848,40.7325525526102],[-73.762264619742,40.7296129453157],[-73.7584602259195,40.7275509678727],[-73.7567753877491,40.7263840680148],[-73.756784096638,40.7263140526128]]]}},{"type":"Feature","properties":{"id":"queens-kew-gardens","name":"Kew Gardens","ntaName":"Kew Gardens","nta":"QN0901","type":"neighborhood","price":10,"blocks":84,"boro":"queens","borough":"Queens"},"geometry":{"type":"Polygon","coordinates":[[[-73.8164766991168,40.7024586884136],[-73.8168616908953,40.7024525928008],[-73.817334744976,40.7029660475787],[-73.8175451488076,40.7026656103176],[-73.8224602919507,40.7036637923059],[-73.8315224873436,40.7013978890611],[-73.8321334330761,40.7028023413099],[-73.8339184889679,40.7023556288397],[-73.8346038415776,40.7039357277783],[-73.8359767396473,40.7034404189623],[-73.836620214354,40.703428278355],[-73.8381377464416,40.7061902904709],[-73.8371484233624,40.7079653081205],[-73.8382856822275,40.7084176205322],[-73.8431476484848,40.7092317183153],[-73.8377103351732,40.7110447462094],[-73.8361161592047,40.7118334090235],[-73.8359784635534,40.7117142191062],[-73.8310972851344,40.7142888752822],[-73.8255800188126,40.7157708724662],[-73.8242907955506,40.713878329069],[-73.8239515961462,40.7128716263561],[-73.8213153070207,40.7105564827204],[-73.8195391559179,40.7082876727986],[-73.819529091875,40.7085873902606],[-73.8166887901186,40.7029182069234],[-73.8164766991168,40.7024586884136]]]}},{"type":"Feature","properties":{"id":"queens-richmond-hill","name":"Richmond Hill","ntaName":"Richmond Hill","nta":"QN0902","type":"neighborhood","price":10,"blocks":175,"boro":"queens","borough":"Queens"},"geometry":{"type":"Polygon","coordinates":[[[-73.8164766991168,40.7024586884136],[-73.8137272434907,40.6971403552813],[-73.8208632857933,40.6953618190075],[-73.8210823522518,40.6957872571701],[-73.8449616753096,40.6891708824788],[-73.8489426864547,40.697565106475],[-73.8494790315932,40.6982040674089],[-73.8450261242513,40.6993676369125],[-73.842758037299,40.7006659550342],[-73.8415651745399,40.7011088590749],[-73.8394795454372,40.7026984552408],[-73.8369637712994,40.7042207134623],[-73.836620214354,40.703428278355],[-73.8359767396473,40.7034404189623],[-73.8346038415776,40.7039357277783],[-73.8339184889679,40.7023556288397],[-73.8321334330761,40.7028023413099],[-73.8315224873436,40.7013978890611],[-73.8224602919507,40.7036637923059],[-73.8175451488076,40.7026656103176],[-73.817334744976,40.7029660475787],[-73.8168616908953,40.7024525928008],[-73.8164766991168,40.7024586884136]]]}},{"type":"Feature","properties":{"id":"queens-south-richmond-hill","name":"South Richmond Hill","ntaName":"South Richmond Hill","nta":"QN0903","type":"neighborhood","price":10,"blocks":99,"boro":"queens","borough":"Queens"},"geometry":{"type":"Polygon","coordinates":[[[-73.8107272590359,40.6919306814316],[-73.8250126777712,40.6879605762812],[-73.8259948624845,40.6899619204687],[-73.8285127562942,40.6892473142777],[-73.8275316030656,40.6872477403615],[-73.835952220111,40.68485180425],[-73.8369374005572,40.6868515824108],[-73.8372794935118,40.6867556031101],[-73.8381071928075,40.6884413646433],[-73.8363475706269,40.6889358882079],[-73.8375064542812,40.6913022375121],[-73.8210823522518,40.6957872571701],[-73.8208632857933,40.6953618190075],[-73.8141613754026,40.6971261715731],[-73.8137272434907,40.6971403552813],[-73.8108422302247,40.6921393405902],[-73.8107272590359,40.6919306814316]]]}},{"type":"Feature","properties":{"id":"queens-ozone-park-north","name":"Ozone Park (North)","ntaName":"Ozone Park (North)","nta":"QN0904","type":"neighborhood","price":10,"blocks":136,"boro":"queens","borough":"Queens"},"geometry":{"type":"Polygon","coordinates":[[[-73.835952220111,40.68485180425],[-73.8380790823801,40.684247166371],[-73.8369762546951,40.6819962740295],[-73.838652049996,40.6814464932495],[-73.8401299532097,40.6811549065731],[-73.8411974490434,40.6833596237314],[-73.847869570757,40.6814950879096],[-73.8519800420428,40.6825724671411],[-73.8509922890905,40.6805766236619],[-73.853981544847,40.6796912906869],[-73.8581997586277,40.6794391045955],[-73.8587871677922,40.6806387193864],[-73.8633508354175,40.679359896221],[-73.8641023671419,40.6823811056886],[-73.8660213331452,40.6819278422682],[-73.8663040396387,40.6831949505845],[-73.8375064542812,40.6913022375121],[-73.8363475706269,40.6889358882079],[-73.8381071928075,40.6884413646433],[-73.8372794935118,40.6867556031101],[-73.8369374005572,40.6868515824108],[-73.835952220111,40.68485180425]]]}},{"type":"Feature","properties":{"id":"queens-woodhaven","name":"Woodhaven","ntaName":"Woodhaven","nta":"QN0905","type":"neighborhood","price":10,"blocks":163,"boro":"queens","borough":"Queens"},"geometry":{"type":"Polygon","coordinates":[[[-73.8491397691636,40.6982910002411],[-73.8494790315932,40.6982040674089],[-73.8489426864547,40.697565106475],[-73.8449616753096,40.6891708824788],[-73.8663040396387,40.6831949505845],[-73.8665998841572,40.6852778149465],[-73.8686859464462,40.6940429494302],[-73.8684065921846,40.6947394439148],[-73.8574458764877,40.6969212438677],[-73.8527465147058,40.697569009541],[-73.8528340198331,40.6984160255171],[-73.8545677039075,40.7006023108935],[-73.8541261390734,40.7007733441618],[-73.8541025622695,40.7005220086321],[-73.8507098199157,40.7002113844656],[-73.8491397691636,40.6982910002411]]]}},{"type":"Feature","properties":{"id":"queens-south-ozone-park","name":"South Ozone Park","ntaName":"South Ozone Park","nta":"QN1001","type":"neighborhood","price":10,"blocks":443,"boro":"queens","borough":"Queens"},"geometry":{"type":"Polygon","coordinates":[[[-73.8058580677559,40.6829155754191],[-73.8017943345463,40.6744022470896],[-73.8013190937896,40.6727924806778],[-73.8014184697483,40.6677863506525],[-73.8021500445045,40.6652582081569],[-73.8061453398042,40.6649209848644],[-73.8084515434743,40.6644695550818],[-73.8116899942793,40.6631411254555],[-73.8132698170495,40.6628211715297],[-73.8229623988026,40.6638683919445],[-73.8230534917355,40.6635621317692],[-73.8268749265487,40.6637123610219],[-73.8327067283149,40.6654140264422],[-73.8401299532097,40.6811549065731],[-73.8369762546951,40.6819962740295],[-73.8380790823801,40.684247166371],[-73.8275316030656,40.6872477403615],[-73.8285127562942,40.6892473142777],[-73.8259948624845,40.6899619204687],[-73.8250126777712,40.6879605762812],[-73.8107272590359,40.6919306814316],[-73.8059033504445,40.6830081926268],[-73.8058580677559,40.6829155754191]]]}},{"type":"Feature","properties":{"id":"queens-ozone-park","name":"Ozone Park","ntaName":"Ozone Park","nta":"QN1002","type":"neighborhood","price":10,"blocks":183,"boro":"queens","borough":"Queens"},"geometry":{"type":"Polygon","coordinates":[[[-73.8401299532097,40.6811549065731],[-73.8333495818169,40.6667814404196],[-73.8348779333062,40.6672199181561],[-73.8379073468464,40.6675196589727],[-73.8384549373835,40.6676702641166],[-73.8383449731889,40.6679972800443],[-73.8404692316658,40.66872676176],[-73.8401376289549,40.6682762784766],[-73.8424277333629,40.668788600545],[-73.8425818838779,40.6692887867152],[-73.8484790476828,40.6709249923444],[-73.8613200350631,40.6750295228658],[-73.8623472042856,40.6791730409736],[-73.8632843695327,40.6790876264559],[-73.8633508354175,40.679359896221],[-73.8587871677922,40.6806387193864],[-73.8581997586277,40.6794391045955],[-73.853981544847,40.6796912906869],[-73.8509922890905,40.6805766236619],[-73.8519800420428,40.6825724671411],[-73.847869570757,40.6814950879096],[-73.8411974490434,40.6833596237314],[-73.8401299532097,40.6811549065731]]]}},{"type":"Feature","properties":{"id":"queens-howard-beach","name":"Howard Beach","ntaName":"Howard Beach-Lindenwood","nta":"QN1003","type":"neighborhood","price":10,"blocks":316,"boro":"queens","borough":"Queens"},"geometry":{"type":"MultiPolygon","coordinates":[[[[-73.8604732995091,40.6546775404172],[-73.860990571144,40.655218017565],[-73.8604560306656,40.6550753576645],[-73.8602779983326,40.654805966701],[-73.8604732995091,40.6546775404172]]],[[[-73.8303286413004,40.6551410568341],[-73.8302674064747,40.6554368976929],[-73.8298905875702,40.6555310746995],[-73.83004445441,40.6553576740197],[-73.8303286413004,40.6551410568341]]],[[[-73.8509659317668,40.6717277652394],[-73.8425818833168,40.6692887864167],[-73.8424277337254,40.6687886001537],[-73.8421594140247,40.6687097009303],[-73.8401376292209,40.6682762783283],[-73.8404692317984,40.6687267613323],[-73.8383449727518,40.6679972802831],[-73.8384549376714,40.667670264182],[-73.8379073473211,40.6675196586529],[-73.8348779334892,40.6672199185089],[-73.833349581668,40.6667814400409],[-73.8286008117049,40.6572052244151],[-73.8263938142056,40.6483325993819],[-73.8270164129873,40.6487679634743],[-73.8284617990094,40.6491269277096],[-73.8295983621845,40.6498359086719],[-73.8300117862011,40.6503366257004],[-73.8298708758393,40.6504378797655],[-73.8300090629102,40.6509117257382],[-73.8309379021081,40.6516343801168],[-73.831323139146,40.6527347830878],[-73.831289133907,40.6534870880623],[-73.8315846093838,40.6538220368809],[-73.82901556395,40.6561161356869],[-73.8296681646109,40.6556072914369],[-73.8304446700357,40.6555277234146],[-73.830603849069,40.6548151405495],[-73.8317095330004,40.6539394249763],[-73.832055840477,40.6540546689769],[-73.8320019181685,40.6544490706469],[-73.8322183743856,40.6544686369921],[-73.8314946904695,40.6549880717715],[-73.8311623963248,40.6559274838792],[-73.8300344028493,40.6565754190072],[-73.8293774230032,40.6565145870561],[-73.8293111361039,40.6569407087197],[-73.8289691753419,40.657213499178],[-73.8291805857484,40.6578080304602],[-73.8301316764314,40.6584108943945],[-73.8296012577287,40.6586650574627],[-73.8301508900776,40.6598169373451],[-73.8296965896314,40.65866418106],[-73.830245658611,40.6583582211375],[-73.8292253279771,40.6577147644458],[-73.8290957371296,40.6573424704681],[-73.829504039584,40.656655683474],[-73.8300931145023,40.6567446087531],[-73.8312725146611,40.6560115224842],[-73.8318537739974,40.6548932890549],[-73.8321832495892,40.6549030032566],[-73.8329044849929,40.6574920233626],[-73.8319453351894,40.6561796788794],[-73.8326017532104,40.6578348428516],[-73.8311280336542,40.6583270391463],[-73.8333857851375,40.6580601112428],[-73.830800167766,40.6489848091363],[-73.8314886234831,40.6478955285076],[-73.8345363626727,40.648033380076],[-73.8356093944599,40.6484773233472],[-73.8384544590053,40.6593698710199],[-73.8388082956122,40.6609500879012],[-73.8386286343773,40.6610898953829],[-73.8389306431855,40.661278285595],[-73.8380769476438,40.6615962117552],[-73.8381422059239,40.662077759247],[-73.8384403650494,40.6623520997424],[-73.8396973572634,40.662246556151],[-73.8396253498847,40.6620043812495],[-73.8399808919049,40.6619125264653],[-73.8368147367458,40.6492576649799],[-73.8373891778591,40.6491264003324],[-73.8467930145062,40.6478045792504],[-73.8483993037402,40.6545056771427],[-73.8532065566185,40.6538161361776],[-73.8543748581505,40.658613512525],[-73.8535482982039,40.6593243577504],[-73.8536181776228,40.6597421159386],[-73.8596715779326,40.6551961461635],[-73.8614027075865,40.6565759893984],[-73.8606180917918,40.6564729072352],[-73.8602097929359,40.657018624634],[-73.8600691763096,40.6567881119224],[-73.8598350337665,40.6569853140726],[-73.8600763967132,40.6570568614326],[-73.8598116746732,40.6573306622188],[-73.8599403711638,40.6577284283447],[-73.8595938469065,40.6579967042576],[-73.8595834071417,40.65833925487],[-73.860259877538,40.6586379628076],[-73.8602281936063,40.6589056843167],[-73.8605134844583,40.6585059223968],[-73.8609821733315,40.6583895539332],[-73.860491403936,40.659002394383],[-73.8606134721316,40.6593347857402],[-73.8613241633404,40.6585231830653],[-73.8609363928337,40.6580643179487],[-73.8597697945768,40.6582901869919],[-73.860577861113,40.6578428400807],[-73.860351705605,40.6572343180131],[-73.8608714337395,40.6569172261262],[-73.8616151105611,40.6570047611877],[-73.8617285436229,40.6580419044664],[-73.862699181099,40.6576265604755],[-73.8631722320998,40.6582847634355],[-73.8603063437287,40.6596429062721],[-73.8576167694995,40.6601271840501],[-73.858430905961,40.6634616134865],[-73.8556860089481,40.6638757447717],[-73.8576346292662,40.6716644474263],[-73.8603865972626,40.6712599641856],[-73.861320034748,40.675029522816],[-73.8516360043091,40.6719385867587],[-73.8509659317668,40.6717277652394]]]]}},{"type":"Feature","properties":{"id":"queens-spring-creek-park","name":"Spring Creek Park","ntaName":"Spring Creek Park","nta":"QN1091","type":"park","price":10,"blocks":3,"boro":"queens","borough":"Queens"},"geometry":{"type":"MultiPolygon","coordinates":[[[[-73.8572247057542,40.6502869203871],[-73.8605421752502,40.6546322477272],[-73.8602136168869,40.654848301989],[-73.8597938252152,40.6544844075667],[-73.8589814271203,40.6526837074782],[-73.8573208125766,40.6512453492618],[-73.8569601002025,40.6505956226601],[-73.8572211440485,40.6502882622412],[-73.8572247057542,40.6502869203871]]],[[[-73.8534923068643,40.655022340717],[-73.8532065566185,40.6538161361776],[-73.8483993037402,40.6545056771427],[-73.8467930145062,40.6478045792504],[-73.8368147367458,40.6492576649799],[-73.8359245911293,40.6455080408676],[-73.8363321368848,40.6453293983485],[-73.8386103522065,40.6453561576095],[-73.8403932451469,40.6448961640966],[-73.8457962333531,40.6441097573351],[-73.8495083851788,40.6441420147456],[-73.8520776793889,40.6461843971612],[-73.8524333918276,40.6471675440338],[-73.8517272684513,40.6489204041555],[-73.8513734158439,40.6491881535236],[-73.8509069195733,40.6491764454314],[-73.8505880513454,40.6503462299952],[-73.8503784788393,40.6502827492232],[-73.8504240047743,40.6504852442037],[-73.8492586630315,40.6510397824057],[-73.8493990588223,40.6514431286401],[-73.8499239281577,40.6516662140513],[-73.8507863919281,40.6515411014616],[-73.8525108913573,40.6505596530178],[-73.8540346905864,40.6506685615256],[-73.8552522074021,40.6512786240471],[-73.8558796244527,40.6512980508888],[-73.8562463066011,40.6516055317459],[-73.8563508856899,40.6521868454805],[-73.856840052407,40.6529114939828],[-73.8577247155769,40.6527344781304],[-73.8582827214927,40.6530031217333],[-73.8587594780118,40.6541698769318],[-73.8596715779326,40.6551961461635],[-73.8536181776228,40.6597421159386],[-73.8535482982039,40.6593243577504],[-73.8543748581505,40.658613512525],[-73.8540173060739,40.6571440161527],[-73.8534923068643,40.655022340717]]]]}},{"type":"Feature","properties":{"id":"queens-auburndale","name":"Auburndale","ntaName":"Auburndale","nta":"QN1101","type":"neighborhood","price":10,"blocks":349,"boro":"queens","borough":"Queens"},"geometry":{"type":"Polygon","coordinates":[[[-73.7716394890504,40.7442052101112],[-73.7734343635833,40.7437269538616],[-73.7804098626154,40.7426380702789],[-73.7953578605587,40.7385455699025],[-73.7967263616014,40.7384249118602],[-73.7962943551389,40.7385605752077],[-73.797225113303,40.7401063037684],[-73.7972322324333,40.7417037759945],[-73.7952139599319,40.7435038385749],[-73.794617319493,40.744319800945],[-73.7944650660113,40.7449782923077],[-73.7947240317044,40.7476076008131],[-73.7972966301908,40.7494433237647],[-73.7947227950187,40.7506295909924],[-73.7945786522558,40.7535712831164],[-73.794933844624,40.7578063026686],[-73.7903165505517,40.7578317233496],[-73.7907614280041,40.7609940427896],[-73.7934412941097,40.7607724011895],[-73.7930268964022,40.764629466187],[-73.7939605289162,40.7647035939048],[-73.7931808280417,40.7704114528522],[-73.7956584046461,40.7730443627717],[-73.7936536868333,40.7733687143308],[-73.791636644204,40.7742469315176],[-73.7845947748867,40.7761495022427],[-73.7844824223478,40.7739592266142],[-73.7840103991474,40.7720122506224],[-73.7783828737053,40.7612343302143],[-73.7756464121365,40.7526372857511],[-73.7717423528565,40.7448522681316],[-73.7719274180326,40.7447990092411],[-73.7717235560279,40.7443785852762],[-73.7716394890504,40.7442052101112]]]}},{"type":"Feature","properties":{"id":"queens-bayside","name":"Bayside","ntaName":"Bayside","nta":"QN1102","type":"neighborhood","price":10,"blocks":381,"boro":"queens","borough":"Queens"},"geometry":{"type":"Polygon","coordinates":[[[-73.7676059217571,40.7783073117204],[-73.7670925106737,40.7768531184059],[-73.7651057432098,40.7738073149898],[-73.7596021538638,40.7687315326795],[-73.7589364936356,40.7683426044293],[-73.7586440161269,40.7673654457676],[-73.7578716779478,40.7669547031255],[-73.7573915795089,40.767174948598],[-73.7564122146754,40.7665224989148],[-73.7565020911766,40.7663527806263],[-73.7554744758661,40.7663738565672],[-73.7537717355037,40.765312907485],[-73.7556736399879,40.7646994244429],[-73.7591990765114,40.764335020623],[-73.7588656854791,40.7632828166844],[-73.7583643372883,40.7635056579859],[-73.7578499582889,40.7625750743596],[-73.758025149325,40.7621193000277],[-73.7584821219566,40.7620030118343],[-73.758002688268,40.7603881425352],[-73.7568219919233,40.7597430811333],[-73.7558385036374,40.757750336399],[-73.7555748068583,40.7582892258983],[-73.7551178537821,40.7584877729173],[-73.7540488187917,40.7585206606715],[-73.7532113414372,40.7582531476453],[-73.7523039632645,40.7594634742386],[-73.7511571978181,40.7590780436212],[-73.7505784756482,40.7580231698381],[-73.7500490139104,40.7584129330698],[-73.7480972463449,40.7559078235743],[-73.7471125057357,40.7541815603092],[-73.7477425326321,40.7538582186125],[-73.7468093133633,40.7520366916398],[-73.7490263965311,40.7509882884038],[-73.7523132562064,40.7504675425375],[-73.7575897313056,40.7491630248201],[-73.761403003897,40.7475755814833],[-73.7686273724904,40.7455910172486],[-73.7716394890504,40.7442052101112],[-73.7719274180326,40.7447990092411],[-73.7717423528565,40.7448522681316],[-73.7756464121365,40.7526372857511],[-73.7783828737053,40.7612343302143],[-73.7840103991474,40.7720122506224],[-73.7844824223478,40.7739592266142],[-73.7845947748867,40.7761495022427],[-73.7758409605155,40.7786206504525],[-73.7755387003592,40.7770338750172],[-73.7686140547092,40.7791034887483],[-73.7681577849296,40.7781335472788],[-73.767757292232,40.7782432327849],[-73.7676059217571,40.7783073117204]]]}},{"type":"Feature","properties":{"id":"queens-douglaston","name":"Douglaston","ntaName":"Douglaston-Little Neck","nta":"QN1103","type":"neighborhood","price":10,"blocks":302,"boro":"queens","borough":"Queens"},"geometry":{"type":"MultiPolygon","coordinates":[[[[-73.7446151279896,40.7789556546976],[-73.7442942660078,40.7787555404828],[-73.7445476662952,40.7788629295382],[-73.7448137246981,40.7785651759358],[-73.7450038552058,40.7792072533512],[-73.7446151279896,40.7789556546976]]],[[[-73.7467259402734,40.7803148048654],[-73.7455936122777,40.7795889576228],[-73.7468220248,40.7793825889411],[-73.7472461772115,40.7800846233347],[-73.7467892437704,40.7802626254879],[-73.7467259402734,40.7803148048654]]],[[[-73.7487324560325,40.7809647177255],[-73.748250480024,40.7807730575695],[-73.7480290031383,40.780491428412],[-73.7481458940868,40.7802486590288],[-73.7473592807498,40.7793915862468],[-73.7477802990859,40.7791232752249],[-73.7471669521418,40.7788646115493],[-73.746795121353,40.7790431309142],[-73.7468676263327,40.7788857826916],[-73.745642665458,40.7778371267502],[-73.7453493718552,40.7771617278198],[-73.7456890676398,40.7781612619182],[-73.7461116712811,40.7784633536635],[-73.7460113329166,40.7788848521719],[-73.7452920527779,40.7788725422515],[-73.7450781406465,40.7782573594233],[-73.7446186635015,40.7779275447145],[-73.7452412278581,40.7774107075115],[-73.7450186430005,40.7766060909306],[-73.7450764888177,40.7774603780191],[-73.7446665822214,40.7776917740901],[-73.7447190503404,40.7774953260203],[-73.7444323845855,40.7774644317885],[-73.7444172863895,40.7781315248726],[-73.7440857993166,40.7782637372177],[-73.7443358673331,40.7784396514753],[-73.7440422827347,40.7785983830376],[-73.7400811052318,40.7762170736701],[-73.7393773562446,40.7760219472308],[-73.7377042011965,40.774801863299],[-73.7215346063376,40.7648314662208],[-73.7209772430584,40.7647684364757],[-73.7133267788453,40.7597384655125],[-73.7169878427334,40.759436328564],[-73.7187587998326,40.7587972749118],[-73.7201466022744,40.7579196347003],[-73.7211355678433,40.7569526972544],[-73.7229414544888,40.7541371889137],[-73.726260745531,40.7518781010836],[-73.7273623978882,40.7508462606961],[-73.7279754225887,40.7499872372061],[-73.7290454846125,40.7472406615577],[-73.7309590404965,40.7448672761078],[-73.732326829311,40.7436536843279],[-73.73253433805,40.7437742855886],[-73.7337460759366,40.7428599045644],[-73.734874434851,40.7444695407189],[-73.735040579309,40.7461923481919],[-73.7354313662014,40.7471689417202],[-73.7370851469428,40.74814004705],[-73.7383060500407,40.7492551026574],[-73.7398551258614,40.7513068029508],[-73.7408749828419,40.7519766596011],[-73.7417255648278,40.753290360419],[-73.7412797429926,40.7545846601191],[-73.73929597898,40.755884522384],[-73.7392646207074,40.7569253239975],[-73.7397070272336,40.7566312095941],[-73.7402343817733,40.7567945933894],[-73.7412095716508,40.7562128917937],[-73.7412608208018,40.7567187716211],[-73.7425035049841,40.7585964239797],[-73.7431076244914,40.7585025394083],[-73.743467458903,40.7593465741424],[-73.744739631637,40.7607682504503],[-73.7459794730393,40.7639845610895],[-73.7493713242435,40.7629419189413],[-73.7502139015324,40.7637576577395],[-73.746876585295,40.764526905254],[-73.7494098338991,40.7675602553],[-73.7533898997909,40.7653422219511],[-73.7550734802663,40.7675413829979],[-73.754860529294,40.768412529328],[-73.7543952536378,40.7687617385175],[-73.7547152883219,40.7688034194671],[-73.7547073088922,40.769749799457],[-73.755334166305,40.7710064308823],[-73.7555363589355,40.7709938026966],[-73.7553435338741,40.77103042857],[-73.7555746978087,40.7715374029467],[-73.7543821189812,40.7720495488921],[-73.7535713807317,40.7727028932591],[-73.7533682915727,40.7732161239558],[-73.754242871112,40.775275107794],[-73.7551871256655,40.7765063493137],[-73.7548593782975,40.7769046776087],[-73.7548146007303,40.7776273104857],[-73.7555187483075,40.7777123257931],[-73.7547097443963,40.7777260898622],[-73.7543032066576,40.7784143890865],[-73.7540276120128,40.779612157391],[-73.7530094975,40.7808743536663],[-73.752999764561,40.7812977685374],[-73.7518411342552,40.7823465583048],[-73.7506222765865,40.7826114007359],[-73.7492546339249,40.7815439779305],[-73.7489577200077,40.7810748074179],[-73.7487324560325,40.7809647177255]]]]}},{"type":"Feature","properties":{"id":"queens-oakland-gardens","name":"Oakland Gardens","ntaName":"Oakland Gardens-Hollis Hills","nta":"QN1104","type":"neighborhood","price":10,"blocks":144,"boro":"queens","borough":"Queens"},"geometry":{"type":"Polygon","coordinates":[[[-73.7402921805647,40.7385249413588],[-73.7430628807514,40.7354874164545],[-73.7506742681079,40.7291912698629],[-73.7537493348199,40.7274342334536],[-73.756784096638,40.7263140526128],[-73.7584602259195,40.7275509678727],[-73.762264619742,40.7296129453157],[-73.7655522318848,40.7325525526102],[-73.7637011637931,40.7328723863138],[-73.7651115554465,40.7345660081263],[-73.7627344057244,40.7352704324727],[-73.762487463827,40.7367392520493],[-73.7655698701,40.7432664262958],[-73.7668799084322,40.7441018505931],[-73.7677641563335,40.74585180522],[-73.761403003897,40.7475755814833],[-73.7572313088263,40.7492729150293],[-73.7523132562064,40.7504675425375],[-73.7490263965311,40.7509882884038],[-73.7468093133633,40.7520366916398],[-73.7457089543244,40.7515937898661],[-73.7438234217554,40.7474364681484],[-73.7462612100073,40.7467197484318],[-73.7447772370592,40.7432893695362],[-73.7456775771972,40.7430355707039],[-73.7485600357628,40.7433487867118],[-73.7534743689985,40.7424131162279],[-73.7513910432013,40.7402024308386],[-73.7499694105572,40.7397540241103],[-73.7439633009091,40.7407973979896],[-73.7436041679054,40.7390208801835],[-73.7430695733649,40.7384490890367],[-73.7401961487301,40.7390392116614],[-73.7402921805647,40.7385249413588]]]}},{"type":"Feature","properties":{"id":"queens-alley-pond-park","name":"Alley Pond Park","ntaName":"Alley Pond Park","nta":"QN1191","type":"park","price":10,"blocks":17,"boro":"queens","borough":"Queens"},"geometry":{"type":"Polygon","coordinates":[[[-73.7337460753586,40.7428599042708],[-73.7383524106049,40.7403482098945],[-73.7402921805647,40.7385249413588],[-73.7401961487301,40.7390392116614],[-73.7430695733649,40.7384490890367],[-73.7436041679054,40.7390208801835],[-73.7439633009091,40.7407973979896],[-73.7499694105572,40.7397540241103],[-73.7513910432013,40.7402024308386],[-73.7534743689985,40.7424131162279],[-73.7485600357628,40.7433487867118],[-73.7456775771972,40.7430355707039],[-73.7447772370592,40.7432893695362],[-73.7462612100073,40.7467197484318],[-73.7438234217554,40.7474364681484],[-73.7457089543244,40.7515937898661],[-73.7465281805336,40.7518509195611],[-73.7471002213583,40.7523551023701],[-73.7477425326321,40.7538582186125],[-73.7471125057357,40.7541815603092],[-73.7480972463449,40.7559078235743],[-73.7500490139104,40.7584129330698],[-73.7505784756482,40.7580231698381],[-73.7511571978181,40.7590780436212],[-73.7523039632645,40.7594634742386],[-73.7532113414372,40.7582531476453],[-73.7540488187917,40.7585206606715],[-73.7551178537821,40.7584877729173],[-73.7555748068583,40.7582892258983],[-73.7558385036374,40.757750336399],[-73.7568219919233,40.7597430811333],[-73.758002688268,40.7603881425352],[-73.7584821219566,40.7620030118343],[-73.758025149325,40.7621193000277],[-73.7578499582889,40.7625750743596],[-73.7583643372883,40.7635056579859],[-73.7588656854791,40.7632828166844],[-73.7591990765114,40.764335020623],[-73.7556736399879,40.7646994244429],[-73.7537717355037,40.765312907485],[-73.7538057853091,40.7650765032965],[-73.7534113179722,40.7647009350486],[-73.7521939856309,40.7638386937806],[-73.7510756923084,40.7617719462356],[-73.7486136196687,40.7609360778972],[-73.7475365032839,40.7598654708362],[-73.746561186867,40.7593474227723],[-73.7462904129976,40.7590675198559],[-73.7464261976363,40.758217940147],[-73.7462627311365,40.7577828157341],[-73.7457771900545,40.7578569109485],[-73.7446373579975,40.7568994500355],[-73.7445600076883,40.7565661599383],[-73.7448675509046,40.7572125791007],[-73.7457612173874,40.7579217919409],[-73.746048049679,40.7578182171687],[-73.7463133350857,40.7580630888635],[-73.7460635167561,40.7587697749331],[-73.7463602984127,40.7592991472799],[-73.7474956100623,40.7599849615258],[-73.7488739186888,40.761676328087],[-73.7492233909435,40.761588021508],[-73.749175313774,40.7613860197178],[-73.7505718632834,40.7619237497682],[-73.7514218578499,40.7627699694497],[-73.7516966046525,40.7636601026165],[-73.7533899001433,40.7653422216044],[-73.749409834006,40.767560255703],[-73.7468765853866,40.7645269055074],[-73.7502139018368,40.7637576579757],[-73.7493713245937,40.7629419190422],[-73.7459794730307,40.7639845614135],[-73.7447396317953,40.7607682504717],[-73.7434674592478,40.7593465741213],[-73.7431076244581,40.7585025398302],[-73.7425035052068,40.7585964241199],[-73.7412608207357,40.7567187719393],[-73.7412095720835,40.7562128918371],[-73.7402343812899,40.7567945931985],[-73.7397070272694,40.7566312094933],[-73.7392646205218,40.7569253237293],[-73.7392959793844,40.7558845226903],[-73.7412797433734,40.7545846602601],[-73.7417255654026,40.7532903603015],[-73.7408749823285,40.7519766593582],[-73.7398551253202,40.7513068031882],[-73.7383060502267,40.7492551024597],[-73.7370851472102,40.7481400472433],[-73.735431366414,40.7471689417042],[-73.7350405792502,40.7461923485024],[-73.7348744342696,40.744469540353],[-73.7338032161667,40.7429482316545],[-73.7337460753586,40.7428599042708]]]}},{"type":"Feature","properties":{"id":"queens-jamaica","name":"Jamaica","ntaName":"Jamaica","nta":"QN1201","type":"neighborhood","price":10,"blocks":269,"boro":"queens","borough":"Queens"},"geometry":{"type":"Polygon","coordinates":[[[-73.7684468360681,40.7096452912326],[-73.7743098097931,40.7074019318887],[-73.7750529545005,40.7069322988735],[-73.7754939562958,40.7062629355159],[-73.7755935606314,40.7053375717025],[-73.775075995725,40.7052482467817],[-73.7723090582444,40.7005797704862],[-73.773957967396,40.6998140435433],[-73.7803462861999,40.705420679539],[-73.7827991305749,40.7053694004425],[-73.7896652934263,40.7030477505645],[-73.7911570750039,40.7023023376443],[-73.7923930817118,40.7021747914288],[-73.7918705432571,40.7013743988244],[-73.79260644593,40.700440361905],[-73.7935784663699,40.699764732958],[-73.797863314753,40.6980016650447],[-73.8064261764334,40.6908821174858],[-73.8089035518471,40.6925726082721],[-73.8107272590359,40.6919306814316],[-73.8141679601144,40.6978881243419],[-73.8164766991168,40.7024586884136],[-73.8135660908112,40.7025367591111],[-73.811529953237,40.7022811360105],[-73.8120138702627,40.705953206642],[-73.8069499470566,40.7073753627039],[-73.8080476923343,40.7093650902768],[-73.8054837966693,40.710097118815],[-73.8050138589125,40.7094815979583],[-73.8036696840326,40.708754309575],[-73.8030255299586,40.7081479196726],[-73.8019343528091,40.7089198586204],[-73.8014155451962,40.7096951359611],[-73.7987028881089,40.7106716403378],[-73.7977694822677,40.7091514518024],[-73.7947319026552,40.7100207251986],[-73.7892905168604,40.7120413875093],[-73.7878481620462,40.7118190974952],[-73.7865766644465,40.7119807571801],[-73.77712484368,40.7142702587637],[-73.7753755861228,40.711685770497],[-73.7745018764693,40.7119540452754],[-73.7731450961897,40.7099294563366],[-73.7717258194391,40.7103250829489],[-73.7686593196784,40.7097460097097],[-73.7684468360681,40.7096452912326]]]}},{"type":"Feature","properties":{"id":"queens-south-jamaica","name":"South Jamaica","ntaName":"South Jamaica","nta":"QN1202","type":"neighborhood","price":10,"blocks":247,"boro":"queens","borough":"Queens"},"geometry":{"type":"Polygon","coordinates":[[[-73.773957967396,40.6998140435433],[-73.7827721731429,40.6960034025237],[-73.7778947462423,40.6899259499073],[-73.7797743237896,40.6892894296724],[-73.7807829293805,40.6910382029431],[-73.7858051839022,40.6890044798498],[-73.7903860602392,40.687761872817],[-73.7939097951015,40.6863129495054],[-73.7956162468767,40.6886651502762],[-73.7999518085032,40.6868359784593],[-73.7989834712632,40.684866996478],[-73.8058580677559,40.6829155754191],[-73.8107272590359,40.6919306814316],[-73.8089035518471,40.6925726082721],[-73.8064261764334,40.6908821174858],[-73.797863314753,40.6980016650447],[-73.7935784663699,40.699764732958],[-73.79260644593,40.700440361905],[-73.7918705432571,40.7013743988244],[-73.7923930817118,40.7021747914288],[-73.7911570750039,40.7023023376443],[-73.7896652934263,40.7030477505645],[-73.7825672014522,40.7054331266244],[-73.7803462861999,40.705420679539],[-73.7744136740679,40.7002891393673],[-73.773957967396,40.6998140435433]]]}},{"type":"Feature","properties":{"id":"queens-baisley-park","name":"Baisley Park","ntaName":"Baisley Park","nta":"QN1203","type":"neighborhood","price":10,"blocks":263,"boro":"queens","borough":"Queens"},"geometry":{"type":"Polygon","coordinates":[[[-73.7778947462423,40.6899259499073],[-73.7766204918756,40.6883719831645],[-73.7757061721072,40.687620641562],[-73.7724015293144,40.6852878751266],[-73.7697422836885,40.6837945353138],[-73.7701446178468,40.6831193558636],[-73.7723234838158,40.6814992266795],[-73.7772306088492,40.6796609798365],[-73.780259967386,40.6778491818119],[-73.783975214997,40.675125865961],[-73.785748375801,40.6723876857549],[-73.7865766537648,40.6727749667727],[-73.7880878485666,40.6730178827021],[-73.7894113699322,40.666849413633],[-73.793068320366,40.6670755491851],[-73.79711206759,40.6669579239189],[-73.7991978739234,40.6665257813789],[-73.8016361196065,40.6667658088651],[-73.8012454211066,40.6698512639303],[-73.8014914136669,40.6735531033055],[-73.8058580677559,40.6829155754191],[-73.7989834712632,40.684866996478],[-73.7999518085032,40.6868359784593],[-73.7956162468767,40.6886651502762],[-73.7939097951015,40.6863129495054],[-73.7903860602392,40.687761872817],[-73.7858051839022,40.6890044798498],[-73.7807829293805,40.6910382029431],[-73.7797743237896,40.6892894296724],[-73.777961925018,40.6899030700703],[-73.7778947462423,40.6899259499073]]]}},{"type":"Feature","properties":{"id":"queens-springfield-gardens-north","name":"Springfield Gardens (North)","ntaName":"Springfield Gardens (North)-Rochdale Village","nta":"QN1204","type":"neighborhood","price":10,"blocks":169,"boro":"queens","borough":"Queens"},"geometry":{"type":"Polygon","coordinates":[[[-73.7603160060129,40.6751182294597],[-73.7584989811159,40.6726567021518],[-73.7563637580553,40.6724374943006],[-73.7564387082368,40.6696746353872],[-73.7569966981151,40.6677495248102],[-73.757632661469,40.6664594125788],[-73.7734259981308,40.6680358758271],[-73.7894113699322,40.666849413633],[-73.7880878485666,40.6730178827021],[-73.7865766537648,40.6727749667727],[-73.785748375801,40.6723876857549],[-73.783975214997,40.675125865961],[-73.7809526358331,40.6773617648249],[-73.7772306088492,40.6796609798365],[-73.7723234838158,40.6814992266795],[-73.7701446178468,40.6831193558636],[-73.7697422836885,40.6837945353138],[-73.7616148697737,40.6797362005967],[-73.7619190116659,40.6788900902102],[-73.763250576084,40.6767980615615],[-73.7636781435032,40.6747537836202],[-73.7624873718268,40.6742032390906],[-73.7611504799167,40.6747718787924],[-73.7603160060129,40.6751182294597]]]}},{"type":"Feature","properties":{"id":"queens-st.-albans","name":"St. Albans","ntaName":"St. Albans","nta":"QN1205","type":"neighborhood","price":10,"blocks":460,"boro":"queens","borough":"Queens"},"geometry":{"type":"Polygon","coordinates":[[[-73.7504719471664,40.7056481949486],[-73.7461829424581,40.6961301881765],[-73.7450761635012,40.6963992116969],[-73.7435942227882,40.6962235876116],[-73.7446809183512,40.6934205261906],[-73.7485047745168,40.6877900966058],[-73.7500184070795,40.6858995790609],[-73.7510315706815,40.6842311270591],[-73.7522596508798,40.6814996705847],[-73.7548504617883,40.6779370967097],[-73.7557630575276,40.67589416731],[-73.7564902234121,40.6760310199787],[-73.7569201828525,40.6765371288505],[-73.7624873718268,40.6742032390906],[-73.7636781435032,40.6747537836202],[-73.763250576084,40.6767980615615],[-73.7619190116659,40.6788900902102],[-73.7616148697737,40.6797362005967],[-73.7697422836885,40.6837945353138],[-73.7724015293144,40.6852878751266],[-73.7757061721072,40.687620641562],[-73.7772592142014,40.6890801804023],[-73.7827721731429,40.6960034025237],[-73.7723090582444,40.7005797704862],[-73.775075995725,40.7052482467817],[-73.7755935606314,40.7053375717025],[-73.7754939562958,40.7062629355159],[-73.7750529545005,40.7069322988735],[-73.7743098097931,40.7074019318887],[-73.7684468360681,40.7096452912326],[-73.7673456898056,40.7066446100193],[-73.7623013322351,40.7079576822148],[-73.7617615388267,40.7066140702335],[-73.761968657354,40.7066144367274],[-73.7621317834106,40.7055093559074],[-73.7609568340426,40.7029178409519],[-73.7505228554633,40.7056348866506],[-73.7504719471664,40.7056481949486]]]}},{"type":"Feature","properties":{"id":"queens-hollis","name":"Hollis","ntaName":"Hollis","nta":"QN1206","type":"neighborhood","price":10,"blocks":153,"boro":"queens","borough":"Queens"},"geometry":{"type":"Polygon","coordinates":[[[-73.7504719471664,40.7056481949486],[-73.7609568340426,40.7029178409519],[-73.7621317834106,40.7055093559074],[-73.761968657354,40.7066144367274],[-73.7617615388267,40.7066140702335],[-73.7623013322351,40.7079576822148],[-73.7673456898056,40.7066446100193],[-73.7682610620168,40.7095346324383],[-73.7688135448701,40.7098163886518],[-73.7717258194391,40.7103250829489],[-73.7731450961897,40.7099294563366],[-73.7745018764693,40.7119540452754],[-73.7753755861228,40.711685770497],[-73.77712484368,40.7142702587637],[-73.7735727258765,40.7151283603416],[-73.7673336531918,40.7172980624259],[-73.7644708880764,40.7188986589065],[-73.7594427994303,40.7210717103828],[-73.7537097132846,40.7133329025517],[-73.7507757247348,40.7063301009402],[-73.7504719471664,40.7056481949486]]]}},{"type":"Feature","properties":{"id":"queens-glen-oaks","name":"Glen Oaks","ntaName":"Glen Oaks-Floral Park-New Hyde Park","nta":"QN1301","type":"neighborhood","price":10,"blocks":205,"boro":"queens","borough":"Queens"},"geometry":{"type":"Polygon","coordinates":[[[-73.7133267783432,40.759738465382],[-73.7016348109712,40.7525016044888],[-73.7000104146106,40.7393316854335],[-73.7014720819212,40.7375198328293],[-73.7076635255649,40.7278392042603],[-73.7105013074398,40.7272353569484],[-73.7107535266206,40.7305336452323],[-73.7114794025492,40.7325096719104],[-73.7154508244796,40.7392250762887],[-73.7201023734851,40.749783602929],[-73.7225870783072,40.7488587250669],[-73.7233973224014,40.7503973495561],[-73.7262734933107,40.7493147640802],[-73.7276816870717,40.7496475189126],[-73.7282919205798,40.7474669378826],[-73.7286507733706,40.7480761532656],[-73.7281233804467,40.7496702453262],[-73.7273623980431,40.7508462605348],[-73.7262607456515,40.7518781010214],[-73.7229414541955,40.754137189205],[-73.7211355681895,40.7569526974718],[-73.7201466018584,40.7579196351106],[-73.7176442570167,40.7592514068673],[-73.7161229917621,40.7595884219106],[-73.7138112217488,40.7597440466752],[-73.7133267783432,40.759738465382]]]}},{"type":"Feature","properties":{"id":"queens-bellerose","name":"Bellerose","ntaName":"Bellerose","nta":"QN1302","type":"neighborhood","price":10,"blocks":218,"boro":"queens","borough":"Queens"},"geometry":{"type":"Polygon","coordinates":[[[-73.7105013074398,40.7272353569484],[-73.7169342366218,40.7263946847032],[-73.7256733280867,40.7240459273766],[-73.7281636986639,40.7230924088984],[-73.7283655129293,40.7236226205887],[-73.7299091705924,40.7232812809501],[-73.7314735119834,40.7274200641187],[-73.7455572795831,40.7306457429724],[-73.7464929881952,40.7314228586586],[-73.7467388684059,40.7325914900566],[-73.7430628807514,40.7354874164545],[-73.7390083255562,40.7398642513392],[-73.7343213858548,40.7425002091153],[-73.7325343382771,40.7437742857642],[-73.7323268295367,40.7436536846006],[-73.7309590402876,40.7448672765203],[-73.7292207700336,40.7469617888333],[-73.7286507733706,40.7480761532656],[-73.7282919205798,40.7474669378826],[-73.7276816870717,40.7496475189126],[-73.7262734933107,40.7493147640802],[-73.7233973224014,40.7503973495561],[-73.7225870783072,40.7488587250669],[-73.7201023734851,40.749783602929],[-73.7154508244796,40.7392250762887],[-73.7114794025492,40.7325096719104],[-73.7107535266206,40.7305336452323],[-73.7105048722134,40.7272866596743],[-73.7105013074398,40.7272353569484]]]}},{"type":"Feature","properties":{"id":"queens-queens-village","name":"Queens Village","ntaName":"Queens Village","nta":"QN1303","type":"neighborhood","price":10,"blocks":436,"boro":"queens","borough":"Queens"},"geometry":{"type":"Polygon","coordinates":[[[-73.7281636986639,40.7230924088984],[-73.7303276497729,40.7221655646384],[-73.7291776553591,40.7191754818702],[-73.726972825501,40.7107227697569],[-73.7267789531454,40.7030675566336],[-73.7342659138177,40.7032278073837],[-73.7343053967861,40.7024863960522],[-73.7407781208943,40.7026881015334],[-73.7405047268765,40.7034418212789],[-73.7414894147658,40.7034398764299],[-73.7459100738704,40.7022955370783],[-73.7450025540907,40.7002704760983],[-73.7477314854722,40.6995613996475],[-73.7537097132846,40.7133329025517],[-73.7594427994303,40.7210717103828],[-73.7549705627398,40.7241679146999],[-73.7554821052153,40.7251280748254],[-73.7568814817808,40.7262868730845],[-73.7545502865294,40.7270850415086],[-73.7518868224863,40.7284258678912],[-73.7496224322565,40.7300135958178],[-73.7467388684059,40.7325914900566],[-73.7464929881952,40.7314228586586],[-73.7455572795831,40.7306457429724],[-73.7314735119834,40.7274200641187],[-73.7299091705924,40.7232812809501],[-73.7283655129293,40.7236226205887],[-73.728187108752,40.7231539064105],[-73.7281636986639,40.7230924088984]]]}},{"type":"Feature","properties":{"id":"queens-cambria-heights","name":"Cambria Heights","ntaName":"Cambria Heights","nta":"QN1304","type":"neighborhood","price":10,"blocks":185,"boro":"queens","borough":"Queens"},"geometry":{"type":"Polygon","coordinates":[[[-73.7362507723573,40.7025452425633],[-73.7343053967861,40.7024863960522],[-73.7342659138177,40.7032278073837],[-73.7267789531454,40.7030675566336],[-73.7258639981549,40.6832493413188],[-73.7374429979645,40.6867090285384],[-73.7376013008522,40.686370272778],[-73.7474692521239,40.6893304420523],[-73.7446809183512,40.6934205261906],[-73.7435942227882,40.6962235876116],[-73.7450761635012,40.6963992116969],[-73.7461829424581,40.6961301881765],[-73.7477314854722,40.6995613996475],[-73.7450025540907,40.7002704760983],[-73.7459100738704,40.7022955370783],[-73.7410943019688,40.7034893264968],[-73.7405047268765,40.7034418212789],[-73.7407781208943,40.7026881015334],[-73.7381971613501,40.7026035996326],[-73.7362507723573,40.7025452425633]]]}},{"type":"Feature","properties":{"id":"queens-laurelton","name":"Laurelton","ntaName":"Laurelton","nta":"QN1305","type":"neighborhood","price":10,"blocks":243,"boro":"queens","borough":"Queens"},"geometry":{"type":"Polygon","coordinates":[[[-73.7339616124366,40.6856468230848],[-73.7271840810556,40.6836055904123],[-73.7285179250283,40.6812187324401],[-73.7295069150406,40.6800639852625],[-73.730474370184,40.6793561967098],[-73.7310627815491,40.6783148799422],[-73.7330335914589,40.6765032849367],[-73.7351269524736,40.6739466788087],[-73.7359230753102,40.6726594415348],[-73.7355243240557,40.6725653300906],[-73.7367786382053,40.6707733820817],[-73.7371856028916,40.6709180708041],[-73.7379894194612,40.6697978942425],[-73.7411795329975,40.666411210906],[-73.757632661469,40.6664594125788],[-73.7569966981151,40.6677495248102],[-73.7564387082368,40.6696746353872],[-73.7563637580553,40.6724374943006],[-73.7584989811159,40.6726567021518],[-73.7603160060129,40.6751182294597],[-73.7569201828525,40.6765371288505],[-73.7564902234121,40.6760310199787],[-73.7557630575276,40.67589416731],[-73.7548504617883,40.6779370967097],[-73.7522596508798,40.6814996705847],[-73.7510315706815,40.6842311270591],[-73.7500184070795,40.6858995790609],[-73.7409542750487,40.6832994760671],[-73.7404652411601,40.6842020987667],[-73.7395037353321,40.6839049430481],[-73.7396485877569,40.6836067118883],[-73.7358128511453,40.6824607060677],[-73.7342387075537,40.6853510403787],[-73.7339556014114,40.6852706096928],[-73.7345283188995,40.6857822651077],[-73.7339762828122,40.6856137192225],[-73.7339616124366,40.6856468230848]]]}},{"type":"Feature","properties":{"id":"queens-springfield-gardens-south","name":"Springfield Gardens (South)","ntaName":"Springfield Gardens (South)-Brookville","nta":"QN1306","type":"neighborhood","price":10,"blocks":254,"boro":"queens","borough":"Queens"},"geometry":{"type":"Polygon","coordinates":[[[-73.757632661469,40.6664594125788],[-73.7384930651849,40.6664236627609],[-73.7400188807979,40.6647562100745],[-73.7424441577817,40.6608767841516],[-73.7449574617168,40.6581780759951],[-73.7450751888054,40.6575689826268],[-73.7448755631795,40.6561528125614],[-73.7432885005737,40.6561429865284],[-73.7433268287149,40.6525460587465],[-73.746551332912,40.6525720090644],[-73.7464352058078,40.6514980370546],[-73.745874645223,40.6504445057139],[-73.7461549399254,40.650479766174],[-73.7464419792242,40.6480618061043],[-73.746083024338,40.6455786459305],[-73.7461664905064,40.6448705321497],[-73.7471180233861,40.6443800977886],[-73.7485731496591,40.6455585370883],[-73.7697628214102,40.6574904899828],[-73.7738310175286,40.6596594128473],[-73.7769059012503,40.6606804111011],[-73.7793307033681,40.6618477751598],[-73.7791951476669,40.6616986141198],[-73.7834174808099,40.6630907309011],[-73.7875131542043,40.6638334985611],[-73.7964163041406,40.6650291848631],[-73.8021500445045,40.6652582081569],[-73.8016361196065,40.6667658088651],[-73.7991978739234,40.6665257813789],[-73.79711206759,40.6669579239189],[-73.793068320366,40.6670755491851],[-73.7894113699322,40.666849413633],[-73.7734259981308,40.6680358758271],[-73.7577292585834,40.6664692425789],[-73.757632661469,40.6664594125788]]]}},{"type":"Feature","properties":{"id":"queens-rosedale","name":"Rosedale","ntaName":"Rosedale","nta":"QN1307","type":"neighborhood","price":10,"blocks":279,"boro":"queens","borough":"Queens"},"geometry":{"type":"Polygon","coordinates":[[[-73.7258639981549,40.6832493413188],[-73.7256314078975,40.6795962104446],[-73.7262957279483,40.6770663719455],[-73.7275575198957,40.6741698467207],[-73.728242668296,40.6680323553042],[-73.7282740793086,40.6664378490709],[-73.7281148699472,40.6653535717176],[-73.7278592287379,40.6650762269182],[-73.7278188652519,40.6631250403351],[-73.7283320748947,40.6630522000503],[-73.7279325998227,40.6617570916854],[-73.7264457418212,40.659169871045],[-73.7255690530185,40.6567333977532],[-73.7255039459442,40.6555247705115],[-73.7249860627682,40.6542616896119],[-73.7252274351111,40.6520092544033],[-73.730515928205,40.650318565746],[-73.7351363713615,40.6497402944353],[-73.739046179556,40.648209433375],[-73.7414384194632,40.6468974310116],[-73.7416627721168,40.6422063139431],[-73.7420522085507,40.6414824561306],[-73.7414241516936,40.6405116421887],[-73.742275231273,40.6401316327832],[-73.7412603599491,40.638905751065],[-73.7394725741183,40.6357146828925],[-73.7399609336751,40.6351520613141],[-73.7400052628004,40.6353171152582],[-73.7417717423224,40.6348892824383],[-73.7424747997023,40.63512538618],[-73.7424220126072,40.6357578170631],[-73.7412509509782,40.6369479520153],[-73.7411193008893,40.6374764006456],[-73.7409662359496,40.6373130258546],[-73.741305084141,40.637907063848],[-73.7418917624893,40.6381304639908],[-73.7427310227407,40.6382784074374],[-73.7439726450458,40.6378882634483],[-73.7435236223798,40.6388977379248],[-73.7437355751201,40.6390303692327],[-73.7447969417845,40.6370832797228],[-73.7447141154038,40.6373152975893],[-73.746464991077,40.6365033487088],[-73.7467983830697,40.6368100147847],[-73.7465912302485,40.6371215145152],[-73.7451602282245,40.6380856635857],[-73.745297754633,40.6383383904167],[-73.7456745206858,40.6381329082505],[-73.7455119430979,40.637952131826],[-73.7470397274504,40.6369343093743],[-73.7461721549623,40.6404060371541],[-73.7463547483377,40.6406801620391],[-73.7463160388438,40.6414025646226],[-73.7467514959364,40.642311012491],[-73.7479025868647,40.6438623424506],[-73.7487525737428,40.6444793558142],[-73.7487823953791,40.6451271330869],[-73.7494591872633,40.6449418164686],[-73.752050387956,40.6466601897556],[-73.7515752036713,40.6472675541187],[-73.7483196874242,40.6454073082104],[-73.7471180233861,40.6443800977886],[-73.7461664905064,40.6448705321497],[-73.746083024338,40.6455786459305],[-73.7464419792242,40.6480618061043],[-73.7461549399254,40.650479766174],[-73.745874645223,40.6504445057139],[-73.7464352058078,40.6514980370546],[-73.746551332912,40.6525720090644],[-73.7433268287149,40.6525460587465],[-73.7432885005737,40.6561429865284],[-73.7448755631795,40.6561528125614],[-73.7450121633178,40.6580299087824],[-73.7424441577817,40.6608767841516],[-73.7400188807979,40.6647562100745],[-73.7384930651849,40.6664236627609],[-73.7411795329975,40.666411210906],[-73.7379894194612,40.6697978942425],[-73.7371856028916,40.6709180708041],[-73.7367786382053,40.6707733820817],[-73.7355243240557,40.6725653300906],[-73.7359230753102,40.6726594415348],[-73.7351269524736,40.6739466788087],[-73.7330335914589,40.6765032849367],[-73.7310627815491,40.6783148799422],[-73.730474370184,40.6793561967098],[-73.7295069150406,40.6800639852625],[-73.7285179250283,40.6812187324401],[-73.7271840810556,40.6836055904123],[-73.7265844210942,40.6834230908329],[-73.7258639981549,40.6832493413188]]]}},{"type":"Feature","properties":{"id":"queens-montefiore-cemetery","name":"Montefiore Cemetery","ntaName":"Montefiore Cemetery","nta":"QN1371","type":"neighborhood","price":10,"blocks":1,"boro":"queens","borough":"Queens"},"geometry":{"type":"Polygon","coordinates":[[[-73.7412538929665,40.687466099723],[-73.7376013008522,40.686370272778],[-73.7374429979645,40.6867090285384],[-73.7339616124352,40.6856468234198],[-73.7345283188995,40.6857822651077],[-73.7339556014114,40.6852706096928],[-73.7342387075537,40.6853510403787],[-73.7358128511453,40.6824607060677],[-73.7396485877569,40.6836067118883],[-73.7395037353321,40.6839049430481],[-73.7404652411601,40.6842020987667],[-73.7409542750487,40.6832994760671],[-73.7500184070795,40.6858995790609],[-73.7474692521239,40.6893304420523],[-73.7412538929665,40.687466099723]]]}},{"type":"Feature","properties":{"id":"queens-far-rockaway","name":"Far Rockaway","ntaName":"Far Rockaway-Bayswater","nta":"QN1401","type":"neighborhood","price":10,"blocks":300,"boro":"queens","borough":"Queens"},"geometry":{"type":"Polygon","coordinates":[[[-73.769646055224,40.5907769534196],[-73.7702327795196,40.5939831453944],[-73.7713642005621,40.593441724702],[-73.7727020498226,40.5931315467226],[-73.7728096355689,40.5940821572477],[-73.7736759853729,40.5939013567811],[-73.7738838878219,40.5957776494627],[-73.770662937896,40.5960102405544],[-73.771098028341,40.5983093858604],[-73.7703741367779,40.5980983348264],[-73.7694597311486,40.5982643805152],[-73.7681563228023,40.5978281281509],[-73.767938056012,40.5981309932576],[-73.7703377137124,40.5989924656027],[-73.7709016360811,40.5988512180067],[-73.7711594392139,40.5994014847295],[-73.7708405418233,40.6018191589061],[-73.7706189546183,40.601876973308],[-73.7701872491243,40.6027570663421],[-73.7704217346075,40.6029502264657],[-73.7701625879597,40.6030947671178],[-73.7705715027451,40.6048278388533],[-73.770005448333,40.6053630346237],[-73.7698376043147,40.6062765312562],[-73.7700197704965,40.6072056830577],[-73.7698281188148,40.6078503037648],[-73.7692316069448,40.6084414898887],[-73.7689384868498,40.6092035280241],[-73.7691526508782,40.609682990358],[-73.7697688222109,40.6100724331421],[-73.7712925847294,40.6104257704501],[-73.77184799019,40.6108324887574],[-73.7722157481063,40.6115059092516],[-73.7734052587016,40.6110986933253],[-73.772970326379,40.6101652164939],[-73.7737690455694,40.6112644670417],[-73.7739396456834,40.6121283964839],[-73.7741731698673,40.6118369594368],[-73.7734039933691,40.6136774418031],[-73.7729414102274,40.6135704791288],[-73.7716882969321,40.6139756074865],[-73.7693322180916,40.6139827703305],[-73.7669163334333,40.6142992519021],[-73.7653021633308,40.6138310764527],[-73.7650186105965,40.61349960101],[-73.7650609820875,40.6120434756317],[-73.7623008052775,40.6113674505273],[-73.7617255021033,40.6118554883601],[-73.7602377212483,40.6108291098998],[-73.7617837936784,40.6091599151247],[-73.7615518830516,40.6090396103528],[-73.7599858333516,40.6108876223139],[-73.7594925617735,40.6108240408852],[-73.7597071507873,40.6101572902269],[-73.7591980926615,40.6103786310084],[-73.7565618964944,40.6101476695701],[-73.7558722744482,40.6103150421463],[-73.755608209413,40.6100856101906],[-73.7558754913769,40.6103934300697],[-73.7555650529817,40.6101266729195],[-73.7549874176884,40.6101431503658],[-73.7547335567373,40.610413486735],[-73.7534597227985,40.6105281080325],[-73.7500890703656,40.6116487992875],[-73.748217217847,40.6120193231875],[-73.7479944321393,40.6123184036324],[-73.747615547679,40.6120062565002],[-73.7472170377779,40.612187085322],[-73.7468567483605,40.6115823461205],[-73.7457628595783,40.6119999009295],[-73.7431103024248,40.6077242419354],[-73.7433986733071,40.6074804159406],[-73.7402927466831,40.6046064761946],[-73.7392087532516,40.6040483876421],[-73.7384053007654,40.603129379473],[-73.7382273334154,40.6025742723029],[-73.738357531587,40.5976087214105],[-73.7387210367277,40.5969570607946],[-73.7385860233119,40.5972614376458],[-73.7387869497511,40.5969840520185],[-73.7393917851943,40.5972478942996],[-73.739928828438,40.5970631927927],[-73.7401209827949,40.5967460310845],[-73.7398001135113,40.5964368466151],[-73.7400984989844,40.596216890064],[-73.7403928948002,40.59619043843],[-73.740361483969,40.5967832389173],[-73.7406451990289,40.5970094415661],[-73.7415730811465,40.5969125365788],[-73.7418320862324,40.5966988854911],[-73.7405188636617,40.596578896668],[-73.7405483701205,40.5961279284572],[-73.7399292861448,40.5960698300625],[-73.7395804061768,40.5963845806719],[-73.7394650592254,40.596886663018],[-73.7394979649524,40.5970286137118],[-73.7398844157364,40.5967792170784],[-73.7397485964922,40.5965508481878],[-73.7397976965929,40.5968909180406],[-73.7393994644326,40.5970545686176],[-73.7389298632842,40.596883732913],[-73.7394409267762,40.5969056452365],[-73.7389482629653,40.5967714088455],[-73.7383849592156,40.5971256515726],[-73.7384136661426,40.5959317477212],[-73.7379911733942,40.5945642857635],[-73.7384887954494,40.5943605059535],[-73.7390033236952,40.5945944742328],[-73.7395889890679,40.5944347670452],[-73.7406296770805,40.5947298947334],[-73.7409030624767,40.5944964911565],[-73.7413195629177,40.5948008353325],[-73.7416990197798,40.5946499864614],[-73.7422273879327,40.5949141257665],[-73.7423887828499,40.5947374989647],[-73.7433508733454,40.5948033911604],[-73.7434857801666,40.5945987593273],[-73.7446263556475,40.5946700171091],[-73.7466564729895,40.5943039375736],[-73.7491266066461,40.5932246091414],[-73.7516950547383,40.5913204922306],[-73.753449162099,40.5909723711912],[-73.7559559973507,40.5908824387209],[-73.7578932603861,40.5913652294793],[-73.761344479676,40.5917348755079],[-73.7679710950239,40.5907377231909],[-73.7693613440464,40.5908119737071],[-73.769646055224,40.5907769534196]]]}},{"type":"Feature","properties":{"id":"queens-rockaway-beach","name":"Rockaway Beach","ntaName":"Rockaway Beach-Arverne-Edgemere","nta":"QN1402","type":"neighborhood","price":10,"blocks":203,"boro":"queens","borough":"Queens"},"geometry":{"type":"Polygon","coordinates":[[[-73.7863161054476,40.6031307539028],[-73.7861699208952,40.6030556925263],[-73.7864683036078,40.6027312838827],[-73.7871797087651,40.602314295209],[-73.7880729226845,40.6008627110169],[-73.7903008002938,40.5992733600808],[-73.7912420831065,40.5967955911538],[-73.7909327954912,40.595969424572],[-73.7910193271988,40.5954558799584],[-73.7906521730075,40.5947909426938],[-73.7904218543083,40.5947609361153],[-73.7908076337863,40.5961016370657],[-73.790595802095,40.5961166259299],[-73.7903803354936,40.5947602066062],[-73.7901509837387,40.5948278191117],[-73.7904261874929,40.5960621726445],[-73.7901796724652,40.5960795613225],[-73.790132566658,40.5948311156218],[-73.7898678776424,40.5947237845731],[-73.7896749018601,40.5948517654293],[-73.7900004662966,40.5962171845652],[-73.789700095464,40.5962362811421],[-73.7898424746352,40.5962151883494],[-73.7896752690305,40.5948687166927],[-73.7891739317546,40.5952005584062],[-73.7891639902133,40.5960855405481],[-73.7882395594963,40.5961180778861],[-73.7883744251353,40.5975138794759],[-73.7820928646655,40.5978642605233],[-73.7819537753683,40.5964647331857],[-73.779802712133,40.5966192114897],[-73.7796720717209,40.5973804085872],[-73.7774231155974,40.5988206465408],[-73.777199873694,40.5995852022098],[-73.7760030055886,40.6014025672161],[-73.7749734400983,40.6017527297705],[-73.7747312971773,40.6007234997831],[-73.7741169054041,40.5998751795048],[-73.7742247517876,40.599013460657],[-73.7737456955694,40.5986783965182],[-73.7737162281403,40.5982430784616],[-73.7730023791913,40.5978878361212],[-73.7717160051373,40.5979818351729],[-73.7710980285961,40.5983093860656],[-73.7706629382084,40.5960102408423],[-73.7738838878286,40.5957776492957],[-73.7736759851184,40.5939013572149],[-73.772809636073,40.5940821572749],[-73.7727020499939,40.5931315464504],[-73.7713329836226,40.5934527414107],[-73.7702327798521,40.5939831449882],[-73.7696460561151,40.5907769533864],[-73.7759317957133,40.5901896480374],[-73.7758382530113,40.5903328392764],[-73.7791863218715,40.5896013487898],[-73.7804317294696,40.5896048609701],[-73.7845344803857,40.5884862952716],[-73.7876850775213,40.5879311772226],[-73.7887854397401,40.5874585279298],[-73.7894160790617,40.5876363866757],[-73.7920089970127,40.5872257039955],[-73.8018304484719,40.5853600654907],[-73.8032590879595,40.5849014503976],[-73.8037225699019,40.5850261761721],[-73.8058442500839,40.5844657545304],[-73.8067933109193,40.584428137336],[-73.8079932051507,40.5840126478019],[-73.8135258660961,40.5834813871468],[-73.8213430308774,40.5812703640712],[-73.8240444883574,40.5856380951084],[-73.8246576161118,40.5854608796407],[-73.8249024017572,40.5859620990908],[-73.8252502094754,40.5869091078137],[-73.8248147221932,40.5871595597783],[-73.8229382691049,40.5874998881787],[-73.8214611014279,40.5867781627535],[-73.8174172423273,40.5889252526472],[-73.8176393854942,40.5892940382477],[-73.8167433557444,40.5893274090238],[-73.815249703867,40.5899972944871],[-73.8147020538727,40.5906188287388],[-73.8136335936047,40.5908018714901],[-73.8132580948792,40.5910545418111],[-73.8135899459003,40.5917059253404],[-73.8132361242466,40.5910789796794],[-73.8131312958209,40.5912548655446],[-73.8121449789971,40.5913669405555],[-73.8115144097097,40.591791729448],[-73.8114956149404,40.5929095655767],[-73.8113360152732,40.591752862694],[-73.8110090442799,40.59177653692],[-73.8108192974414,40.5920985082706],[-73.8109515681727,40.5925112988811],[-73.8113873107164,40.5924505576777],[-73.8114088915833,40.5928794961293],[-73.8110742493598,40.5930305705603],[-73.811374691374,40.5927112939369],[-73.8107511279786,40.5928003536214],[-73.8113748512868,40.5926927388782],[-73.8113596721454,40.5924708236552],[-73.8109410379926,40.592555087605],[-73.8108067574068,40.5921003355029],[-73.8099006764997,40.5922791937287],[-73.8100405848349,40.5930861488933],[-73.8097327621632,40.5924124258951],[-73.8098088761877,40.5927186494246],[-73.8097112026664,40.5924478474762],[-73.8094880354874,40.5927742756071],[-73.8096181718907,40.5935839670581],[-73.8060294518092,40.5920175487563],[-73.805780405364,40.590767739138],[-73.8058252751853,40.5918975646268],[-73.8043047120606,40.5913271183104],[-73.8041670673805,40.5918629494943],[-73.8078274893693,40.5933781746406],[-73.8080482643999,40.5936585529343],[-73.8078128061581,40.5939156195281],[-73.8079789489532,40.5941661081799],[-73.8071139167756,40.5952923159019],[-73.8060428751419,40.5955627959408],[-73.804854361512,40.595064575586],[-73.8041159763513,40.5943274101579],[-73.8041270570963,40.5935220452051],[-73.8038103989949,40.59289940413],[-73.8030329164441,40.5925854288144],[-73.8024398393816,40.5926483038863],[-73.8025110270489,40.593956368142],[-73.8031364107894,40.5937661840513],[-73.8031821986643,40.5939536185643],[-73.8025144188259,40.5939750922891],[-73.8025697523977,40.5942805068529],[-73.803243908565,40.594095479521],[-73.8032893159143,40.5942903561738],[-73.8026058050357,40.5942959911828],[-73.8023465150518,40.5945042152042],[-73.8031871207938,40.5946712429348],[-73.8034415466618,40.5944424497133],[-73.8031981299294,40.5946864401413],[-73.8037259191064,40.5948253518922],[-73.8032014830846,40.594881087197],[-73.8033923500923,40.5950147528654],[-73.8032163191321,40.5951538879774],[-73.8039097988855,40.5950130533849],[-73.8033159143911,40.5951878011588],[-73.8036860632526,40.5952060312478],[-73.8051132317817,40.5971592893881],[-73.8047035228188,40.5976913515975],[-73.8039347657032,40.5979517396394],[-73.8029808102768,40.5988525457376],[-73.8016723027065,40.5989045507587],[-73.8009500548585,40.5991599057329],[-73.8009163823403,40.5993990024894],[-73.8007779235886,40.5991706010763],[-73.7991399084996,40.599381611924],[-73.7984321605474,40.599181955613],[-73.7942110573031,40.5994925832216],[-73.7933200735331,40.5999865396193],[-73.7923325882931,40.5999775228722],[-73.7915102307476,40.6003880907613],[-73.7878571203485,40.6031215866954],[-73.786315758115,40.6031466187038],[-73.7863161054476,40.6031307539028]]]}},{"type":"Feature","properties":{"id":"queens-breezy-point","name":"Breezy Point","ntaName":"Breezy Point-Belle Harbor-Rockaway Park-Broad Channel","nta":"QN1403","type":"neighborhood","price":10,"blocks":207,"boro":"queens","borough":"Queens"},"geometry":{"type":"MultiPolygon","coordinates":[[[[-73.8834667482295,40.5684862524346],[-73.8831323480816,40.5683888585316],[-73.88275820177,40.5675780939803],[-73.9033316358168,40.5618548471313],[-73.9080743713451,40.5608019535154],[-73.9100964302234,40.5607805933242],[-73.9099543983055,40.5605093435352],[-73.9100797009005,40.557322649263],[-73.9098908666328,40.5566812994067],[-73.9131666903273,40.5563514429777],[-73.9209877251316,40.5562833231379],[-73.9220675364354,40.555157485227],[-73.9291001959111,40.5531016724643],[-73.9296551565223,40.5541331517304],[-73.9298243325929,40.5540830913978],[-73.9311879235194,40.5570240603761],[-73.9316733330337,40.556857544792],[-73.9322234559814,40.5576845700414],[-73.926158647153,40.5615608396193],[-73.9242160267875,40.5620095482386],[-73.9210796413283,40.5620880826818],[-73.9203695146768,40.5622270624248],[-73.9202610440806,40.5626205224148],[-73.9200998134576,40.5625794103284],[-73.9203326138561,40.5622342842695],[-73.9176622307283,40.5628343801609],[-73.9145547796763,40.5643616628547],[-73.9118846063747,40.5649986361793],[-73.9119560520214,40.5658195535429],[-73.9121632284983,40.5658444829148],[-73.9117375626397,40.5658808845724],[-73.9119269279534,40.565822093212],[-73.9118595000869,40.5650036688671],[-73.9107995858132,40.5651192274264],[-73.9100390375031,40.564801941872],[-73.9097182586149,40.5652956565374],[-73.9100244855115,40.5647884405968],[-73.9097639920436,40.5642930676891],[-73.9087268595172,40.5639395230539],[-73.9079205679658,40.56415667083],[-73.9079871674934,40.5634506713227],[-73.9066486488575,40.562794144318],[-73.9046959616588,40.5628354156715],[-73.9028728401279,40.563523094433],[-73.9025245405306,40.5629558137681],[-73.9017098033677,40.5627487278923],[-73.9000053264642,40.5632239231674],[-73.8961340284649,40.5653666592657],[-73.8953386548373,40.5663403315967],[-73.8956731482579,40.5670398753119],[-73.8951884534776,40.5669218326062],[-73.8941316851014,40.5678283810264],[-73.8926115385553,40.568595479566],[-73.8891124330657,40.5679244683464],[-73.8843111321541,40.5687043514921],[-73.8848884712378,40.5684784375247],[-73.8847573495408,40.5682973714938],[-73.8843001620613,40.5684450340186],[-73.8847382984829,40.5682767447452],[-73.8844611545264,40.5679010685919],[-73.8841678666267,40.5680101835209],[-73.8842574544685,40.5681653659981],[-73.8841494681374,40.5680172097812],[-73.8840731202213,40.568203246248],[-73.8837924380626,40.5681321434844],[-73.884024802052,40.5685113475304],[-73.8837822685128,40.5681354174141],[-73.8835781070799,40.568218001428],[-73.8836933499698,40.5684035922846],[-73.8834799012581,40.5684813462041],[-73.883909851891,40.568904144362],[-73.8836886811988,40.5688516370029],[-73.8834667482295,40.5684862524346]]],[[[-73.8246743597554,40.5855030686957],[-73.8240444883574,40.5856380951084],[-73.8213430308774,40.5812703640712],[-73.833870616984,40.57765813316],[-73.837786299289,40.5759319190295],[-73.8572046994165,40.5691087334836],[-73.8625542544272,40.5668182451312],[-73.862870315324,40.566838804575],[-73.8640694162628,40.5693062127666],[-73.8645431552158,40.5692511558803],[-73.8666849937713,40.5729965633835],[-73.863348794705,40.5740294664062],[-73.8639678137321,40.575035021141],[-73.8627520093001,40.5758662190907],[-73.862884412539,40.5760679958673],[-73.8530568875762,40.5812635034949],[-73.850445242564,40.5821384799271],[-73.8486119256485,40.5821963781032],[-73.8452070530461,40.5815880930506],[-73.8393552464487,40.5818654996219],[-73.8389580269665,40.5825824957661],[-73.83855445187,40.582799951107],[-73.83584218744,40.5828871762965],[-73.8285260970289,40.5848624564022],[-73.8280379203186,40.5860611240399],[-73.8252502094754,40.5869091078137],[-73.8249024017572,40.5859620990908],[-73.8246743597554,40.5855030686957]]],[[[-73.8201748626439,40.6151888632566],[-73.8174994924865,40.6142223758436],[-73.8165281941838,40.6149552530762],[-73.8165489095985,40.6144783808127],[-73.8162350478706,40.6142392903841],[-73.8147195081448,40.6145043327613],[-73.8144417048245,40.6147572828625],[-73.8140820060177,40.6145666534506],[-73.8146840071239,40.6139834012196],[-73.8148686407128,40.6140188938774],[-73.8148586030495,40.6143074701767],[-73.8154966466972,40.6140480602533],[-73.8147970137019,40.6132022731773],[-73.8150377655501,40.612984457728],[-73.8154708634857,40.6133511732914],[-73.8161576476071,40.6129503594183],[-73.8154050427848,40.6103930455117],[-73.8145039966417,40.6110667165008],[-73.8145001475492,40.6107436970156],[-73.8152085879709,40.6098249767624],[-73.8147721189575,40.6088592722071],[-73.8148667783803,40.6080288419813],[-73.815062679387,40.6073252728537],[-73.8157431208252,40.6064734876728],[-73.8154620447032,40.6064363800051],[-73.8155295471385,40.6061713128977],[-73.815526746466,40.6064156223339],[-73.8159610009285,40.6062707253969],[-73.8158896776208,40.6059372768468],[-73.8164266807517,40.605232366375],[-73.8173933019739,40.6051663660054],[-73.8172550857587,40.6039485667296],[-73.8177217078384,40.6022332419354],[-73.8183125919251,40.6013479536599],[-73.8184920410798,40.5993978005247],[-73.8192828026699,40.5975378525793],[-73.8203854456073,40.5965770023846],[-73.8206740422561,40.5952039467057],[-73.8212017352643,40.594720534271],[-73.8241364518756,40.5946412970247],[-73.8254793185368,40.5950888977575],[-73.8332188274324,40.5942258266728],[-73.8342538599074,40.5946681597784],[-73.8347227578832,40.5950637502388],[-73.8348483865021,40.5955512406604],[-73.834397385623,40.5964722396376],[-73.8323950300059,40.5978115934842],[-73.8315424449803,40.5979592674898],[-73.8306299057913,40.5974416664298],[-73.8294848022451,40.5981421821495],[-73.8290991586723,40.5977716964179],[-73.8280629802366,40.597688642571],[-73.8259812426094,40.5994803073296],[-73.8255692905033,40.5985563887331],[-73.8246555892011,40.5981574878961],[-73.8239600941221,40.5988851370744],[-73.8245240953175,40.5989595040295],[-73.8247722729363,40.5984000852374],[-73.8245276320183,40.5991372675312],[-73.8245187182116,40.5989740500936],[-73.8240792965596,40.5989174449135],[-73.8241670817537,40.5993076197647],[-73.8237675065459,40.6000483112221],[-73.8219458000219,40.599809397513],[-73.8214706813673,40.6000019642753],[-73.824437821699,40.6003532253727],[-73.8244535636048,40.6008052036075],[-73.8235411047634,40.601567689372],[-73.8236172701542,40.6022947336614],[-73.8230685984124,40.6023502342912],[-73.822946229562,40.6025911512556],[-73.8227670170881,40.6042108474511],[-73.8229042129564,40.6046955110717],[-73.8224688505529,40.605533225314],[-73.8229060157654,40.6058595192333],[-73.8223613908976,40.6064775033906],[-73.8212660853212,40.6070110928449],[-73.8200338172345,40.608931899626],[-73.8196193364876,40.6104872842621],[-73.8204354180957,40.6120750302013],[-73.8208797998273,40.612265589859],[-73.8212855927967,40.6111051714264],[-73.8204883879883,40.6102326223722],[-73.8208601669996,40.6092393018558],[-73.8216159828268,40.6084885618063],[-73.821863434885,40.6098774555451],[-73.8223321813778,40.6102959464605],[-73.8228937168684,40.610345265716],[-73.8231962808901,40.610946078899],[-73.8240055121485,40.6116400122783],[-73.8241046549824,40.6123343404389],[-73.821703462893,40.6148324345983],[-73.8207603081433,40.6152409237137],[-73.8201748626439,40.6151888632566]]]]}},{"type":"Feature","properties":{"id":"queens-rockaway-community-park","name":"Rockaway Community Park","ntaName":"Rockaway Community Park","nta":"QN1491","type":"park","price":10,"blocks":13,"boro":"queens","borough":"Queens"},"geometry":{"type":"MultiPolygon","coordinates":[[[[-73.7746417037849,40.6008458991438],[-73.7747644978987,40.6008399874755],[-73.7747651783132,40.6008540288998],[-73.774642500636,40.6008590393713],[-73.7746417037849,40.6008458991438]]],[[[-73.7746053532511,40.6010059709828],[-73.7746034807119,40.6009884466892],[-73.7744827071621,40.600995946175],[-73.7744809102287,40.6009791334428],[-73.7745264109495,40.6009763059178],[-73.7745247891976,40.6009611432924],[-73.7746023308771,40.6009563280983],[-73.774600456038,40.6009387857896],[-73.7746189214827,40.6009376405143],[-73.7746219966133,40.6009664075233],[-73.7747486142117,40.6009580332287],[-73.7747434949919,40.6009716697561],[-73.7746179469305,40.6009788943707],[-73.7746211681429,40.6010049862054],[-73.7746053532511,40.6010059709828]]],[[[-73.7763598061795,40.6096640821861],[-73.7752239186755,40.6097117915719],[-73.774130341787,40.6087548395634],[-73.7748157778866,40.6084078075087],[-73.7742187457216,40.6076448824134],[-73.7746043140096,40.6074258922154],[-73.7752398883346,40.6085591873377],[-73.7760090903194,40.6091989987572],[-73.7749473526704,40.6080736643725],[-73.7745914629929,40.6073059000037],[-73.7745858435551,40.6065342112591],[-73.7751884804801,40.6045084990855],[-73.7746893574033,40.6043328918867],[-73.7749151071036,40.6041207562772],[-73.7753774512523,40.6041655524021],[-73.7758827741607,40.603479924557],[-73.776055285974,40.6027611374924],[-73.775590322221,40.6030485426826],[-73.7756895121936,40.602822983668],[-73.7764806114369,40.6024564190866],[-73.7764912558404,40.6021799686531],[-73.7778043923116,40.6009747944207],[-73.778370098269,40.6008470224859],[-73.7780770211371,40.6007090169585],[-73.7781822390243,40.6003937831885],[-73.7801103698631,40.6007356717503],[-73.7819422697668,40.5990820840299],[-73.781895426465,40.5984446519246],[-73.7813311092659,40.5977612793547],[-73.7801687915912,40.597209101012],[-73.7801573103127,40.5968888071388],[-73.7797559728405,40.5972828984149],[-73.7796856257803,40.5966962197564],[-73.7819537753683,40.5964647331857],[-73.7820928646655,40.5978642605233],[-73.786705821352,40.5976322403828],[-73.7883744251353,40.5975138794759],[-73.7882395594963,40.5961180778861],[-73.7891639902133,40.5960855405481],[-73.7890696636749,40.5980281688793],[-73.7871036836086,40.5994515429215],[-73.7866254665031,40.6000268750538],[-73.785972468894,40.6003247342129],[-73.7857951592365,40.6005771704591],[-73.7861449583743,40.6006568609872],[-73.7857814364993,40.6006015040848],[-73.7856434241724,40.6008054363109],[-73.7859849621203,40.6009264802337],[-73.7856341353406,40.6008246253841],[-73.7853949519162,40.6015262643475],[-73.7844837027468,40.601808341603],[-73.783506979983,40.6025716819702],[-73.7831293941752,40.6037692346739],[-73.7839490200555,40.6048326681982],[-73.7836683333856,40.6053326788899],[-73.7792715240777,40.6093156054707],[-73.7776889639423,40.6098128247548],[-73.7764762990132,40.6097034635916],[-73.7763598061795,40.6096640821861]]]]}},{"type":"Feature","properties":{"id":"queens-laguardia-airport","name":"LaGuardia Airport","ntaName":"LaGuardia Airport","nta":"QN8081","type":"neighborhood","price":10,"blocks":7,"boro":"queens","borough":"Queens"},"geometry":{"type":"MultiPolygon","coordinates":[[[[-73.8728733683419,40.7859833035504],[-73.8728298077742,40.7859627375483],[-73.8728240388474,40.785972250392],[-73.8727754696706,40.7859501966156],[-73.8728106099157,40.7859113841315],[-73.8728549106913,40.7859339257592],[-73.8728418889569,40.7859513991468],[-73.8728863791934,40.7859709089801],[-73.8728733683419,40.7859833035504]]],[[[-73.871249972057,40.7860464267364],[-73.8697822214861,40.7853462085045],[-73.8691825438804,40.7859517646805],[-73.8698714838675,40.7850941821569],[-73.869438925484,40.7836466745001],[-73.8684860222477,40.7837067342505],[-73.869424857042,40.7835995901884],[-73.8704817079357,40.7823143867196],[-73.8714643331318,40.7821346758145],[-73.8723242789701,40.7811090359488],[-73.8720188278458,40.7809640259303],[-73.8702205164769,40.7812556021619],[-73.8720297294413,40.780941636224],[-73.8723374493302,40.781093327758],[-73.8725587370524,40.780829395732],[-73.864712072582,40.7767414599098],[-73.8550524665563,40.7722036634778],[-73.8550877631516,40.7718396609335],[-73.8564641339767,40.7702813342773],[-73.857884812948,40.7706679844923],[-73.8580402455277,40.770211795849],[-73.857348713852,40.7701925048351],[-73.8568513088925,40.7695507249782],[-73.8562140806205,40.7692040701493],[-73.8562470616765,40.7688939864384],[-73.8570493071549,40.7691478283106],[-73.8576794064212,40.7682845387976],[-73.8593765086421,40.7670836010806],[-73.8608567652775,40.766940390823],[-73.8611041769822,40.7672802148639],[-73.8613152673324,40.7669489040951],[-73.8626900470878,40.766884182583],[-73.8627216200831,40.7666789140612],[-73.8604347829043,40.7638771539698],[-73.8609383193294,40.7637368868724],[-73.8642737193514,40.7674411312195],[-73.8680042246079,40.7702634416961],[-73.870262835503,40.771365234663],[-73.8725973187171,40.7718392174891],[-73.8752028579259,40.77177957305],[-73.8775375331122,40.7712613930001],[-73.8843205157762,40.7679899326853],[-73.8877312940495,40.7669227057282],[-73.8882223494198,40.7686296869989],[-73.8887458534741,40.7689264515167],[-73.8894562821996,40.7735412244332],[-73.8858090368752,40.7740304972395],[-73.8856714906882,40.774441343535],[-73.8857861509766,40.7740329851619],[-73.883917693045,40.774140879517],[-73.8845529182647,40.7743688948817],[-73.8848388379173,40.774961253133],[-73.8847750320808,40.7753405534994],[-73.8842897189252,40.7754913697986],[-73.8852516832695,40.7786211755587],[-73.8850543313304,40.7787837087898],[-73.8851211026054,40.7795196493443],[-73.885414285958,40.7796682333675],[-73.8851102834576,40.7795305841723],[-73.8851947760002,40.7797944887317],[-73.8850103883039,40.7795730810289],[-73.8848825506256,40.7799954702825],[-73.8838534447469,40.7802725940172],[-73.8827459097093,40.7802316972324],[-73.8813921726806,40.7806098828645],[-73.8797360808463,40.7806630917549],[-73.8796083358886,40.7808585872207],[-73.8787070368168,40.7805941837771],[-73.8790525685164,40.7817388068966],[-73.879310095325,40.7818619324751],[-73.8788597867082,40.7824064532479],[-73.8797030495604,40.7828910928892],[-73.8788328802272,40.7824389889392],[-73.8783406444274,40.7830341960695],[-73.8751589598213,40.7815177227236],[-73.8748466835468,40.7816931981881],[-73.871249972057,40.7860464267364]]]]}},{"type":"Feature","properties":{"id":"queens-flushing-meadows","name":"Flushing Meadows","ntaName":"Flushing Meadows-Corona Park","nta":"QN8191","type":"park","price":10,"blocks":8,"boro":"queens","borough":"Queens"},"geometry":{"type":"Polygon","coordinates":[[[-73.8467107363962,40.7613535406213],[-73.8459677843737,40.7607082627901],[-73.8432452125096,40.7553450741971],[-73.8386199865444,40.7570531173175],[-73.8379187242208,40.754549705761],[-73.8368436692263,40.7533464033331],[-73.8355929340847,40.7513854026914],[-73.8322967519582,40.7519500612853],[-73.8322247078964,40.7514281575314],[-73.8330872184437,40.7479973947495],[-73.8346266165274,40.7468892199565],[-73.8356769344791,40.744858786701],[-73.8361012864526,40.7424373379314],[-73.8369940957107,40.7421016104771],[-73.8370731506502,40.7418440170004],[-73.8366959820134,40.7395495218052],[-73.8366255924094,40.7393733278137],[-73.8362766654108,40.7395766442573],[-73.8356472510121,40.7384992790347],[-73.8353995236406,40.7369206571466],[-73.8356064822105,40.7351428066202],[-73.8360498514288,40.7342738518402],[-73.8340050817627,40.731575976257],[-73.8338640650932,40.7305614549084],[-73.8330722737293,40.7299272971868],[-73.8307335379985,40.7265575936929],[-73.8298005026649,40.7259055191297],[-73.8280528442796,40.7253331154013],[-73.8273103956007,40.7246543424674],[-73.8255690470917,40.719729279397],[-73.8254006292093,40.7174231206052],[-73.8195248270912,40.7173479970114],[-73.8193060832863,40.7171443453418],[-73.8199836974415,40.7165837749081],[-73.8234060787455,40.7165582922195],[-73.8239328494227,40.716181873841],[-73.8251803568177,40.7160232607471],[-73.8298971791083,40.7145795055515],[-73.8309796007144,40.7143218681046],[-73.8314600619062,40.7145627132874],[-73.8305060018318,40.7148652082414],[-73.8298346752554,40.7155760467614],[-73.8348849875599,40.7193115360755],[-73.8353818451525,40.7207304449617],[-73.8373159894004,40.7235797736353],[-73.8398557384635,40.7281858350111],[-73.8441902625335,40.7326502855299],[-73.8454275286927,40.7349580701378],[-73.846056816449,40.7371074557299],[-73.8468950601639,40.7386794844304],[-73.8472150144256,40.738652254374],[-73.8477588005186,40.7393073562165],[-73.847793134142,40.7398390532438],[-73.84809635601,40.7400352595427],[-73.8501169657476,40.7407318301245],[-73.8543706827757,40.7487471989403],[-73.8508657968424,40.7500039109907],[-73.8526186544714,40.753413335754],[-73.8533523531599,40.7560211085227],[-73.8540761598002,40.7576715248377],[-73.8557713761714,40.7595466134987],[-73.8591251616839,40.7612837701965],[-73.8597576932313,40.7618440712899],[-73.8595639270063,40.761980238827],[-73.8609383193503,40.7637368869473],[-73.8604347831642,40.7638771543768],[-73.8594147985375,40.7624915371073],[-73.8589219675211,40.7624146724528],[-73.8589243862059,40.7621306167283],[-73.8586465091927,40.7625226672074],[-73.8588886309695,40.7621418806132],[-73.8586925069924,40.7622294622428],[-73.8588451194129,40.7620670374788],[-73.8586205570876,40.7619438686874],[-73.8576561401933,40.7630880942922],[-73.8585022168737,40.7633847040522],[-73.8583445973706,40.7635708319696],[-73.8576403693852,40.7631077200819],[-73.8568402908418,40.7640084507673],[-73.8569649632665,40.7640826995257],[-73.8566762267297,40.7639384599698],[-73.8575842587124,40.763081172574],[-73.8565881575527,40.7627311120279],[-73.8567837733496,40.7625165492714],[-73.857605644384,40.7630615532292],[-73.8581777148611,40.7624045655155],[-73.8566133617448,40.7616578129541],[-73.8581957354856,40.7623823792712],[-73.8585866664403,40.7619252802822],[-73.8571227390899,40.7611971749648],[-73.8553040634272,40.7606578552995],[-73.8546650674846,40.7601794405406],[-73.8537254419474,40.7602546601634],[-73.8527951682349,40.7599804366367],[-73.8529921963584,40.7602000593341],[-73.8527024806448,40.7601363893601],[-73.8527762361473,40.7599724991798],[-73.8522429875172,40.7599298795007],[-73.8526667464267,40.7599265972656],[-73.8515869308716,40.7593636915831],[-73.8502965107306,40.7595495970759],[-73.8495034242231,40.7600150001371],[-73.8493025093246,40.7602511465297],[-73.8498762463797,40.7611120837742],[-73.851975531667,40.7602576784694],[-73.8520734038568,40.7604011557845],[-73.8498130261583,40.7612792453714],[-73.849168025204,40.7603048549802],[-73.8486879575694,40.7601467652862],[-73.8479637372687,40.7605593601211],[-73.8467107363962,40.7613535406213]]]}},{"type":"Feature","properties":{"id":"queens-forest-park","name":"Forest Park","ntaName":"Forest Park","nta":"QN8291","type":"park","price":10,"blocks":3,"boro":"queens","borough":"Queens"},"geometry":{"type":"Polygon","coordinates":[[[-73.8369637712994,40.7042207134623],[-73.8394795454372,40.7026984552408],[-73.8415651745399,40.7011088590749],[-73.842758037299,40.7006659550342],[-73.8450261242513,40.6993676369125],[-73.8491397691636,40.6982910002411],[-73.8507098199157,40.7002113844656],[-73.8541025622695,40.7005220086321],[-73.8541261390734,40.7007733441618],[-73.8544945982323,40.7006508530706],[-73.8528340198331,40.6984160255171],[-73.8527465147058,40.697569009541],[-73.8574458764877,40.6969212438677],[-73.8684065921846,40.6947394439148],[-73.8689190297885,40.6951548197512],[-73.8706756220426,40.6978493237208],[-73.8693157354452,40.6993634065517],[-73.869527680933,40.7016140023608],[-73.8689864867994,40.7017526154823],[-73.8691573649985,40.7029016934087],[-73.8628099579158,40.7034191753744],[-73.8580859153697,40.7029050372858],[-73.8589336431641,40.7013286047217],[-73.8582754581128,40.7012319192067],[-73.8572807397102,40.7012207731546],[-73.8572290264856,40.7016599797751],[-73.8552971131423,40.7019992691614],[-73.8552941577919,40.7026037614581],[-73.8525215886036,40.7022999833253],[-73.8547096384879,40.7052192350194],[-73.8547179240108,40.7067777573395],[-73.8493329595448,40.7083965946955],[-73.8456733777229,40.7084186279407],[-73.8431476484848,40.7092317183153],[-73.8382856822275,40.7084176205322],[-73.8371484233624,40.7079653081205],[-73.8381409968452,40.706344139083],[-73.8373323498896,40.7048632371963],[-73.8369637712994,40.7042207134623]]]}},{"type":"Feature","properties":{"id":"queens-john-f.-kennedy-international-airport","name":"John F. Kennedy International Airport","ntaName":"John F. Kennedy International Airport","nta":"QN8381","type":"neighborhood","price":10,"blocks":4,"boro":"queens","borough":"Queens"},"geometry":{"type":"MultiPolygon","coordinates":[[[[-73.7469952723132,40.6371588954945],[-73.7471591772949,40.6370687732863],[-73.7470076456848,40.6371607003503],[-73.7469952723132,40.6371588954945]]],[[[-73.7469445665213,40.637537452822],[-73.747050493327,40.6375533846966],[-73.7470445245016,40.637574677033],[-73.7469410600081,40.6375624859401],[-73.7469445665213,40.637537452822]]],[[[-73.825036063039,40.6635883880259],[-73.8230534913866,40.6635621320757],[-73.8229623985689,40.6638683923094],[-73.813269816994,40.6628211714334],[-73.8116899947849,40.6631411258051],[-73.8084515440111,40.6644695547629],[-73.8061453400405,40.6649209846607],[-73.7998209226209,40.6652675168279],[-73.7958205265437,40.6649638823393],[-73.7850265109185,40.6634293278244],[-73.7820407544659,40.6627199626932],[-73.7791951472842,40.6616986140552],[-73.7793307028774,40.6618477750482],[-73.7769059015042,40.6606804111429],[-73.7738310179848,40.6596594127768],[-73.7515752033013,40.6472675540765],[-73.752050388039,40.6466601898376],[-73.7532722682566,40.6473420144821],[-73.7534050176273,40.647170627372],[-73.7532346467373,40.64706036679],[-73.7535432822543,40.6472045654379],[-73.7532934700441,40.6473516559225],[-73.7542794622255,40.6478946749307],[-73.7545050603749,40.6479437317404],[-73.7549290503434,40.6475809730259],[-73.7537942572865,40.6467138567794],[-73.753739071564,40.6469686762822],[-73.7534032589631,40.6468157136415],[-73.7537628278642,40.6466945750614],[-73.7490776751234,40.643641121986],[-73.747766610335,40.642103095029],[-73.7474002318301,40.6413616274758],[-73.747447867455,40.6400298874231],[-73.7481262471917,40.6368809817035],[-73.7483995171941,40.6366618875293],[-73.7484520882495,40.6356443883735],[-73.7490366489461,40.6350894847664],[-73.7506974319897,40.6346362253783],[-73.7524389487932,40.6336850303606],[-73.753485340532,40.6335225404492],[-73.7547923667999,40.632890737606],[-73.7573894651732,40.6321160094519],[-73.7605329637109,40.6306715651437],[-73.7621954435716,40.6302676811641],[-73.763089261352,40.6296671467224],[-73.7645313926898,40.6292293851674],[-73.7650102805068,40.6294204311114],[-73.7647442639477,40.6291763334648],[-73.7664969718077,40.6282586236362],[-73.768605452966,40.6247409665177],[-73.7688441208563,40.6239475389404],[-73.7685546266161,40.6231974760638],[-73.7686691830255,40.6227402118792],[-73.769724851084,40.6217699360345],[-73.7698233568161,40.6214132197841],[-73.7696162408793,40.62115521553],[-73.7701896583797,40.6197992569312],[-73.7710945541901,40.6199859551418],[-73.7716559140673,40.6204246738173],[-73.7717183610506,40.6209699262116],[-73.7708126554052,40.6229579938878],[-73.7708613796305,40.6233387854845],[-73.7714402037227,40.6232928646309],[-73.7717289698663,40.6235932757176],[-73.7751818280028,40.6192729645296],[-73.772210875051,40.6230134795385],[-73.772363969118,40.6231555728829],[-73.7721703464586,40.6230637952192],[-73.7720059731886,40.6232701754945],[-73.7721715504933,40.6233678782335],[-73.7718201955342,40.6235072659243],[-73.771989131445,40.6236058292851],[-73.7717403430968,40.6236139734148],[-73.7740766325975,40.6257917308289],[-73.7765436682915,40.6276599728357],[-73.779470346105,40.6273237528958],[-73.7841962041023,40.620900917057],[-73.7895595157624,40.6228002419266],[-73.7859419555722,40.6258552527697],[-73.7853645790462,40.6267149031613],[-73.7848802596227,40.6266397183666],[-73.7836321619735,40.6281507695009],[-73.7832855297106,40.6289625969382],[-73.7834911293508,40.6301733639342],[-73.7843490135899,40.6313815689479],[-73.7857043094572,40.6321032383277],[-73.7869080399929,40.6322701494685],[-73.7893514725435,40.6340154365099],[-73.7894285458391,40.6342712835707],[-73.790770613148,40.6338569818666],[-73.79079421726,40.6342902919943],[-73.7981200983678,40.6310457570823],[-73.7982775310491,40.6312604278617],[-73.7908124870133,40.6343186043204],[-73.7913101519058,40.634409550005],[-73.7912303580704,40.6348653132226],[-73.7922245556295,40.6358983374189],[-73.7934350675347,40.6360949391889],[-73.7947452503925,40.6366376162843],[-73.7972588050711,40.638015863204],[-73.7992384964058,40.6384283596237],[-73.8017735804342,40.639768533896],[-73.8046606803155,40.6409134600602],[-73.8056607760536,40.6416102341188],[-73.8067033861377,40.641784434765],[-73.8086470671573,40.6428231778821],[-73.810758874434,40.6435006417768],[-73.8120347181802,40.6443118256396],[-73.8136449833109,40.6446992007683],[-73.8156524233195,40.6456382729687],[-73.8183045540002,40.6462759149524],[-73.8212305913115,40.6489834008506],[-73.8221528174017,40.6501435400162],[-73.8226071118711,40.6527943576231],[-73.8232198808092,40.6541248077805],[-73.8234669911678,40.6553212675131],[-73.8224690423188,40.6591681184571],[-73.8216927811161,40.6600433384719],[-73.8215369106565,40.6599806349847],[-73.8217478882633,40.660126618284],[-73.8215131800531,40.6599903579851],[-73.8197021273398,40.6607323398546],[-73.8197155844638,40.6608819784912],[-73.8196586391478,40.66075017219],[-73.8186967006184,40.6611133034229],[-73.8145715017925,40.6606428497922],[-73.8126226379956,40.6601653029801],[-73.8114397212724,40.6602624639655],[-73.8112457356825,40.6605528917889],[-73.8114569613226,40.6607448055372],[-73.8186732281253,40.6621410308044],[-73.8233200896194,40.6602161627153],[-73.8240673418969,40.6584923989694],[-73.8242654961532,40.6577873445097],[-73.8240426917677,40.6577639218004],[-73.8242691471262,40.6577547639176],[-73.8249307965001,40.6554497836995],[-73.8229085635676,40.6481016963899],[-73.8231958260935,40.648019412116],[-73.824014008739,40.6492374329579],[-73.8245889897798,40.6494913996636],[-73.8249998515537,40.6493851807187],[-73.8253424166932,40.6496736263668],[-73.8258904899351,40.6494943192477],[-73.8261462182315,40.6500900917645],[-73.82630153509,40.6500312361526],[-73.8261734329304,40.6495351868631],[-73.8264087429619,40.6492974133866],[-73.8262217231365,40.6483692769961],[-73.8263938142056,40.6483325993819],[-73.8286008117049,40.6572052244151],[-73.8327067288163,40.6654140263729],[-73.8278989769064,40.6639145609068],[-73.8257136673267,40.6636013935265],[-73.825036063039,40.6635883880259]]]]}},{"type":"Feature","properties":{"id":"queens-jamaica-bay-east","name":"Jamaica Bay (East)","ntaName":"Jamaica Bay (East)","nta":"QN8491","type":"park","price":10,"blocks":16,"boro":"queens","borough":"Queens"},"geometry":{"type":"MultiPolygon","coordinates":[[[[-73.8264479990712,40.5905356812226],[-73.8264330384221,40.5903242432606],[-73.8269049387659,40.5899370773298],[-73.8273752419997,40.5897726393308],[-73.8273445931757,40.5899516203705],[-73.8276205077484,40.5900034987231],[-73.8276904434033,40.5905767796963],[-73.8270556461907,40.5909866554578],[-73.8272868354478,40.5914870016508],[-73.8254847187463,40.5919816253206],[-73.8256193694471,40.5917198535212],[-73.826329124286,40.5914696468215],[-73.8264658453659,40.5905972338468],[-73.8264479990712,40.5905356812226]]],[[[-73.8319341586384,40.593456036211],[-73.8311702118516,40.5914963839426],[-73.8335751464161,40.5890434096793],[-73.8345881236855,40.589130402426],[-73.8351921708858,40.5893899840064],[-73.8368808868226,40.5895284945104],[-73.8380689484703,40.5903101095868],[-73.8381483926405,40.5907419979452],[-73.8388022385412,40.5912060037902],[-73.8383966601235,40.5903999903493],[-73.840627524459,40.5915427930803],[-73.8405059027922,40.5912148900808],[-73.8417997414366,40.5920158339212],[-73.8423807198564,40.5924865566382],[-73.842791395254,40.5933356177214],[-73.8433660934775,40.5934783818925],[-73.8435020459126,40.5950923491472],[-73.8405711097106,40.5973089420353],[-73.8374597223963,40.5968711071485],[-73.8356992668871,40.5948171794175],[-73.8349294143748,40.5943201365808],[-73.8347616525551,40.5939525327842],[-73.8340014071203,40.593627952448],[-73.8319341586384,40.593456036211]]],[[[-73.8229289607866,40.6000696695773],[-73.82300574752,40.5999338600232],[-73.8230414619687,40.6000763158269],[-73.8229289607866,40.6000696695773]]],[[[-73.8231187918003,40.6000877328487],[-73.8231192829179,40.6000651259425],[-73.8231343277345,40.6000654768878],[-73.8231352265682,40.6000504061961],[-73.8231489855863,40.6000491162065],[-73.8231543150447,40.5999849035182],[-73.8231749442794,40.5999862464238],[-73.8231683114509,40.6000563537405],[-73.8231747559838,40.6000573470288],[-73.823175149584,40.6000711094464],[-73.8231854650853,40.6000714522078],[-73.8231815423702,40.6000920897911],[-73.8231187918003,40.6000877328487]]],[[[-73.8099719727361,40.6000757789014],[-73.8101455542049,40.6000630973321],[-73.8099760310791,40.5998449442425],[-73.810296316387,40.5996976306538],[-73.8102914948514,40.5989999106287],[-73.8104894601796,40.5987875522352],[-73.811316984126,40.598558072471],[-73.8115768828876,40.5981494391534],[-73.8122221121285,40.5985621484818],[-73.81359668127,40.6003700892223],[-73.8146085062971,40.6013072707793],[-73.8150160962218,40.6020645318622],[-73.8148025584736,40.6040885852523],[-73.8144436108282,40.604173443521],[-73.814288317776,40.6044639079893],[-73.8132100038502,40.6043636810454],[-73.8126676377351,40.6038971615853],[-73.8101709678774,40.6028080044354],[-73.8098647176718,40.6019040318202],[-73.8100356378969,40.6016191498976],[-73.8098520243424,40.60037385765],[-73.8100160902601,40.6001173516148],[-73.8099719727361,40.6000757789014]]],[[[-73.8003194536327,40.6070726437163],[-73.7979287404476,40.6065876485564],[-73.7984105626509,40.6060182106338],[-73.7982671292879,40.6054984383832],[-73.798678453757,40.605711926487],[-73.799582168397,40.6053199911766],[-73.8000546570067,40.6054736754142],[-73.8001106567887,40.605327108928],[-73.7995268113569,40.6052517267424],[-73.7987085167512,40.605629350632],[-73.7978127973669,40.6051681624876],[-73.7980387285728,40.6048452804613],[-73.798625600072,40.6048142911705],[-73.798769967485,40.6050242113181],[-73.7999393221532,40.6046182791584],[-73.8002069671821,40.604842872638],[-73.8004876967756,40.6047710607997],[-73.8000478782282,40.6045699244001],[-73.7979022125335,40.6047283289267],[-73.7976646360729,40.6053166314595],[-73.7981528665346,40.6056407700642],[-73.7982169950088,40.6059445394699],[-73.7976628098673,40.6063659984424],[-73.7963489862895,40.605796245938],[-73.7964690308995,40.6051958061094],[-73.7966951344266,40.6051141658071],[-73.796115897832,40.6047022061212],[-73.7964051040819,40.6047276245964],[-73.7973203871052,40.6040749212243],[-73.8003761048428,40.6043848986814],[-73.8017150249247,40.6041183585675],[-73.8032208883112,40.6045742282982],[-73.8033820037353,40.6043123118751],[-73.8038132097517,40.6043692396586],[-73.8033787814738,40.6047071754696],[-73.8039369234749,40.6056519846232],[-73.8033899010369,40.6058786855845],[-73.8031443970042,40.6063751782022],[-73.8018183990687,40.6064311957957],[-73.8007747219822,40.6070845381162],[-73.8005823870929,40.6068454657124],[-73.8009983578581,40.6065991179642],[-73.800645825028,40.6063375585446],[-73.8010753860628,40.6064188078701],[-73.8003400157862,40.6062870585286],[-73.8008561724839,40.60664328825],[-73.800517089957,40.6067565183934],[-73.8004141408095,40.6070783608094],[-73.8003194536327,40.6070726437163]]],[[[-73.8295317439505,40.607248915148],[-73.829578699058,40.6072464119836],[-73.8296096559906,40.6072646016277],[-73.8295966820744,40.6073359767974],[-73.8295729694015,40.6073506336802],[-73.8295255357267,40.6073475663948],[-73.8295186189354,40.6073289945453],[-73.8295196542948,40.6072696497811],[-73.8295317439505,40.607248915148]]],[[[-73.7966583719271,40.6089691586272],[-73.7960100086504,40.6082256041813],[-73.7964795530847,40.608010362086],[-73.7962626179423,40.6076332335578],[-73.7965507922684,40.6072957835763],[-73.7961142526215,40.6074168977909],[-73.7961167112314,40.6078019563985],[-73.7958212549366,40.6081421632597],[-73.7955183185522,40.60736320619],[-73.7952795147859,40.6058225639179],[-73.7957283642311,40.6052388564477],[-73.7960334587834,40.6053086531166],[-73.7956063950709,40.6059007105537],[-73.7957027930108,40.6064687679044],[-73.7967507531709,40.6062345984393],[-73.7978988451482,40.6068770524022],[-73.7990212926007,40.606876683736],[-73.8005275528978,40.607234581604],[-73.8010720520048,40.6071876092969],[-73.8019292998604,40.6066456612887],[-73.8032666102576,40.6065801747519],[-73.8040163107219,40.6061397430561],[-73.8030855347631,40.6074733745835],[-73.8018228104397,40.6079670661862],[-73.8014040131814,40.6082350507022],[-73.8016253559146,40.6083628597828],[-73.8013158308575,40.6085534676797],[-73.7970798591307,40.609019766427],[-73.7966583719271,40.6089691586272]]],[[[-73.8273033101222,40.6094936318084],[-73.8263516832775,40.6092973950576],[-73.8258149374975,40.6089259652966],[-73.8257660892964,40.6086495809496],[-73.826048507004,40.6082999923481],[-73.8257695304208,40.6078621161929],[-73.8267924822439,40.6079179332359],[-73.8256687665083,40.6077944673654],[-73.8254085373536,40.6067079778848],[-73.824538626445,40.605086593877],[-73.8246069653879,40.604743875071],[-73.827707962709,40.6052460544254],[-73.8290874112889,40.6058292075233],[-73.8294042915018,40.6065897724501],[-73.8290411122018,40.607363456139],[-73.8277712285439,40.6077733102662],[-73.8274729308523,40.6082335590042],[-73.8270810789222,40.6083413265429],[-73.8276037051311,40.6093060003443],[-73.8273459947,40.609511942337],[-73.8273033101222,40.6094936318084]]],[[[-73.8321301553979,40.6095248851648],[-73.8312245592276,40.6088378294128],[-73.8313079355322,40.6084197739817],[-73.8308281195065,40.6084824827311],[-73.8300575605827,40.6079330380246],[-73.8297802351059,40.6071238143854],[-73.8298786502332,40.6063310788267],[-73.8309241008651,40.6053732243443],[-73.831776461969,40.6051026051707],[-73.8319514685588,40.6052811270459],[-73.8343817110869,40.6051604598605],[-73.835521448019,40.6054658629608],[-73.8357418150581,40.6057935193123],[-73.8344640424263,40.60720077571],[-73.8342277006552,40.6080595857178],[-73.8324716931513,40.6094697824587],[-73.8321338079264,40.6095271733256],[-73.8321301553979,40.6095248851648]]],[[[-73.766720677072,40.6150124763409],[-73.7708763713355,40.6158719687195],[-73.768550048372,40.620567925335],[-73.7674606359732,40.6205195696101],[-73.766720677072,40.6150124763409]]],[[[-73.8125193156262,40.6202080672324],[-73.8126110564995,40.6206556631015],[-73.8125188869004,40.6202323752422],[-73.8125193156262,40.6202080672324]]],[[[-73.7895595157624,40.6228002419266],[-73.7841962041023,40.620900917057],[-73.7852168031765,40.6200717399424],[-73.7851605718013,40.6186555285054],[-73.7847824902571,40.6183439218691],[-73.7847868467384,40.617988967067],[-73.7843570618862,40.6177727357011],[-73.7844622420938,40.6170360795234],[-73.7832269163974,40.6155869761396],[-73.7824913022085,40.6155757951883],[-73.7822966453445,40.6151763982808],[-73.7817183802494,40.6151850939591],[-73.780795135815,40.6145958118717],[-73.7807102418099,40.6140350539615],[-73.7811504312356,40.6140065159796],[-73.7809075866346,40.6136119210264],[-73.7835535861369,40.611932696344],[-73.7849766057577,40.6119378147568],[-73.7852256032145,40.6114241953768],[-73.7857794644682,40.6110017214382],[-73.7864711006721,40.6106872125479],[-73.7872003463748,40.6106640850974],[-73.7874168176333,40.6102703541465],[-73.7877087982605,40.6103737111328],[-73.7886604792099,40.6100988382689],[-73.7887614897128,40.6096461395298],[-73.7890829745894,40.6095610495272],[-73.7890197748376,40.6092304501546],[-73.7899552671319,40.6089898108143],[-73.7900140157225,40.6086937069164],[-73.790474067771,40.6084644310074],[-73.7903815792272,40.6082537333016],[-73.7908575861845,40.6080563103809],[-73.7908779643934,40.6077038327146],[-73.7913985836496,40.6076190974792],[-73.7916003226343,40.6078177534885],[-73.791512520296,40.6081627643154],[-73.7911588866804,40.6082600444257],[-73.7911742500079,40.6084828422299],[-73.79173439999,40.6087675867301],[-73.7927508599118,40.6086546089767],[-73.7936524147266,40.6089940581786],[-73.7939503100184,40.6092638754194],[-73.7938470232298,40.6094252595489],[-73.7945430393426,40.6097569891101],[-73.7945550670642,40.6100238457879],[-73.7950579257684,40.6104972097027],[-73.7956616442288,40.6105545898001],[-73.7974581371312,40.6113264485221],[-73.7989866697038,40.6114907001382],[-73.7991745565332,40.612034490144],[-73.8000173349162,40.6116467243253],[-73.8005408936439,40.6116598748449],[-73.8008026362273,40.6119421485351],[-73.8002408660277,40.6120902040018],[-73.7999357287845,40.6131521138325],[-73.799318316766,40.6133664644429],[-73.7996864781247,40.6137857176949],[-73.7994036197046,40.6149113137779],[-73.7990096591328,40.6155911754967],[-73.7987881014837,40.6155530703728],[-73.7985460331823,40.615897840438],[-73.7981643817769,40.6157243353038],[-73.7980622798312,40.616335161108],[-73.7972773002263,40.6166686579838],[-73.7974347171291,40.6169274775341],[-73.797134549089,40.6173896244744],[-73.7972443579736,40.6176020085056],[-73.7967844184959,40.6177129675026],[-73.7970062238525,40.6183881889867],[-73.7963570544342,40.6184629297248],[-73.7961896848933,40.6196180988793],[-73.7955967182345,40.6202192582902],[-73.7955416478404,40.6209208749208],[-73.7950242376467,40.6213001534493],[-73.7952352724126,40.621614964228],[-73.7944682307781,40.6217939458887],[-73.7947078760575,40.6221889291907],[-73.7945770481561,40.6225273956596],[-73.7935482557287,40.6227037338219],[-73.7914294003155,40.6222859037534],[-73.789727398192,40.6226635696609],[-73.7895595157624,40.6228002419266]]],[[[-73.8319113486646,40.6241839662492],[-73.8322807894524,40.6237434148599],[-73.8324169022433,40.6229330409203],[-73.8330984415849,40.6224229906315],[-73.8332506244622,40.6220249862049],[-73.8330530299901,40.6219222974652],[-73.833109608325,40.6216891326834],[-73.8336835368986,40.6213895511416],[-73.8336238075121,40.6226108842193],[-73.8330856380864,40.6227696424035],[-73.8332298886406,40.6233647554739],[-73.8326775882047,40.6239165204377],[-73.8327727316477,40.6240389632514],[-73.8330644962277,40.6236995059929],[-73.8332607346302,40.6238395040433],[-73.8334104256158,40.6235562628644],[-73.8335606255399,40.6239442802626],[-73.8327013424377,40.6242362817018],[-73.8321577780641,40.6247004243653],[-73.8317945567812,40.6244818303547],[-73.8319105248929,40.6242520165836],[-73.8319113486646,40.6241839662492]]],[[[-73.7734869727192,40.6251213963589],[-73.7734875335106,40.6250933668794],[-73.7738116126079,40.6249338441837],[-73.7738339560122,40.6249530953986],[-73.7734869727192,40.6251213963589]]],[[[-73.8122355725401,40.6253083334437],[-73.8122519593793,40.6245600793596],[-73.8124392764525,40.6244046938097],[-73.8116821629782,40.6236578902898],[-73.8120848217869,40.6233999731583],[-73.8125171810122,40.62354769383],[-73.8130140335555,40.6222684734405],[-73.8132523340377,40.6225663375694],[-73.8130332857289,40.623865013888],[-73.8139982120566,40.6250074182821],[-73.813863369564,40.6250521451105],[-73.8144304820934,40.6251950291997],[-73.8144800895624,40.625479120437],[-73.8138342686903,40.6259344800196],[-73.8126014174151,40.6263271138151],[-73.812492877279,40.6265489218446],[-73.8119889018298,40.6260302895841],[-73.8122208256123,40.6254345085386],[-73.8122355725401,40.6253083334437]]],[[[-73.7988211921643,40.625336190934],[-73.7978171097538,40.6244613999369],[-73.7982101555601,40.624465491754],[-73.7987562023463,40.6250860038913],[-73.8003740296343,40.6241165887493],[-73.8003640693108,40.623943344227],[-73.7992283926369,40.6242017112368],[-73.7986785468638,40.6234432003328],[-73.7997505179578,40.6210622550379],[-73.7998377433624,40.6200659873256],[-73.8001641167052,40.6196350947526],[-73.8007422015631,40.6194933220768],[-73.8011231232515,40.619707026525],[-73.8018149374606,40.6208394824614],[-73.802065576193,40.6207991593096],[-73.8013118259664,40.6185511181744],[-73.8018723145661,40.6167776055675],[-73.8034754913628,40.6144092085161],[-73.8036223015218,40.6160288093008],[-73.8045365500975,40.6169922811726],[-73.8044800894077,40.6175616597724],[-73.8049270040355,40.6185958394636],[-73.8059000849492,40.61962735792],[-73.8056443093077,40.6199000048345],[-73.8064106579204,40.6211213162632],[-73.8061541568194,40.6218341817673],[-73.80641088494,40.6223478015025],[-73.8059511960383,40.6233885853201],[-73.8054178725125,40.6238001078959],[-73.80466176527,40.6238511847666],[-73.8036551512289,40.624689249578],[-73.802947109475,40.6247262500558],[-73.8016287971827,40.6256044363416],[-73.7995657962855,40.6261284815726],[-73.7990615950512,40.6265887733929],[-73.7983179380622,40.6261900977498],[-73.7975932800985,40.6261096692406],[-73.7988679253044,40.6253394047179],[-73.7988211921643,40.625336190934]]],[[[-73.814295113799,40.629150647872],[-73.8146702508653,40.6275108085241],[-73.815316873887,40.6277667912813],[-73.8161749991097,40.6289096814686],[-73.8164469020311,40.6298443116984],[-73.8159711414472,40.6303869655836],[-73.8146755249788,40.6299935358606],[-73.814295113799,40.629150647872]]],[[[-73.8359778566191,40.6322249412807],[-73.8350656009338,40.6317339959874],[-73.8359384791859,40.6313578994199],[-73.8361905103193,40.6316536116739],[-73.8359796610459,40.6322366929527],[-73.8359778566191,40.6322249412807]]],[[[-73.8233773073151,40.6389959032988],[-73.8227724391727,40.635585161409],[-73.8219833979277,40.6336344710886],[-73.8218474274388,40.6320484362431],[-73.8206735435219,40.6289231074994],[-73.8201014191907,40.6278252819056],[-73.8182577553791,40.6270042690364],[-73.8182384321301,40.6263953505825],[-73.8178900627843,40.6259166959685],[-73.8162323434123,40.6246980715129],[-73.8161768727475,40.6244208849536],[-73.8167540297749,40.6239567433431],[-73.8179542296226,40.6241015260348],[-73.818644834745,40.6233831497922],[-73.8186634259123,40.6228914021076],[-73.8175501626612,40.622095646584],[-73.8175802853553,40.6217644057016],[-73.8167237656633,40.6215765389079],[-73.8166250812771,40.6219754795766],[-73.8162085039104,40.6220961228246],[-73.8153885726289,40.6215060249813],[-73.8154331284161,40.6201247759725],[-73.8171819215908,40.6192755192481],[-73.8177756803895,40.6175093653144],[-73.8171203181708,40.6152904365677],[-73.8165281941838,40.6149552530762],[-73.8174994924865,40.6142223758436],[-73.8201748626439,40.6151888632566],[-73.8214173993138,40.6150630080001],[-73.8241046549824,40.6123343404389],[-73.8246759010554,40.6124281570545],[-73.824687228497,40.613084661979],[-73.8257546054771,40.6142003246415],[-73.8272577521654,40.6133869581805],[-73.8278766404797,40.6137058720341],[-73.8272429220156,40.614073264067],[-73.8275036120536,40.6142129106244],[-73.8284564172376,40.6142242827523],[-73.8309213464778,40.6150137301225],[-73.8340202684618,40.614389409639],[-73.8337029093203,40.6209868467532],[-73.832549476913,40.6217594306123],[-73.8315893738623,40.6220410523507],[-73.8326779849532,40.6218719749625],[-73.8328898583505,40.6222349530937],[-73.8325900739241,40.6226896317754],[-73.8322632428352,40.6227631116556],[-73.8314051177223,40.6224118712289],[-73.8310171111685,40.6227844490884],[-73.8303886179711,40.6223990924961],[-73.8300750430324,40.6230517699899],[-73.8302058367401,40.6234075811821],[-73.8299578343158,40.6237135398004],[-73.8298708202215,40.6234053253842],[-73.8291894783909,40.6242088576494],[-73.829663155827,40.6242007578297],[-73.8301146350819,40.6238370053411],[-73.8305260384533,40.6228746267248],[-73.8303343309708,40.6228496966734],[-73.8304157299554,40.6226403184209],[-73.8308795530884,40.6228698657484],[-73.8304629032427,40.6240804658596],[-73.8307688846473,40.6236883287253],[-73.8306544230646,40.6232691644099],[-73.8310965671931,40.6229370827653],[-73.8315333737906,40.6228866694842],[-73.8319299781033,40.6232041373625],[-73.8317436325013,40.6228852177795],[-73.8321356586711,40.6231850730418],[-73.8315500106813,40.6241051910361],[-73.8309663957413,40.6245843738479],[-73.8309217971517,40.6248382833492],[-73.8313462525777,40.6250147345801],[-73.8307704147482,40.6253125176563],[-73.8309529962227,40.6255360607368],[-73.8306290055327,40.6261858695704],[-73.8308252011577,40.6268196979578],[-73.8316705535889,40.6271418954572],[-73.8323044020516,40.6270870037878],[-73.8321937678429,40.6273826808213],[-73.8324753186332,40.6275840373936],[-73.8322907616291,40.6281419530039],[-73.8317778284471,40.6281802763875],[-73.8316188500675,40.6287605567462],[-73.8318786092637,40.6288893197111],[-73.8316340800561,40.6285317232236],[-73.8318877077656,40.6281860203362],[-73.8326274383043,40.628273618075],[-73.8330129333439,40.6279281036941],[-73.8330423960746,40.6282695170722],[-73.8328968777627,40.6289117250671],[-73.8323617548295,40.629150504594],[-73.8319621952787,40.6296609762264],[-73.8318980522513,40.6305806407275],[-73.8311479196013,40.6328521589679],[-73.8313325164688,40.633625938749],[-73.8319401728257,40.6342444724148],[-73.8319592665123,40.6349871274793],[-73.8324923331275,40.6355867993372],[-73.8334074681793,40.6385096041295],[-73.8329011323707,40.6388709327311],[-73.8322179764387,40.6389367385981],[-73.8286692078271,40.6366229663465],[-73.8280870609603,40.6358879740139],[-73.8254753268157,40.6358032665356],[-73.8244317109907,40.6362247677624],[-73.8241371631134,40.6387962454821],[-73.8245751847099,40.6393621217848],[-73.8241947049437,40.6399623203092],[-73.8233773073151,40.6389959032988]]]]}},{"type":"Feature","properties":{"id":"queens-jacob-riis-park","name":"Jacob Riis Park","ntaName":"Jacob Riis Park-Fort Tilden-Breezy Point Tip","nta":"QN8492","type":"park","price":10,"blocks":4,"boro":"queens","borough":"Queens"},"geometry":{"type":"Polygon","coordinates":[[[-73.8628703153643,40.5668388042782],[-73.862685306343,40.5665138887194],[-73.8634944577233,40.5670425444859],[-73.8655774783316,40.5665682472863],[-73.8666122880174,40.5661020981498],[-73.866310807258,40.5655542964859],[-73.8666314522193,40.5660983441111],[-73.866885405747,40.5660922092257],[-73.868488343429,40.5655352425824],[-73.8682525710282,40.5650777216594],[-73.8686246139444,40.5655462410541],[-73.8706235444223,40.5648215415611],[-73.8702772807679,40.5641828855507],[-73.8706423377807,40.5648181777856],[-73.8709145584249,40.564772817558],[-73.8726411090175,40.5640924158794],[-73.8723801772328,40.5635833473185],[-73.8727478947476,40.5641136796887],[-73.8732076774215,40.5640685040758],[-73.8762478248713,40.5631092280822],[-73.8802916217049,40.5613827819509],[-73.8812838916885,40.5613803648986],[-73.8824172670934,40.5609191278904],[-73.8823758165847,40.5607686621731],[-73.8832488156956,40.5608641523342],[-73.8848608953391,40.560051038091],[-73.8861124977776,40.5599301500974],[-73.8869765091914,40.559408712929],[-73.8878939625429,40.5595188818023],[-73.8896408774164,40.5586725819895],[-73.8902179377176,40.5588197788234],[-73.8907972986584,40.5586276090536],[-73.8919249509713,40.5581686520444],[-73.8921400460435,40.5578797709433],[-73.8925288538728,40.5581275235302],[-73.8934720536758,40.5579538085593],[-73.8949528285985,40.5573021556529],[-73.8949195762464,40.5570870249929],[-73.8955132915017,40.5574225003974],[-73.8969966336608,40.556900021732],[-73.8970809654156,40.5566656626262],[-73.897358290551,40.5570066521383],[-73.8979965525355,40.5571103667775],[-73.8991185891724,40.556808583293],[-73.8991236509794,40.5566515431447],[-73.9005872232237,40.5564304383976],[-73.9011723939905,40.556758581081],[-73.9027112151959,40.5567511935507],[-73.9066695337796,40.5556926955992],[-73.9305477326165,40.5464341471673],[-73.9361199454024,40.5445246401157],[-73.9388758270525,40.5432567865803],[-73.9404730292808,40.5428713466286],[-73.9405591915326,40.5418687353555],[-73.9407368724591,40.5418421850542],[-73.940131120524,40.5480135186779],[-73.9400861364192,40.5505541703942],[-73.9402970689409,40.5518960729141],[-73.9401205667496,40.5532408643831],[-73.9395650472698,40.5545242379474],[-73.9386570558059,40.5556848201647],[-73.9362863651653,40.5570076960962],[-73.9333053091737,40.5573423910692],[-73.9322234558376,40.5576845704779],[-73.9316733332649,40.5568575452401],[-73.9311879238155,40.5570240602539],[-73.9298243329873,40.5540830914334],[-73.9296551563579,40.554133152092],[-73.9291001961767,40.5531016728235],[-73.9220675365124,40.5551574848454],[-73.9209877249329,40.5562833230719],[-73.9131666905265,40.5563514430595],[-73.9098908661095,40.5566812991945],[-73.910079700709,40.5573226496876],[-73.9099543978732,40.5605093431039],[-73.9100964306916,40.5607805937446],[-73.9079343944928,40.5608236377692],[-73.903331635304,40.561854847113],[-73.8827582019002,40.5675780943109],[-73.8831323475701,40.5683888583474],[-73.8826311067317,40.5683771621743],[-73.8819239892217,40.5687396739707],[-73.8786760726924,40.568648172378],[-73.8774015783527,40.5689344114719],[-73.8628844127144,40.5760679963056],[-73.8627520088575,40.5758662194944],[-73.8639678140102,40.5750350210283],[-73.8633487945171,40.5740294665796],[-73.8666849942398,40.5729965633462],[-73.8645431548195,40.5692511561056],[-73.8640694168065,40.5693062123902],[-73.8630890686536,40.5676059617454],[-73.8628703153643,40.5668388042782]]]}},{"type":"Feature","properties":{"id":"staten-island-st.-george","name":"St. George","ntaName":"St. George-New Brighton","nta":"SI0101","type":"neighborhood","price":10,"blocks":110,"boro":"staten-island","borough":"Staten Island"},"geometry":{"type":"Polygon","coordinates":[[[-74.0725828040203,40.637950114478],[-74.0768414431197,40.6377584988166],[-74.0787897776459,40.638276797816],[-74.0837354401645,40.6357453836216],[-74.0858802971358,40.636699829178],[-74.0869073973605,40.6358654826079],[-74.0887072922356,40.6368534458862],[-74.0897052526799,40.6356907398256],[-74.0905926637585,40.6354733583374],[-74.0924404114142,40.6356046229682],[-74.0933908943825,40.6366077933845],[-74.0940945964869,40.639275152619],[-74.0976743797213,40.6389689178733],[-74.0978811637415,40.6403662949662],[-74.0999055702043,40.640171193473],[-74.1003931402934,40.6431266055807],[-74.0995708626484,40.6431635215755],[-74.0997174767798,40.6447671109292],[-74.1009042061452,40.6447814751541],[-74.1007290297934,40.6450215318741],[-74.09880214296,40.6450552741671],[-74.0985012896213,40.6453786023873],[-74.0960470260562,40.6453809874598],[-74.0929897541752,40.6459810209948],[-74.085709013928,40.6488887944392],[-74.0848455020274,40.6488993884406],[-74.0822141981408,40.6482884033639],[-74.081423750789,40.6485129660898],[-74.080519705671,40.6482537558597],[-74.0798114325161,40.6483915541664],[-74.0765080386158,40.6469770597029],[-74.0744542919503,40.6450757284341],[-74.0739598659286,40.6452014462036],[-74.0735925452274,40.6450071687758],[-74.073858002992,40.6454330564041],[-74.0733396045705,40.6457913565552],[-74.0736915841493,40.6453139648443],[-74.0732400040273,40.6449721046481],[-74.073026670933,40.6451394785962],[-74.0732037254544,40.6449521824818],[-74.0730570640092,40.6448161585555],[-74.0734273734572,40.645008808249],[-74.0731233077024,40.6447230401625],[-74.0727999691912,40.6449183650146],[-74.0725892212398,40.6447991039009],[-74.0726997537055,40.6444495141221],[-74.0716597630163,40.6450419872425],[-74.0723106560664,40.6445859937473],[-74.0720198976284,40.6444201736137],[-74.0722933683929,40.644274288455],[-74.0718622741416,40.6442100024073],[-74.0717579462663,40.6440200866047],[-74.0720022670069,40.6437893735193],[-74.0716511594254,40.6437951262878],[-74.0715982573145,40.6434683974869],[-74.0713575863358,40.6435055455756],[-74.0714180623948,40.6432013500506],[-74.0711325223484,40.6432135041455],[-74.0715040967274,40.6431375446322],[-74.0716503872624,40.642688171523],[-74.0721858151373,40.6427223341255],[-74.0721109898535,40.64247145708],[-74.0703757747718,40.6426996434461],[-74.0703307019959,40.642534368997],[-74.073239757588,40.6421929767779],[-74.0731454709006,40.6418612136065],[-74.0702480517829,40.6422152151018],[-74.070195460359,40.6420157430704],[-74.0730883638631,40.6416450545578],[-74.0728915216594,40.6409309123309],[-74.0700199554947,40.6412863728686],[-74.0699850111822,40.6410771832051],[-74.0728518774926,40.640811927878],[-74.0727783656147,40.6405372030316],[-74.0730787239762,40.6405215516669],[-74.0730918212761,40.6386272391842],[-74.0729307992827,40.6386008893371],[-74.0730159110729,40.6384176230761],[-74.0723899947441,40.6382535054464],[-74.0726077926195,40.6381445472654],[-74.0725828040203,40.637950114478]]]}},{"type":"Feature","properties":{"id":"staten-island-tompkinsville","name":"Tompkinsville","ntaName":"Tompkinsville-Stapleton-Clifton-Fox Hills","nta":"SI0102","type":"neighborhood","price":6,"blocks":119,"boro":"staten-island","borough":"Staten Island"},"geometry":{"type":"Polygon","coordinates":[[[-74.0725828040203,40.637950114478],[-74.0735359415049,40.6376499619232],[-74.0733748943377,40.6366189647336],[-74.0720963031262,40.6366555172735],[-74.0733596859045,40.6365443337478],[-74.072909004805,40.63364260671],[-74.0733296783315,40.6320666811926],[-74.0729862110756,40.630317217355],[-74.0680231987117,40.6287958229319],[-74.0681316557718,40.6285472837854],[-74.0729132436154,40.630004617219],[-74.0722966673662,40.6271466642808],[-74.0756476014028,40.6266719556185],[-74.0742347151915,40.6242293158419],[-74.0729302033247,40.6229799116592],[-74.0711671501788,40.6207070233415],[-74.0714075459012,40.619439614741],[-74.0722603119971,40.6185315109222],[-74.0745482324651,40.6169511648095],[-74.0748795205155,40.6174296108265],[-74.0783191224735,40.6155697055766],[-74.0811047907192,40.6177969811671],[-74.0872112960897,40.6133152080407],[-74.0874736533687,40.6145690376082],[-74.0878529446814,40.6152513080749],[-74.0861786132138,40.6180940901965],[-74.084963586546,40.6246334693685],[-74.084071528772,40.6264327390054],[-74.0835767793442,40.6269950201266],[-74.082617684417,40.6274429382404],[-74.0808451811537,40.627387728065],[-74.0805174858189,40.6281081216444],[-74.079726387923,40.6289589262672],[-74.0817328209093,40.6300204634369],[-74.0814076214955,40.6303094741423],[-74.084914684951,40.6336481622845],[-74.0857507579327,40.6339637958647],[-74.0844379431701,40.6354134865191],[-74.0789129824514,40.6382486226403],[-74.0768414431197,40.6377584988166],[-74.0732988882087,40.637911748683],[-74.0725828040203,40.637950114478]]]}},{"type":"Feature","properties":{"id":"staten-island-rosebank","name":"Rosebank","ntaName":"Rosebank-Shore Acres-Park Hill","nta":"SI0103","type":"neighborhood","price":6,"blocks":154,"boro":"staten-island","borough":"Staten Island"},"geometry":{"type":"Polygon","coordinates":[[[-74.0567732747834,40.6079077741273],[-74.0651723727244,40.6042217423699],[-74.0643020655517,40.6031035293726],[-74.0639800452615,40.6021521909838],[-74.0736094495168,40.6055131901154],[-74.0758005052679,40.6059422610115],[-74.0837123773601,40.6064494921273],[-74.085759171729,40.6070226058466],[-74.0905585814509,40.6090093844123],[-74.0895895844413,40.6098563202231],[-74.0872112960897,40.6133152080407],[-74.0811047907192,40.6177969811671],[-74.0783191224735,40.6155697055766],[-74.0748795205155,40.6174296108265],[-74.0745482324651,40.6169511648095],[-74.0718343936833,40.618908987138],[-74.071237446282,40.6197995517359],[-74.0711671501788,40.6207070233415],[-74.0729302033247,40.6229799116592],[-74.0742347151915,40.6242293158419],[-74.0756476014028,40.6266719556185],[-74.0728820522275,40.6269372656805],[-74.0727068984275,40.6268823857692],[-74.0722564739313,40.6246169869714],[-74.0700288140867,40.6214623005895],[-74.0664948151493,40.6189058374535],[-74.0659621147608,40.6193672515613],[-74.0664113516893,40.6188727029192],[-74.0662005416295,40.618730717123],[-74.0654473225642,40.6192108647468],[-74.0666835420249,40.6180757316272],[-74.0664170485909,40.6178807338257],[-74.0660513773603,40.6182036460887],[-74.064963354432,40.6177806342564],[-74.0642586789423,40.6181799233798],[-74.0651005457278,40.6175191917604],[-74.064438081467,40.6170706501726],[-74.0639103830086,40.6173370612929],[-74.0643289199583,40.6169967390841],[-74.0637700646339,40.6168133614463],[-74.0614410748692,40.6143862563502],[-74.0603382677133,40.6119101144175],[-74.0598559029373,40.6121111928624],[-74.0600177109055,40.6127719227763],[-74.0601991877582,40.6127946103084],[-74.0600006575144,40.6127921340012],[-74.0597707670033,40.61206488189],[-74.0602737078675,40.6118278746257],[-74.0594369807451,40.6116676960011],[-74.0589027934959,40.611010521563],[-74.0590873024036,40.6106419112471],[-74.0571652973783,40.6087510177974],[-74.0567941633023,40.6079457408051],[-74.0567732747834,40.6079077741273]]]}},{"type":"Feature","properties":{"id":"staten-island-west-new-brighton","name":"West New Brighton","ntaName":"West New Brighton-Silver Lake-Grymes Hill","nta":"SI0104","type":"neighborhood","price":6,"blocks":289,"boro":"staten-island","borough":"Staten Island"},"geometry":{"type":"Polygon","coordinates":[[[-74.1047236913662,40.6455718978197],[-74.1046534613069,40.6453078363336],[-74.1077992572712,40.6452344015257],[-74.1071605368443,40.6442117204367],[-74.1065480023121,40.6442495363793],[-74.1054243407415,40.6389072060324],[-74.0999055702043,40.640171193473],[-74.0978811637415,40.6403662949662],[-74.0976743797213,40.6389689178733],[-74.0940945964869,40.639275152619],[-74.0933908943825,40.6366077933845],[-74.0924404114142,40.6356046229682],[-74.0905926637585,40.6354733583374],[-74.0897052526799,40.6356907398256],[-74.0887072922356,40.6368534458862],[-74.0869073973605,40.6358654826079],[-74.0858802971358,40.636699829178],[-74.0837354401645,40.6357453836216],[-74.0844379431701,40.6354134865191],[-74.0857507579327,40.6339637958647],[-74.084914684951,40.6336481622845],[-74.0814076214955,40.6303094741423],[-74.0817328209093,40.6300204634369],[-74.079726387923,40.6289589262672],[-74.0805174858189,40.6281081216444],[-74.0808451811537,40.627387728065],[-74.0829895559449,40.6273583097827],[-74.0841157022966,40.6263546988638],[-74.084963586546,40.6246334693685],[-74.0862054401612,40.6180088035489],[-74.0878529088414,40.6152514706054],[-74.0874736533687,40.6145690376082],[-74.0872112960897,40.6133152080407],[-74.0895895844413,40.6098563202231],[-74.0905585814509,40.6090093844123],[-74.0943364751589,40.6103362453549],[-74.0976615587751,40.6105159812442],[-74.0998788092386,40.6129268865397],[-74.102095815789,40.6146087244676],[-74.1057191465296,40.6187634393082],[-74.1109454038791,40.6212027237479],[-74.1132639723144,40.6230626605757],[-74.1182202870582,40.6251059588349],[-74.1201303587308,40.6265443889617],[-74.1212582586377,40.6278309865296],[-74.1230354140265,40.6290194518729],[-74.1248931603909,40.6317362269299],[-74.1168376739616,40.632683055133],[-74.1172009500916,40.6345763352836],[-74.1202398462614,40.6343087968435],[-74.1206311097065,40.6365809879165],[-74.1175505015548,40.6369618709486],[-74.1176954146331,40.6394413842218],[-74.1180685836627,40.6413061575767],[-74.1209343511983,40.6409169470891],[-74.1196086473536,40.64138854776],[-74.1199584794555,40.6422176924871],[-74.1194277934035,40.6414317626046],[-74.1190986853136,40.6414817044621],[-74.1194017758546,40.6423876176437],[-74.1190049623499,40.641472852953],[-74.1186178325897,40.6415386034984],[-74.118837726528,40.6425501027205],[-74.1184033309938,40.6415380390197],[-74.1179187661928,40.6418341155048],[-74.1176999831274,40.6415513712875],[-74.117122486061,40.6416760955949],[-74.1172255626311,40.6418523321627],[-74.1167233562903,40.642039994731],[-74.1172261806989,40.6430355992773],[-74.1166012388581,40.6421182216181],[-74.1163062931924,40.6422884375097],[-74.1166718935321,40.6431980637563],[-74.1161435651746,40.6422246928421],[-74.1153523010688,40.6424787789269],[-74.1137981396715,40.6436177548548],[-74.1139524195776,40.6441448308201],[-74.1128895436856,40.6445406833949],[-74.1138585720815,40.6440842513061],[-74.1136551884394,40.6436957949909],[-74.1111627727504,40.6451046621101],[-74.1117679440681,40.6447143991765],[-74.1097408032718,40.6454719682407],[-74.1068049037548,40.6455684361191],[-74.1047236913662,40.6455718978197]]]}},{"type":"Feature","properties":{"id":"staten-island-westerleigh","name":"Westerleigh","ntaName":"Westerleigh-Castleton Corners","nta":"SI0105","type":"neighborhood","price":6,"blocks":410,"boro":"staten-island","borough":"Staten Island"},"geometry":{"type":"Polygon","coordinates":[[[-74.1212582586377,40.6278309865296],[-74.1201303587308,40.6265443889617],[-74.1179641042741,40.6249483681922],[-74.1132639723144,40.6230626605757],[-74.1109454038791,40.6212027237479],[-74.1057191465296,40.6187634393082],[-74.102095815789,40.6146087244676],[-74.0998788092386,40.6129268865397],[-74.0976615587751,40.6105159812442],[-74.1089874282957,40.6101331875859],[-74.1134247756687,40.611017637726],[-74.1156418032584,40.6111043369247],[-74.117449571607,40.6108025453312],[-74.1213372965702,40.6096747307446],[-74.1213873657171,40.6099175425653],[-74.1248517012436,40.6090903526716],[-74.1287604749754,40.6085040260391],[-74.1435464784867,40.6076893845165],[-74.1463904609434,40.6080377043369],[-74.1486955340186,40.6088361833924],[-74.150523705049,40.6099186005829],[-74.1536857641506,40.6123579136431],[-74.152087542888,40.6173292205882],[-74.1476476476737,40.6221262097549],[-74.1461136264635,40.6249416682107],[-74.1440258645868,40.6249994324438],[-74.138059401771,40.6242307352133],[-74.1370043940947,40.6243552452034],[-74.1358115666281,40.6250725742227],[-74.1380599798671,40.6270767528412],[-74.137892751917,40.6274611154214],[-74.1380654227242,40.6275767071879],[-74.1367438621879,40.6286707720329],[-74.1358625684308,40.6280697646048],[-74.1340884657474,40.6295499167892],[-74.1334387964196,40.6290825822597],[-74.1310760854587,40.6311559662086],[-74.1304757719304,40.6308937462082],[-74.1301428979698,40.629973444325],[-74.1313113358858,40.6263365791919],[-74.1221637348906,40.6274851282536],[-74.1212582586377,40.6278309865296]]]}},{"type":"Feature","properties":{"id":"staten-island-port-richmond","name":"Port Richmond","ntaName":"Port Richmond","nta":"SI0106","type":"neighborhood","price":6,"blocks":151,"boro":"staten-island","borough":"Staten Island"},"geometry":{"type":"Polygon","coordinates":[[[-74.1207146558763,40.6410540209949],[-74.1209343511983,40.6409169470891],[-74.1180685836627,40.6413061575767],[-74.1176954146331,40.6394413842218],[-74.1175505015548,40.6369618709486],[-74.1206311097065,40.6365809879165],[-74.1202398462614,40.6343087968435],[-74.1172009500916,40.6345763352836],[-74.1168376739616,40.632683055133],[-74.1248931603909,40.6317362269299],[-74.1230354140265,40.6290194518729],[-74.1212582586377,40.6278309865296],[-74.1221637348906,40.6274851282536],[-74.1313113358858,40.6263365791919],[-74.1301428979698,40.629973444325],[-74.1304757719304,40.6308937462082],[-74.1310760854587,40.6311559662086],[-74.1334387964196,40.6290825822597],[-74.1340884657474,40.6295499167892],[-74.1358625684308,40.6280697646048],[-74.1367438621879,40.6286707720329],[-74.1380654227242,40.6275767071879],[-74.137892751917,40.6274611154214],[-74.1380599798671,40.6270767528412],[-74.1358115666281,40.6250725742227],[-74.1370043940947,40.6243552452034],[-74.138059401771,40.6242307352133],[-74.1440258645868,40.6249994324438],[-74.1461136264635,40.6249416682107],[-74.1455474637227,40.6267172429626],[-74.1454408859485,40.6278948330022],[-74.1459372304985,40.6278343142896],[-74.1462235149112,40.6291151922474],[-74.1475276783743,40.6293975233696],[-74.1447837774548,40.6379620176476],[-74.1436014700774,40.6385223626873],[-74.1431295117249,40.639688610372],[-74.1423894392082,40.6396494480919],[-74.1423821023182,40.6402606934935],[-74.1415577172176,40.6403750067532],[-74.1414819614855,40.6401004311753],[-74.1407640237055,40.6405976344165],[-74.1375772346433,40.6410093900694],[-74.1373715037104,40.6413037012522],[-74.1343541810168,40.6418950348881],[-74.1329932087526,40.6414251746059],[-74.1324043204181,40.6417126270028],[-74.131257296076,40.6416050688015],[-74.1314634819702,40.6413183420492],[-74.1303265194055,40.6407867097142],[-74.1301247328928,40.6410247878578],[-74.1301851840107,40.6407320644897],[-74.1296793354192,40.6413935511071],[-74.1294920600689,40.6413630737507],[-74.1299788864392,40.6407381107681],[-74.1293086154433,40.6403456495727],[-74.1289344955568,40.6404221668726],[-74.1289087738325,40.6412030656276],[-74.128813501881,40.6402352158614],[-74.1275282554022,40.6401635426025],[-74.1271492284599,40.6393192945839],[-74.1270551048999,40.6402499755586],[-74.1260713111554,40.6402627106442],[-74.1262014455528,40.6412725524533],[-74.126369569584,40.6413406186447],[-74.1256417511736,40.6414267307852],[-74.1261342481271,40.641272626181],[-74.1259969067327,40.6402394805836],[-74.1241572663641,40.6401429546407],[-74.1228577870934,40.6408287470298],[-74.1225742862289,40.6406305782462],[-74.1229087298933,40.6410275043334],[-74.122783013354,40.6413474673478],[-74.1218429512057,40.6414141326031],[-74.1218547772435,40.641588930645],[-74.1217591281939,40.6414316627922],[-74.1215603467795,40.6416298706338],[-74.1217252344033,40.641436902784],[-74.1213276522157,40.6416148081204],[-74.1213134293811,40.6414607696843],[-74.1211963706382,40.6416832474674],[-74.1211818761151,40.6413916837299],[-74.1207146558763,40.6410540209949]]]}},{"type":"Feature","properties":{"id":"staten-island-mariners-harbor","name":"Mariner's Harbor","ntaName":"Mariner's Harbor-Arlington-Graniteville","nta":"SI0107","type":"neighborhood","price":6,"blocks":197,"boro":"staten-island","borough":"Staten Island"},"geometry":{"type":"MultiPolygon","coordinates":[[[[-74.1594575172176,40.6414565689256],[-74.1611139189724,40.6418436909232],[-74.1615355257216,40.6441645200767],[-74.1580989931529,40.6437658045585],[-74.1575592816559,40.6432481025266],[-74.1585889177412,40.6424686208929],[-74.1588124303564,40.6417668722106],[-74.1593207486326,40.6415646227871],[-74.1594575172176,40.6414565689256]]],[[[-74.1798971831139,40.6452770332042],[-74.1797313779836,40.644388939268],[-74.1793326721893,40.6444087481955],[-74.1792527336297,40.6450501142903],[-74.179076165847,40.6446547440674],[-74.1790370585781,40.6434030233714],[-74.1794063277595,40.6431372032273],[-74.1795886368955,40.6419259196162],[-74.1791887804884,40.6429957753103],[-74.1782581202765,40.6421374634505],[-74.1783427695488,40.642597713316],[-74.1778138754636,40.6426080814602],[-74.1776878617327,40.6429568334219],[-74.1772126842627,40.6431310149695],[-74.1768253683286,40.6428673823334],[-74.1767063902951,40.6424251477152],[-74.176359364769,40.6423354573165],[-74.1766887364054,40.6425603753552],[-74.1766694540814,40.6433950818802],[-74.175604008019,40.6433195347026],[-74.1754731615696,40.6441313417174],[-74.175686206003,40.6447185220398],[-74.1754684105618,40.6446547582478],[-74.1752984134641,40.6450833138343],[-74.1743672275144,40.6451444952127],[-74.172942736522,40.6442127601966],[-74.1730030434416,40.6435936420851],[-74.1723631505872,40.6432645047136],[-74.1727229502092,40.642956736208],[-74.1719648027188,40.6428663696841],[-74.1715096081464,40.6431426788799],[-74.1713373702699,40.6428640013239],[-74.1718619232139,40.6425311652708],[-74.171480285927,40.6417107460247],[-74.1715887162703,40.6410378298837],[-74.1729894854543,40.6404973415513],[-74.171571444376,40.6410197687042],[-74.1713753196789,40.6420932516894],[-74.1710516700468,40.6426020564983],[-74.1712767412657,40.6421199197783],[-74.1711941054362,40.6417478632208],[-74.1702878508904,40.6417835447449],[-74.170080282793,40.6420943972265],[-74.1691544518585,40.6418810968265],[-74.1690658127245,40.6421382536486],[-74.1665352532819,40.6414308748187],[-74.1661013940719,40.6424148243771],[-74.1663203678373,40.6414449115466],[-74.1658026034286,40.6412327483594],[-74.1656355933812,40.6412226078442],[-74.1654445963557,40.6422887834539],[-74.1649428859434,40.642217236539],[-74.1651919129363,40.6406505422246],[-74.1647357598953,40.6403997038151],[-74.1645728189921,40.6414268984692],[-74.1644160918887,40.6414050211961],[-74.1645980604446,40.6403239817384],[-74.1641703624278,40.6400023464711],[-74.1638639882834,40.6410610343127],[-74.1639464087463,40.639922842068],[-74.1634559517141,40.6398647966436],[-74.163247273672,40.6409656557725],[-74.162806521669,40.6410464251262],[-74.1616768412175,40.64061902198],[-74.1622861461085,40.6387738882584],[-74.1618200594113,40.6386545156521],[-74.1614506725471,40.6394365730637],[-74.1613037120963,40.639401970597],[-74.1616616010397,40.6386732298218],[-74.1612416522674,40.6386032465767],[-74.160906401021,40.6393943775353],[-74.1607380417012,40.6393592513682],[-74.1610831112901,40.6385760047099],[-74.1603496929099,40.6384519619195],[-74.159865598329,40.6399360603232],[-74.1602261575011,40.6383472982419],[-74.1600590341521,40.6387305889362],[-74.1598584710301,40.638737438132],[-74.1595786174385,40.6380008193726],[-74.1592286088606,40.6378043562648],[-74.1590110712941,40.6388308146448],[-74.1589344850495,40.6382722539232],[-74.1578941216508,40.6379732880087],[-74.1577350186271,40.6388872715405],[-74.1577751522518,40.6379653952539],[-74.1561042569216,40.6379478273931],[-74.1561163746416,40.6375389837053],[-74.1557001126971,40.6375261753793],[-74.155686649621,40.6377957184506],[-74.1548308167402,40.6377320914871],[-74.1546941300193,40.6392022045793],[-74.1547797818522,40.6377297819204],[-74.1545981933929,40.6373515807291],[-74.1527985262337,40.637140991609],[-74.152698495962,40.6376500778677],[-74.1522195591209,40.6377008178306],[-74.1522993519692,40.638282524807],[-74.1521382493809,40.6382989843569],[-74.1520478831709,40.6376754521802],[-74.1511969408129,40.6377390253187],[-74.1513966662124,40.6394047500897],[-74.1512497701199,40.6394175794986],[-74.151131140818,40.6385089170354],[-74.1505578781973,40.6385675670996],[-74.1499693112127,40.6381583122722],[-74.1494488194201,40.6374136356377],[-74.1494203066542,40.6382998773471],[-74.1491956704132,40.6386765684456],[-74.1488832456211,40.6387134444521],[-74.1485596394985,40.6374460737489],[-74.1487794102248,40.6388844876608],[-74.1460232199872,40.6391027875772],[-74.1451942837147,40.6393867347054],[-74.1438631239671,40.6388961997936],[-74.1433625177744,40.6397180821239],[-74.1431295119589,40.6396886102006],[-74.1436014695121,40.6385223625771],[-74.1447837771545,40.6379620172126],[-74.1475276782768,40.6293975233444],[-74.1462235144068,40.6291151920841],[-74.1459372305474,40.6278343142521],[-74.1454408864826,40.6278948332747],[-74.1455785004939,40.6265822512315],[-74.1463874248499,40.6242092228515],[-74.1481626057036,40.6214800160909],[-74.1519914466101,40.6174862551993],[-74.15246143474,40.616546225987],[-74.1536857640747,40.6123579132676],[-74.1589821870304,40.6163757567257],[-74.1631314864361,40.6188552147973],[-74.1681245457635,40.6210562634804],[-74.1726615002894,40.6217672000307],[-74.1746625091327,40.6225172578513],[-74.1792964713623,40.6263752296585],[-74.1818005747301,40.6278536705477],[-74.1860710996854,40.6299627151848],[-74.1865782647879,40.6301773530078],[-74.1867616947924,40.6299815933529],[-74.1898805538567,40.6313657638267],[-74.196205100012,40.6346942847116],[-74.1960305518591,40.6350040835503],[-74.1953085478224,40.6352421304301],[-74.1952024735313,40.6357161784175],[-74.1944963124231,40.6364577575689],[-74.1945200145974,40.6370425267764],[-74.194788400674,40.6371397465725],[-74.1946246054204,40.6373994190575],[-74.1935846811442,40.6374773522987],[-74.1937211499002,40.6375750496399],[-74.1865264707099,40.6433968988911],[-74.1862336001455,40.6431956335717],[-74.1859104690207,40.6436396762184],[-74.1851158174648,40.6438144749061],[-74.1852494375631,40.6439517628865],[-74.1848374471212,40.6441365038773],[-74.1841146923641,40.6435383211005],[-74.1840663338281,40.6433322270817],[-74.1843719688242,40.6431078131731],[-74.183652171401,40.6422478774314],[-74.1840276132131,40.6431086448184],[-74.1838472602248,40.6432743940055],[-74.1832436234763,40.6429719136204],[-74.1838019510432,40.6444401377322],[-74.1836689600977,40.6446187216589],[-74.1828908173306,40.6448085199456],[-74.1811858429681,40.6445943960899],[-74.1808736251105,40.6448596666173],[-74.1804832395471,40.6442871610159],[-74.1800422790352,40.6442963774552],[-74.1799665726986,40.6452752199514],[-74.1798971831139,40.6452770332042]]]]}},{"type":"Feature","properties":{"id":"staten-island-snug-harbor","name":"Snug Harbor","ntaName":"Snug Harbor","nta":"SI0191","type":"park","price":6,"blocks":3,"boro":"staten-island","borough":"Staten Island"},"geometry":{"type":"Polygon","coordinates":[[[-74.1001336664035,40.6450722912686],[-74.1001338204986,40.6449286170267],[-74.1007290297934,40.6450215318741],[-74.1009042061452,40.6447814751541],[-74.0997174767798,40.6447671109292],[-74.0995708626484,40.6431635215755],[-74.1003931402934,40.6431266055807],[-74.0999055702043,40.640171193473],[-74.1054243407415,40.6389072060324],[-74.1065480023121,40.6442495363793],[-74.1071605368443,40.6442117204367],[-74.1077992572712,40.6452344015257],[-74.1046534613069,40.6453078363336],[-74.104647253829,40.645638710081],[-74.1041250388641,40.6457486720053],[-74.1006068940781,40.6451405731273],[-74.1001336664035,40.6450722912686]]]}},{"type":"Feature","properties":{"id":"staten-island-grasmere","name":"Grasmere","ntaName":"Grasmere-Arrochar-South Beach-Dongan Hills","nta":"SI0201","type":"neighborhood","price":6,"blocks":362,"boro":"staten-island","borough":"Staten Island"},"geometry":{"type":"Polygon","coordinates":[[[-74.0639800452615,40.6021521909838],[-74.0619576383485,40.601244689001],[-74.0610855992439,40.5998246261481],[-74.0637607930275,40.5989430915554],[-74.0596426644352,40.593717620214],[-74.0597680653972,40.5938434886813],[-74.0605549951155,40.5933879864777],[-74.0621542035006,40.5920332717764],[-74.0650347834746,40.5889992278999],[-74.0643614968663,40.5882761210909],[-74.0647797901314,40.588496541173],[-74.0672242286457,40.5867426787719],[-74.070964563279,40.5831902190877],[-74.0714932667788,40.5821770111199],[-74.0706592766452,40.5816338534276],[-74.0714681702203,40.5820354718364],[-74.0717778459506,40.5818847625588],[-74.0749955932447,40.5792447851846],[-74.0733217868924,40.5784655606822],[-74.0735041008754,40.5782048676768],[-74.0750843444595,40.5791683865057],[-74.0757996581178,40.5783174782084],[-74.0752359986914,40.5780070307697],[-74.0753476883654,40.5778961975652],[-74.0884974318957,40.5847966525466],[-74.0891229466215,40.5841507894309],[-74.0926174366546,40.5859480391367],[-74.0984414781525,40.5812499333471],[-74.1052592264586,40.5859296647608],[-74.1020813716074,40.5887499808798],[-74.1008839865356,40.5901874451554],[-74.1009272335867,40.5923589785143],[-74.100095849381,40.593668731476],[-74.0970589964931,40.5954551763332],[-74.0937560064385,40.5967531208583],[-74.0927245199965,40.5974724943561],[-74.0917840420622,40.5987274703189],[-74.0917219833855,40.5992290886219],[-74.0919733167774,40.5998324955379],[-74.0929018331874,40.6013671042041],[-74.0924429214541,40.6041278184964],[-74.0927205617729,40.6063703566777],[-74.092400597671,40.6070805233294],[-74.0905585814509,40.6090093844123],[-74.085759171729,40.6070226058466],[-74.0837123773601,40.6064494921273],[-74.0758005052679,40.6059422610115],[-74.0736094495168,40.6055131901154],[-74.0647928109897,40.6023888860763],[-74.0639800452615,40.6021521909838]]]}},{"type":"Feature","properties":{"id":"staten-island-new-dorp","name":"New Dorp","ntaName":"New Dorp-Midland Beach","nta":"SI0202","type":"neighborhood","price":6,"blocks":425,"boro":"staten-island","borough":"Staten Island"},"geometry":{"type":"Polygon","coordinates":[[[-74.076017432556,40.5782531403303],[-74.076883727737,40.5776450162939],[-74.0767389391219,40.5773807366662],[-74.0769402783151,40.5775425719517],[-74.0773761883771,40.5772903857036],[-74.0792646762286,40.5756795191235],[-74.0786808028264,40.5750900520457],[-74.0793378690628,40.5756354309234],[-74.0801801383431,40.5751886450486],[-74.084692224178,40.5714861403461],[-74.0876988412789,40.5730701106529],[-74.0881350186596,40.5728359462749],[-74.0894618423176,40.5716885241513],[-74.0927720488738,40.5679516361987],[-74.1047112617952,40.5740141657736],[-74.1060449978283,40.5720724048942],[-74.106377242074,40.5722325958736],[-74.1087416515224,40.569924719604],[-74.0940721780493,40.5627398439864],[-74.0954251860344,40.5631628594588],[-74.0962934903232,40.5624290544888],[-74.0981991413777,40.5598447004478],[-74.0982917769947,40.5593408376976],[-74.0978496284804,40.5590418920866],[-74.0987656230632,40.5594317741883],[-74.0993817834106,40.5589724162887],[-74.1000969607547,40.5589616685236],[-74.1101409432465,40.5643188904343],[-74.1137630854298,40.5665054140138],[-74.1163648375797,40.5639238612922],[-74.1249005200293,40.5689573669435],[-74.1231364052489,40.5701150160422],[-74.1214468326508,40.5717838393534],[-74.1213619230547,40.5728349686215],[-74.1218548123106,40.5746614071229],[-74.1215387662048,40.5751614779116],[-74.1191110244025,40.5761654783471],[-74.1170155806299,40.5782169135421],[-74.1156180411237,40.5785010588404],[-74.1130710181098,40.5807767496538],[-74.1092498284312,40.5826866402793],[-74.1052592264586,40.5859296647608],[-74.0984414781525,40.5812499333471],[-74.0926174366546,40.5859480391367],[-74.0891229466215,40.5841507894309],[-74.0884974318957,40.5847966525466],[-74.0768088533128,40.5787020657846],[-74.076017432556,40.5782531403303]]]}},{"type":"Feature","properties":{"id":"staten-island-todt-hill","name":"Todt Hill","ntaName":"Todt Hill-Emerson Hill-Lighthouse Hill-Manor Heights","nta":"SI0203","type":"neighborhood","price":6,"blocks":468,"boro":"staten-island","borough":"Staten Island"},"geometry":{"type":"Polygon","coordinates":[[[-74.0976615587751,40.6105159812442],[-74.0943364751589,40.6103362453549],[-74.0905585814509,40.6090093844123],[-74.092400597671,40.6070805233294],[-74.0927205617729,40.6063703566777],[-74.0924429214541,40.6041278184964],[-74.0929018331874,40.6013671042041],[-74.0919733167774,40.5998324955379],[-74.0917219833855,40.5992290886219],[-74.0917840420622,40.5987274703189],[-74.0927245199965,40.5974724943561],[-74.0937560064385,40.5967531208583],[-74.0970589964931,40.5954551763332],[-74.100095849381,40.593668731476],[-74.1008992073592,40.5924609526007],[-74.1008839865356,40.5901874451554],[-74.1014962937303,40.5893524898297],[-74.104550116992,40.5865088767081],[-74.1092498284312,40.5826866402793],[-74.1130710181098,40.5807767496538],[-74.1156180411237,40.5785010588404],[-74.1170155806299,40.5782169135421],[-74.1191110244025,40.5761654783471],[-74.1215387662048,40.5751614779116],[-74.1220974970532,40.5751408126853],[-74.1231852836677,40.5757600787855],[-74.1253542347613,40.575909268366],[-74.1270689485686,40.576413444556],[-74.1277364132929,40.5752148496797],[-74.1327858416373,40.573487318842],[-74.1441873653921,40.5720456344325],[-74.1438760188819,40.5706148183469],[-74.1443889335064,40.5697143246296],[-74.1463487369552,40.5705264576973],[-74.147104913444,40.5705069092943],[-74.1479029070222,40.570897804676],[-74.1546659637997,40.5655216654611],[-74.1558523911302,40.5637826671124],[-74.1572612286573,40.5625615409741],[-74.1615327892621,40.5612775756784],[-74.1637809047713,40.5603252005545],[-74.1649429830441,40.5601200184888],[-74.1698273142332,40.5610986421472],[-74.1696270692585,40.5682888852285],[-74.1698300929216,40.5708426712905],[-74.1523095430744,40.5805875284739],[-74.1502713108656,40.58273560618],[-74.1472763224969,40.585020448365],[-74.1476218988821,40.5850276958271],[-74.1463227963218,40.5860775242007],[-74.145421435779,40.5914752520527],[-74.1400237568686,40.5986047628758],[-74.1404637639346,40.603078210676],[-74.1430345833434,40.6037579715267],[-74.1471424574692,40.6055930651454],[-74.1475109949325,40.6060731172179],[-74.1472316999068,40.6082712530288],[-74.1435464784867,40.6076893845165],[-74.1287604749754,40.6085040260391],[-74.1248517012436,40.6090903526716],[-74.1213873657171,40.6099175425653],[-74.1213372965702,40.6096747307446],[-74.117449571607,40.6108025453312],[-74.1156418032584,40.6111043369247],[-74.1134247756687,40.611017637726],[-74.1089874282957,40.6101331875859],[-74.0993461252439,40.6104558691952],[-74.0976615587751,40.6105159812442]]]}},{"type":"Feature","properties":{"id":"staten-island-new-springville","name":"New Springville","ntaName":"New Springville-Willowbrook-Bulls Head-Travis","nta":"SI0204","type":"neighborhood","price":6,"blocks":275,"boro":"staten-island","borough":"Staten Island"},"geometry":{"type":"Polygon","coordinates":[[[-74.1536857641506,40.6123579136431],[-74.1499862588229,40.6095466489171],[-74.1472316999068,40.6082712530288],[-74.1475109949325,40.6060731172179],[-74.147142123499,40.6055928295241],[-74.1430345833434,40.6037579715267],[-74.1404637639346,40.603078210676],[-74.1400237568686,40.5986047628758],[-74.145421435779,40.5914752520527],[-74.1463227963218,40.5860775242007],[-74.1476218988821,40.5850276958271],[-74.1472763224969,40.585020448365],[-74.1509005028211,40.5821710666539],[-74.1513792250331,40.5813669953931],[-74.1523095430744,40.5805875284739],[-74.1698300929216,40.5708426712905],[-74.1699711647667,40.5729348316722],[-74.1696249414817,40.5784372692107],[-74.1684204584018,40.5865862856799],[-74.1679644319725,40.5883122554543],[-74.1676370878874,40.5889131075473],[-74.165787903283,40.5907160306348],[-74.1634214128483,40.5924524625997],[-74.1636041732853,40.593382426593],[-74.1667386117626,40.5938382726762],[-74.1688651157725,40.5947363141646],[-74.1682860733733,40.5964413938192],[-74.1671978410156,40.6020835406425],[-74.1712171562376,40.6025103953699],[-74.1725625252807,40.602985994712],[-74.1749197817977,40.6022244556369],[-74.1782260689745,40.5998362891325],[-74.1795458990383,40.5967536262865],[-74.18650541694,40.5894474762464],[-74.1852720810279,40.589369334435],[-74.1847894346357,40.5890514838988],[-74.1846814157165,40.5885525257514],[-74.1853873544793,40.5876078790442],[-74.1878824648942,40.5866905030147],[-74.1907700230904,40.5851356931787],[-74.1913193346813,40.5857127139007],[-74.1923253889985,40.5855830614455],[-74.1933256972135,40.5850465062254],[-74.1942341142395,40.5851550316615],[-74.1980349440895,40.582886937645],[-74.1996513145988,40.5822708509993],[-74.2000820920398,40.5815627810131],[-74.1999685017789,40.5805762241011],[-74.2005855022665,40.5795192248247],[-74.2029515026089,40.5801102241912],[-74.2044135025384,40.5801782248261],[-74.2060299155356,40.5797724909154],[-74.2059940546107,40.5804186073302],[-74.2050828741067,40.5816076919588],[-74.2050900483626,40.5822164138495],[-74.2044022684835,40.5837211699399],[-74.2046354063391,40.5843314630108],[-74.2043658431801,40.5846423731482],[-74.2044162208971,40.5855318992778],[-74.2041209067738,40.5859037661149],[-74.2045821614237,40.5882258281564],[-74.2041224438714,40.5888625883163],[-74.2043245258746,40.5891448426392],[-74.204706803037,40.5887805959114],[-74.2044369884994,40.5892266224697],[-74.2046475939951,40.5892939706496],[-74.2038603698034,40.5902577507636],[-74.2037012476725,40.5902081313689],[-74.2038870089124,40.5897943350451],[-74.2026601737322,40.5907303708157],[-74.2023696192475,40.5906552843379],[-74.2020155591524,40.5909040242152],[-74.2024692635269,40.5908470504229],[-74.2030540532828,40.5911487679166],[-74.2020288430385,40.5910073054072],[-74.2021257821589,40.5912600233281],[-74.2018503306577,40.5916591841772],[-74.2020050020001,40.591788990562],[-74.202317961636,40.5915321903056],[-74.2009269078969,40.5928746058267],[-74.2004611426371,40.5928269235471],[-74.1996968378656,40.5936225102005],[-74.1993636259614,40.5941023086073],[-74.1994849520573,40.5943291630235],[-74.1987338285592,40.5950200253298],[-74.1979515313749,40.5964785816344],[-74.1975150799264,40.5968072129474],[-74.1973076998877,40.5980677494064],[-74.1987610854887,40.6017202030076],[-74.2001501715985,40.6036915782681],[-74.2013867791777,40.6046451945215],[-74.2022200033118,40.6059779086643],[-74.2028177888764,40.6082790569432],[-74.2023032953261,40.6118838717406],[-74.2024452498097,40.6132929234025],[-74.2004547493094,40.616336227447],[-74.2009157374841,40.6178070533117],[-74.2008762925083,40.6181086418295],[-74.2005430683109,40.6180058699562],[-74.2003535435156,40.6183504290917],[-74.200841419645,40.6188125337203],[-74.2006822192596,40.6191766860396],[-74.2010714799988,40.6203897711869],[-74.2005073864203,40.6203079030169],[-74.2004295070289,40.6205036424762],[-74.2008748210784,40.6205993861836],[-74.2014339054806,40.6216208411111],[-74.2012768481452,40.6226965081459],[-74.2015470389485,40.6227062838753],[-74.2016335166954,40.6231297973897],[-74.2015864500177,40.6235065656893],[-74.2013455946433,40.6235608011739],[-74.2010781334381,40.6240865787294],[-74.2010623059732,40.6259034115035],[-74.2014182124437,40.6260787464142],[-74.2009877614801,40.6293523812823],[-74.200427243527,40.6298293992427],[-74.2004096334139,40.6302583345712],[-74.2007931996704,40.6303583576985],[-74.2004046221293,40.6303005961525],[-74.2001861272809,40.6313369030578],[-74.2003975234518,40.631470970494],[-74.2001741597658,40.6313693141314],[-74.1986239832688,40.6327457492819],[-74.1980311160822,40.6327791758905],[-74.1980267044427,40.6330374264733],[-74.197345465497,40.6330063810719],[-74.1967868110502,40.6334004738902],[-74.1968801614649,40.633769621909],[-74.1963118165259,40.6340624663942],[-74.1962051001248,40.6346942846265],[-74.1898805537409,40.6313657642318],[-74.1867616952598,40.6299815933283],[-74.1865782652318,40.6301773529617],[-74.1858189866019,40.6298534029867],[-74.1818005742372,40.627853670153],[-74.1792964713381,40.6263752299326],[-74.1746625096499,40.6225172577925],[-74.1726615000962,40.6217672004757],[-74.1681245461716,40.621056263928],[-74.1631314864864,40.6188552146856],[-74.1589821871016,40.6163757571006],[-74.1537520992231,40.6124076238284],[-74.1536857641506,40.6123579136431]]]}},{"type":"Feature","properties":{"id":"staten-island-freshkills-park-north","name":"Freshkills Park (North)","ntaName":"Freshkills Park (North)","nta":"SI0291","type":"park","price":6,"blocks":10,"boro":"staten-island","borough":"Staten Island"},"geometry":{"type":"Polygon","coordinates":[[[-74.1698300929216,40.5708426712905],[-74.1696270692585,40.5682888852285],[-74.1698273142332,40.5610986421472],[-74.1715096782753,40.5614059519371],[-74.1775818609368,40.5637636620271],[-74.1793706945063,40.5705565367975],[-74.1844040757961,40.573015205843],[-74.186100714362,40.5725362401859],[-74.1874955548968,40.5727949941241],[-74.1890413936941,40.5726747291147],[-74.189181748022,40.5755337886499],[-74.1895594973503,40.5762782243837],[-74.1905509437057,40.576306664502],[-74.1906420287374,40.5766932523934],[-74.191951629725,40.5765841810544],[-74.1974995008579,40.5788672249824],[-74.1988777278186,40.5793118430664],[-74.2005855022665,40.5795192248247],[-74.1999685017789,40.5805762241011],[-74.2000820920398,40.5815627810131],[-74.1996513145988,40.5822708509993],[-74.1980349440895,40.582886937645],[-74.1942341142395,40.5851550316615],[-74.1933256972135,40.5850465062254],[-74.1923253889985,40.5855830614455],[-74.1913193346813,40.5857127139007],[-74.1907700230904,40.5851356931787],[-74.1878824648942,40.5866905030147],[-74.1853873544793,40.5876078790442],[-74.1846814157165,40.5885525257514],[-74.1847894346357,40.5890514838988],[-74.1852720810279,40.589369334435],[-74.18650541694,40.5894474762464],[-74.1795458990383,40.5967536262865],[-74.1782260689745,40.5998362891325],[-74.1749197817977,40.6022244556369],[-74.1725625252807,40.602985994712],[-74.1712171562376,40.6025103953699],[-74.1671978410156,40.6020835406425],[-74.1682860733733,40.5964413938192],[-74.1688651157725,40.5947363141646],[-74.1667386117626,40.5938382726762],[-74.1636041732853,40.593382426593],[-74.1634214128483,40.5924524625997],[-74.165787903283,40.5907160306348],[-74.1676370878874,40.5889131075473],[-74.1679644319725,40.5883122554543],[-74.1684204584018,40.5865862856799],[-74.1696249414817,40.5784372692107],[-74.1699558625838,40.5734587159745],[-74.1698956173968,40.5713638419563],[-74.1698300929216,40.5708426712905]]]}},{"type":"Feature","properties":{"id":"staten-island-oakwood","name":"Oakwood","ntaName":"Oakwood-Richmondtown","nta":"SI0301","type":"neighborhood","price":6,"blocks":320,"boro":"staten-island","borough":"Staten Island"},"geometry":{"type":"Polygon","coordinates":[[[-74.1215387662048,40.5751614779116],[-74.1218548123106,40.5746614071229],[-74.1213619230547,40.5728349686215],[-74.1214468326508,40.5717838393534],[-74.1231364052489,40.5701150160422],[-74.1249005200293,40.5689573669435],[-74.1163648375797,40.5639238612922],[-74.1137630854298,40.5665054140138],[-74.1101409432465,40.5643188904343],[-74.1000969607547,40.5589616685236],[-74.1012450109982,40.5576690534188],[-74.1018478464529,40.5562252110808],[-74.1018417993365,40.5559528614887],[-74.1014066379725,40.5555467478453],[-74.1026522335604,40.5561426270416],[-74.1030998612026,40.5559128636466],[-74.1046609053926,40.5541286891011],[-74.1050905500371,40.5532436896114],[-74.1048459468351,40.5530340361244],[-74.1064296916788,40.5538615947939],[-74.1065650821039,40.5541951492841],[-74.1076877060772,40.5539848926303],[-74.1102860453349,40.5515045784946],[-74.1130119324933,40.5477882861839],[-74.1149435018229,40.5495968706535],[-74.116564373887,40.5491359626185],[-74.1186588377168,40.5511585594819],[-74.1185713373093,40.5514811586829],[-74.1194600666882,40.5522301269431],[-74.1273020552489,40.5573033947382],[-74.1304260738052,40.554445264012],[-74.1332115041265,40.5523920968255],[-74.1388524084151,40.5569594010163],[-74.1381814907548,40.5576020877934],[-74.1356144823212,40.558988248946],[-74.1348112132961,40.5608368412883],[-74.1334088809742,40.5621380280566],[-74.1331112716731,40.5628759143773],[-74.1317377085988,40.5645477425255],[-74.1352756523024,40.565525984581],[-74.1443889335064,40.5697143246296],[-74.1438760188819,40.5706148183469],[-74.1441873653921,40.5720456344325],[-74.1327858416373,40.573487318842],[-74.1277364132929,40.5752148496797],[-74.1270689485686,40.576413444556],[-74.1253542347613,40.575909268366],[-74.1231852836677,40.5757600787855],[-74.1220974970532,40.5751408126853],[-74.1216461791081,40.5751355026573],[-74.1215387662048,40.5751614779116]]]}},{"type":"Feature","properties":{"id":"staten-island-great-kills","name":"Great Kills","ntaName":"Great Kills-Eltingville","nta":"SI0302","type":"neighborhood","price":6,"blocks":563,"boro":"staten-island","borough":"Staten Island"},"geometry":{"type":"Polygon","coordinates":[[[-74.1469945178248,40.570494147088],[-74.1463487373583,40.5705264576466],[-74.1413138179125,40.5684415717548],[-74.1352756518689,40.5655259843728],[-74.1317377087406,40.5645477420999],[-74.1331112717662,40.5628759141492],[-74.1334088804359,40.5621380276576],[-74.1348112136549,40.5608368410444],[-74.1356144826573,40.5589882493369],[-74.1381814905275,40.5576020881204],[-74.1388524080623,40.556959401228],[-74.1331697389586,40.5523643992543],[-74.1345601618947,40.5512632983987],[-74.1373913607416,40.5496005897742],[-74.1386541392623,40.5484940371414],[-74.137113336149,40.5470317020058],[-74.1358586043826,40.5464599155473],[-74.1364130110411,40.5462605693983],[-74.1365176144861,40.5459229659499],[-74.1370977582994,40.5459604364291],[-74.1371813522549,40.5458010836317],[-74.1361168873775,40.5450280647508],[-74.1363852781762,40.5448628911272],[-74.1371943554439,40.5457925139815],[-74.1375098155965,40.5455857761594],[-74.1365905504773,40.5448537048873],[-74.1368749665786,40.5446908128001],[-74.1367503673569,40.5447908036981],[-74.1379511412675,40.5460085552777],[-74.1388709947955,40.5451384171973],[-74.1376257875951,40.5442617854088],[-74.1377576879048,40.5441531478302],[-74.1387568283324,40.5449421779697],[-74.1390211316227,40.5447237801069],[-74.1378694661935,40.5440607626772],[-74.1380449494798,40.5439127805863],[-74.1390345526429,40.5447131286209],[-74.1395408606375,40.5443033595246],[-74.1391468948495,40.5445177985807],[-74.1394221738867,40.544214162306],[-74.1389760222791,40.5443843203273],[-74.1392218099578,40.544074918118],[-74.1390841489667,40.5439764437999],[-74.1388771852299,40.5442517768163],[-74.1387296055917,40.5441382419322],[-74.1390789877408,40.5439683723143],[-74.1388360864364,40.5437995768073],[-74.1385872923186,40.5441128567979],[-74.138416839491,40.5439866453663],[-74.138824734196,40.5437922737421],[-74.1385414439048,40.5435961458776],[-74.1382811249735,40.543874912867],[-74.1381521665245,40.5437802550964],[-74.1385279779541,40.5435867615112],[-74.1383429935046,40.5435600461367],[-74.1385243093371,40.5434097689356],[-74.1395711979617,40.5442804933658],[-74.1398384595061,40.5440606806813],[-74.1387078041371,40.543299629855],[-74.138907845583,40.5431399963471],[-74.1387728830288,40.5432995512205],[-74.139038200314,40.543235212612],[-74.138985037134,40.5433926298592],[-74.1396778860725,40.5438972141442],[-74.1398904551069,40.5437606901544],[-74.1397049881679,40.5439169954927],[-74.1398667533888,40.5440350622168],[-74.1400143192026,40.5438386455902],[-74.1403872124795,40.5440414034624],[-74.1403299684335,40.5438103051656],[-74.139221416252,40.5431743031186],[-74.1394095819537,40.5430248023667],[-74.1402972008671,40.5436486760925],[-74.1401278632656,40.5435216121302],[-74.140288826524,40.5433932893366],[-74.1393628094755,40.5428340822504],[-74.1395382963327,40.5426903690556],[-74.1403078234982,40.5433753285045],[-74.140628636704,40.5431212482482],[-74.1396331716637,40.542549316552],[-74.1398600798382,40.5423653929669],[-74.1406476305323,40.5431024336625],[-74.1408466841781,40.5429470628794],[-74.1413257497571,40.5431023529674],[-74.1401665814545,40.5423744369438],[-74.1403367630813,40.5422364266381],[-74.1402087170934,40.5423734426466],[-74.1414122175314,40.5430306338049],[-74.1410804024602,40.5427993901022],[-74.1413369539751,40.5425970113699],[-74.1402643850434,40.5419697299799],[-74.1406814625685,40.5419168107798],[-74.1406206801895,40.5420642404772],[-74.1413504956569,40.5425857416995],[-74.1412959032497,40.5423440945039],[-74.1414824561269,40.5424759272543],[-74.141350028933,40.542298682686],[-74.1415510609786,40.5424188365599],[-74.1417986807983,40.5422086332008],[-74.1408959922592,40.5415793278044],[-74.1406413228306,40.5417027602548],[-74.14095964908,40.5414402963547],[-74.1418745611984,40.5421748759194],[-74.1416737441128,40.5423436820545],[-74.1422978040502,40.542266067379],[-74.1421849239735,40.5420260786473],[-74.1424781044167,40.5413419278599],[-74.1417780954856,40.5400966738034],[-74.1420060743188,40.5395761765955],[-74.141730408185,40.5393477019313],[-74.142304994048,40.53907819247],[-74.1417673596046,40.5385502590333],[-74.1422666112669,40.5381485712957],[-74.1418691040927,40.5384523080441],[-74.1422314040477,40.5381226697869],[-74.1421686618635,40.5379409785026],[-74.1412201341075,40.5372622157929],[-74.1410430599934,40.5373551014539],[-74.1412997355092,40.5371463954248],[-74.1421872299279,40.5379259941273],[-74.1423911187447,40.5377614769275],[-74.1415843570572,40.5370957952914],[-74.1438353386072,40.5371451289708],[-74.1447421805829,40.53580926075],[-74.1454352261584,40.5358312898816],[-74.1460215651637,40.535561744099],[-74.1459981786294,40.5353986097251],[-74.1466979593364,40.5354225245822],[-74.1492188153813,40.5342498040028],[-74.1497786577325,40.5338960847426],[-74.149759949038,40.5334325186123],[-74.1506970193677,40.5325540546255],[-74.1511217405563,40.5327495982565],[-74.1518548619184,40.5321722364047],[-74.152458093972,40.5320761591203],[-74.1540025618087,40.5308397683804],[-74.1538998010674,40.5306819884669],[-74.1541053001144,40.5307690371231],[-74.1546295635562,40.530362512241],[-74.1545450584557,40.5300703511301],[-74.1549304336181,40.5302336992152],[-74.1556493083351,40.5296512000488],[-74.155505057938,40.5294462423314],[-74.155733018882,40.5296091191492],[-74.1559914885184,40.5294278176486],[-74.1564501666327,40.5289400565712],[-74.1561888044979,40.5286195862324],[-74.1566725370985,40.5290015269245],[-74.1570201045815,40.5289858709274],[-74.1582625175359,40.528308714581],[-74.1579738804755,40.5280753004497],[-74.1583279368954,40.5282866415472],[-74.1597028315794,40.5273042071191],[-74.1687304807757,40.5395344753803],[-74.1690191792114,40.5401049374773],[-74.169096845362,40.5410356494028],[-74.1751701594782,40.5437837478119],[-74.1807325189074,40.5466880327971],[-74.1794285287536,40.5483472746086],[-74.175655443978,40.5556977619371],[-74.1740892317142,40.5580842220222],[-74.1734947149895,40.5596826216175],[-74.1718531565254,40.5615291437894],[-74.1649429830531,40.5601200182046],[-74.1637809053127,40.5603252003897],[-74.1615327889389,40.5612775759307],[-74.1572612283213,40.5625615410777],[-74.1558523911748,40.5637826668187],[-74.1546659639153,40.565521665018],[-74.1479029073745,40.5708978045199],[-74.1470502630897,40.5704977723998],[-74.1469945178248,40.570494147088]]]}},{"type":"Feature","properties":{"id":"staten-island-arden-heights","name":"Arden Heights","ntaName":"Arden Heights-Rossville","nta":"SI0303","type":"neighborhood","price":6,"blocks":272,"boro":"staten-island","borough":"Staten Island"},"geometry":{"type":"Polygon","coordinates":[[[-74.1775818609368,40.5637636620271],[-74.1718531569691,40.5615291439051],[-74.1734947155786,40.5596826215141],[-74.1740892315021,40.5580842222446],[-74.1756554444783,40.5556977620938],[-74.1794285282561,40.5483472747085],[-74.1807325194038,40.5466880329537],[-74.187574970164,40.5501559010308],[-74.1893002546295,40.5483865201096],[-74.197309089941,40.5432702626273],[-74.2034930810824,40.5421596442281],[-74.2069916831386,40.5417548959407],[-74.2177904359132,40.5411336168628],[-74.2213171340195,40.5502612912875],[-74.219117270854,40.5522405315317],[-74.2177852821054,40.5530574056328],[-74.2178786971893,40.5542516464359],[-74.2175373340562,40.5546120743798],[-74.2149205149966,40.5555536752179],[-74.2135032596512,40.5556758373784],[-74.2122018445963,40.556451648828],[-74.2105093982961,40.5570724010178],[-74.2070003555523,40.5575757079733],[-74.2052019132453,40.5573404399236],[-74.2032301481317,40.5560893609802],[-74.2019478183513,40.5558820718479],[-74.2008859557142,40.5560228033106],[-74.1935306248677,40.5624338161313],[-74.1928849785354,40.5626620608724],[-74.1908849491951,40.5626377453105],[-74.1894790436172,40.5635892123479],[-74.1852554557413,40.5645575762254],[-74.1836252047803,40.565376486041],[-74.1818096616441,40.5653928006592],[-74.1779469359221,40.5639915882638],[-74.1775818609368,40.5637636620271]]]}},{"type":"Feature","properties":{"id":"staten-island-annadale","name":"Annadale","ntaName":"Annadale-Huguenot-Prince's Bay-Woodrow","nta":"SI0304","type":"neighborhood","price":6,"blocks":584,"boro":"staten-island","borough":"Staten Island"},"geometry":{"type":"Polygon","coordinates":[[[-74.1807325194038,40.5466880329537],[-74.1751701592726,40.543783747859],[-74.1690968451904,40.5410356495501],[-74.1690191794781,40.5401049375419],[-74.1687304805712,40.5395344757676],[-74.1598842559975,40.5273775727486],[-74.1603424604303,40.5275580422371],[-74.1615836612693,40.5270216922361],[-74.1622734483518,40.5272024762765],[-74.1699986010978,40.5230539858354],[-74.1705094062502,40.5230569331511],[-74.1712883105941,40.523465981061],[-74.172698162971,40.5229769487966],[-74.1760139460645,40.5208841755737],[-74.1775844468986,40.5192390797344],[-74.1783078320783,40.5199490418556],[-74.179243214952,40.5199917879],[-74.1798116619567,40.5205605502536],[-74.1810534203405,40.5206714670663],[-74.1848326587973,40.5193495712361],[-74.1865688263924,40.5181240622354],[-74.1885002110909,40.5163209379608],[-74.1892702507492,40.5153531885653],[-74.1888492086117,40.5150920608981],[-74.1897136802987,40.5153285897042],[-74.1934446797742,40.5115755202742],[-74.1940979337963,40.5106494524572],[-74.19521489674,40.5099858628808],[-74.1965119406637,40.5099353034818],[-74.1985753727801,40.5111894687855],[-74.1996928508013,40.5114508187439],[-74.2000584144808,40.5126349506198],[-74.1989272260443,40.5127855168463],[-74.1990745691246,40.5130920949375],[-74.2008304812712,40.5130389147893],[-74.2081536254856,40.5116674703202],[-74.2096893953963,40.5108055789195],[-74.2091914694953,40.5105072664911],[-74.2093235052661,40.5104068389107],[-74.2097152434862,40.5107859123127],[-74.2100838299959,40.5104757941255],[-74.2117933339169,40.5081814829843],[-74.2133924541974,40.5067650575027],[-74.2135328104203,40.5064056858039],[-74.2138384536089,40.506612322339],[-74.2143440039473,40.5065271198587],[-74.215693161729,40.5055950422532],[-74.2175490537812,40.5033682573289],[-74.2197497545639,40.5027551630834],[-74.2218429486757,40.5025466248803],[-74.2221145036088,40.5031922075881],[-74.2220865035197,40.5042802092723],[-74.2231175042281,40.5048522079249],[-74.2229175037014,40.5072352086656],[-74.2232173290058,40.5086668194939],[-74.226579118412,40.5172788604007],[-74.2267247950967,40.5191715312118],[-74.2256813345145,40.5185700409576],[-74.2237974643114,40.5182045564649],[-74.2249991654266,40.5204688722898],[-74.2239860644417,40.5228777323372],[-74.2248225123788,40.5230015219449],[-74.2246908392313,40.5232404939411],[-74.2239892639348,40.5232760584508],[-74.2235956334006,40.5263141374323],[-74.2245682745265,40.5370294570698],[-74.2244766489629,40.5389162808728],[-74.2241625240342,40.5410752229479],[-74.223429018515,40.5436125477097],[-74.2221427011384,40.5463396288936],[-74.2206468675792,40.5485997262989],[-74.2177904359132,40.5411336168628],[-74.2069916831386,40.5417548959407],[-74.2034930810824,40.5421596442281],[-74.197309089941,40.5432702626273],[-74.1893002546295,40.5483865201096],[-74.187574970164,40.5501559010308],[-74.1808390499705,40.5467406079695],[-74.1807325194038,40.5466880329537]]]}},{"type":"Feature","properties":{"id":"staten-island-tottenville","name":"Tottenville","ntaName":"Tottenville-Charleston","nta":"SI0305","type":"neighborhood","price":6,"blocks":276,"boro":"staten-island","borough":"Staten Island"},"geometry":{"type":"Polygon","coordinates":[[[-74.2132418199512,40.5566808427191],[-74.2056975529768,40.5585242243308],[-74.2070003559149,40.5575757083031],[-74.2105093986131,40.5570724013082],[-74.2122018447561,40.5564516491989],[-74.2135032594682,40.555675837011],[-74.2150949017223,40.5555071508258],[-74.2177350886471,40.5544653876775],[-74.2179065290072,40.5539166880834],[-74.217785282213,40.5530574054344],[-74.2191172712887,40.5522405313182],[-74.2213171334512,40.5502612908926],[-74.2206468680679,40.5485997261171],[-74.2219675212335,40.546647193091],[-74.2231312442621,40.5443322061427],[-74.224323678061,40.5401727209426],[-74.224568274667,40.5370294568659],[-74.2235956334916,40.5263141375703],[-74.2239892634392,40.5232760583718],[-74.224690838833,40.5232404940631],[-74.2248225122255,40.5230015215858],[-74.2239860641665,40.5228777325734],[-74.2249991655852,40.5204688719142],[-74.2237974638401,40.5182045560927],[-74.2256813350151,40.5185700413735],[-74.2267247949514,40.5191715312613],[-74.2266961225374,40.5185569371699],[-74.2265791186073,40.5172788606298],[-74.2232173292334,40.5086668196276],[-74.2229175041508,40.5072352083914],[-74.2231175040332,40.5048522080759],[-74.2220865035593,40.5042802094407],[-74.2221145032915,40.5031922074431],[-74.221842948119,40.5025466248943],[-74.2230480835097,40.5024863863361],[-74.2250720837854,40.5017728524262],[-74.2272956420722,40.5023057068196],[-74.2312459407413,40.5018350682927],[-74.2367899658185,40.5000090420416],[-74.2376692138122,40.4991314611301],[-74.238514726175,40.498904281665],[-74.2398500229281,40.4975912186589],[-74.2443294946509,40.4975549463612],[-74.2454909015192,40.497052979304],[-74.2467625397956,40.4961421930931],[-74.2481805326272,40.4962910422695],[-74.2496437086065,40.4968461604126],[-74.2508564079241,40.4980143688566],[-74.2511056287986,40.49894240276],[-74.2531627591661,40.5001335824585],[-74.2547217913741,40.5029734069019],[-74.2553442629078,40.5043106053289],[-74.2553086195625,40.5065446612402],[-74.2555333740943,40.5078694362276],[-74.2546300826449,40.5086830332926],[-74.254974418931,40.5088138700065],[-74.2546200225582,40.5086921167775],[-74.2539990465771,40.5089785223616],[-74.2543160575218,40.509421902914],[-74.2540222099788,40.5092811835022],[-74.2536906338956,40.5094338044501],[-74.2546480279265,40.5098344538642],[-74.2545277327819,40.509981223042],[-74.2536496405965,40.5094787380048],[-74.2533173128013,40.5098697126207],[-74.2530654612973,40.5110634654754],[-74.2532595846978,40.5110968973072],[-74.2530099869278,40.5112021978177],[-74.2535283661424,40.5116859746591],[-74.2530378689276,40.511441369231],[-74.2530910238824,40.5121301696199],[-74.2519534897445,40.5130052104478],[-74.2521274290248,40.5137185880677],[-74.2513548292076,40.5144011070308],[-74.2501132251615,40.5150530287171],[-74.250556778384,40.515724551132],[-74.2501577803521,40.5153693976893],[-74.2498897631993,40.5155297540218],[-74.2505615879581,40.5161149494246],[-74.250416874439,40.5161965437141],[-74.2493581230845,40.5150141369445],[-74.2492168011793,40.5150930702923],[-74.2499431027177,40.5161456976145],[-74.2494324838522,40.5156960954818],[-74.2486491602484,40.5161208373962],[-74.2487610968796,40.5163644302329],[-74.2485474075467,40.5161781263308],[-74.2482857352528,40.5164951587062],[-74.2489477609031,40.5172027490516],[-74.2494092220928,40.516989039675],[-74.2485160045187,40.5174838358263],[-74.2489206198531,40.5172166436961],[-74.247519631593,40.5157440735814],[-74.2469319933519,40.516074664068],[-74.2464419097884,40.5159732367965],[-74.246130089758,40.5161456023107],[-74.2467514849623,40.5165038227879],[-74.2465119166248,40.5166780646793],[-74.2469970841198,40.5171902945049],[-74.2464805110558,40.5166955367156],[-74.2465383418396,40.5169681702704],[-74.2463512117976,40.5167615810891],[-74.2452101281216,40.5172979528872],[-74.2456714032096,40.5177979182384],[-74.2456362454252,40.5180837909197],[-74.2450895574663,40.5180750492006],[-74.2442998649085,40.5185232129919],[-74.2436537982002,40.5183028247962],[-74.2423262907399,40.5183347349141],[-74.2410327415175,40.5195507229751],[-74.2404922089543,40.5191998387809],[-74.2398240943667,40.5200989221192],[-74.2407343574881,40.5205773622255],[-74.2411744473908,40.5210683422888],[-74.2413337079093,40.5209027284206],[-74.2429338629334,40.5212353711921],[-74.2425852687593,40.5222068593812],[-74.2428030822436,40.5240155079798],[-74.2433594397612,40.5248271237326],[-74.2439665203148,40.5249135766308],[-74.2433403518559,40.5258620174602],[-74.2428882568239,40.5273055473798],[-74.2428882270736,40.52820834295],[-74.2425118034122,40.5284541463765],[-74.2422467943783,40.5298309917312],[-74.2415088459396,40.5310495552211],[-74.2418121292952,40.5325708884822],[-74.2421795096137,40.5325843514884],[-74.2422835163185,40.5333957096627],[-74.241966101341,40.5336419305121],[-74.2420472155394,40.534354590241],[-74.243698219313,40.5360883256174],[-74.2441264741832,40.5362045091553],[-74.2439780654338,40.5364687117266],[-74.2441493399473,40.5368896232365],[-74.2445890529425,40.5369411405745],[-74.2449384456931,40.5366720897162],[-74.2453380263888,40.536914208837],[-74.2444290035438,40.5380246472341],[-74.2453952765971,40.5395598886261],[-74.2456035718885,40.5409578090498],[-74.2464876627716,40.5422216068459],[-74.2476792961741,40.5431336179274],[-74.2480361525805,40.5431014551219],[-74.2461389527443,40.5457046622771],[-74.2433649802026,40.5478733513355],[-74.2435859907793,40.547632206139],[-74.2429373733251,40.5471214351657],[-74.2422046985483,40.5469568927014],[-74.2403933414892,40.547671526138],[-74.2383734258998,40.5491497829405],[-74.2376211472344,40.5501316849803],[-74.2364161091074,40.5505164407379],[-74.2361662440708,40.5514376411429],[-74.2365095048836,40.552035487964],[-74.2364011330456,40.5523435499542],[-74.2349001699062,40.5530134342401],[-74.2333255127899,40.5525173601382],[-74.2322926394383,40.5533719150312],[-74.2319348256909,40.5541580475495],[-74.2307118724204,40.5555658120469],[-74.2302510327593,40.555394963654],[-74.2293210524247,40.5554998053106],[-74.2290531321282,40.5561152996336],[-74.2283336536191,40.5563985718276],[-74.2274383368558,40.5560467511245],[-74.2264064550402,40.5562639308988],[-74.2239048505927,40.5559052836167],[-74.2238657236634,40.5561059122048],[-74.2234441600175,40.5560547879575],[-74.2237875763232,40.5558884849938],[-74.2231627977777,40.5557953604148],[-74.2225763759834,40.5554144273841],[-74.2218001467811,40.5554252883378],[-74.2215715737605,40.5556572006227],[-74.2213001540212,40.555374442752],[-74.2208686585086,40.5559484204675],[-74.2202986253991,40.5556061391425],[-74.2201077793601,40.5549370302242],[-74.2197450764274,40.554620889884],[-74.219082116215,40.5548552206024],[-74.2192186714136,40.5558051882501],[-74.2189598331551,40.5548658008885],[-74.2185947652198,40.5546824282215],[-74.2187518757345,40.5560359590357],[-74.2177549306174,40.5550135029257],[-74.2160439657307,40.5555523373711],[-74.2147420372537,40.5562506078311],[-74.2149940758519,40.5568031509857],[-74.2146249102828,40.556921580195],[-74.2137661786254,40.5564051625399],[-74.2132760786996,40.5566331519431],[-74.2132418199512,40.5566808427191]]]}},{"type":"Feature","properties":{"id":"staten-island-freshkills-park-south","name":"Freshkills Park (South)","ntaName":"Freshkills Park (South)","nta":"SI0391","type":"park","price":6,"blocks":7,"boro":"staten-island","borough":"Staten Island"},"geometry":{"type":"Polygon","coordinates":[[[-74.1974995008579,40.5788672249824],[-74.191951629725,40.5765841810544],[-74.1906420287374,40.5766932523934],[-74.1905509437057,40.576306664502],[-74.1895594973503,40.5762782243837],[-74.189181748022,40.5755337886499],[-74.1890413936941,40.5726747291147],[-74.1874955548968,40.5727949941241],[-74.186100714362,40.5725362401859],[-74.1844040757961,40.573015205843],[-74.1793706945063,40.5705565367975],[-74.1775818609368,40.5637636620271],[-74.1815970595947,40.5653261834213],[-74.1829596556425,40.5654884221819],[-74.1838375806203,40.5653180391909],[-74.1852554557413,40.5645575762254],[-74.1894790436172,40.5635892123479],[-74.1908849491951,40.5626377453105],[-74.1931753822624,40.5626125652212],[-74.1938630070205,40.5622305417544],[-74.1976963120565,40.5588952736478],[-74.2003205552243,40.5563464452916],[-74.2011661802247,40.5559499752862],[-74.2032301481317,40.5560893609802],[-74.2052019132453,40.5573404399236],[-74.2070003555523,40.5575757079733],[-74.2056975532888,40.5585242247044],[-74.2132418194203,40.5566808427144],[-74.2119999366827,40.5583862863335],[-74.2117577095577,40.5591329762839],[-74.211971796775,40.5593059571138],[-74.2118819282915,40.559605156958],[-74.2111759075023,40.5604681016457],[-74.2113415578143,40.5612385725215],[-74.2110975085284,40.5621396904111],[-74.2113814837386,40.5635004251542],[-74.2107281819617,40.5652821321171],[-74.2096297547127,40.5673265853351],[-74.2095361771591,40.567936269474],[-74.2088681157996,40.5689180154642],[-74.2089278680236,40.5696325191181],[-74.2080185576588,40.5705261792829],[-74.2081700155846,40.5707276448269],[-74.2078370947207,40.5726182222422],[-74.2070795085319,40.5742745618619],[-74.2072858186884,40.5752627557099],[-74.206813560714,40.5759302431733],[-74.2070906763499,40.5763138123843],[-74.2065819097339,40.5766609589684],[-74.2065327587128,40.5769098605563],[-74.2068097841362,40.5771877910197],[-74.2063249463417,40.5775470422848],[-74.2059188294145,40.5786248700944],[-74.2060299155356,40.5797724909154],[-74.2044135025384,40.5801782248261],[-74.2029515026089,40.5801102241912],[-74.1988777278186,40.5793118430664],[-74.1974995008579,40.5788672249824]]]}},{"type":"Feature","properties":{"id":"staten-island-fort-wadsworth","name":"Fort Wadsworth","ntaName":"Fort Wadsworth","nta":"SI9561","type":"park","price":6,"blocks":3,"boro":"staten-island","borough":"Staten Island"},"geometry":{"type":"Polygon","coordinates":[[[-74.0597488047918,40.593856843245],[-74.0637607930275,40.5989430915554],[-74.0610855992439,40.5998246261481],[-74.0619576383485,40.601244689001],[-74.0639800452615,40.6021521909838],[-74.0643020655517,40.6031035293726],[-74.0651723727244,40.6042217423699],[-74.0567732747834,40.6079077741273],[-74.0560118722098,40.6067888004808],[-74.0555227191499,40.6064911263735],[-74.0551614690489,40.606738725217],[-74.0549901361607,40.6066689302676],[-74.0551836388524,40.6064828001469],[-74.0550611987236,40.6062736542312],[-74.0538121553991,40.6059209526058],[-74.0536087539882,40.6052470435482],[-74.0540218569425,40.6049429534645],[-74.0530359316746,40.6014991993208],[-74.0534234559028,40.6005243037477],[-74.0522297253509,40.5997843349066],[-74.0528729951134,40.5998754880652],[-74.0544756804641,40.5987637718719],[-74.0597283642848,40.5939164478997],[-74.0597488047918,40.593856843245]]]}},{"type":"Feature","properties":{"id":"staten-island-hoffman-and-swinburne-islands","name":"Hoffman & Swinburne Islands","ntaName":"Hoffman & Swinburne Islands","nta":"SI9591","type":"park","price":6,"blocks":2,"boro":"staten-island","borough":"Staten Island"},"geometry":{"type":"MultiPolygon","coordinates":[[[[-74.0531418236393,40.5777109427733],[-74.0540619050871,40.5771246738267],[-74.0548992381038,40.5777906691067],[-74.0546946251203,40.5796998607988],[-74.0548470566313,40.5799540200415],[-74.0536877472793,40.5805569883874],[-74.0529333618931,40.5799107033383],[-74.0531418236393,40.5777109427733]]],[[[-74.0505095179406,40.5664302607704],[-74.0499849793643,40.5664041510485],[-74.0493178571155,40.5658959738241],[-74.0492377518582,40.565370962814],[-74.050027654615,40.5653264070309],[-74.0509074710658,40.5661025676567],[-74.0506806214416,40.566319071313],[-74.0510730521438,40.5667307195442],[-74.0505401069293,40.5664488999063],[-74.0505095179406,40.5664302607704]]]]}},{"type":"Feature","properties":{"id":"staten-island-miller-field","name":"Miller Field","ntaName":"Miller Field","nta":"SI9592","type":"park","price":6,"blocks":5,"boro":"staten-island","borough":"Staten Island"},"geometry":{"type":"Polygon","coordinates":[[[-74.0846922244707,40.5714861401784],[-74.0865500525722,40.5696405446107],[-74.0869141022341,40.5689940680188],[-74.0862177876939,40.5685409229151],[-74.0872522489769,40.5690899035351],[-74.0883058343128,40.5683380813286],[-74.0892505270814,40.5670237954007],[-74.0899840659149,40.567388236445],[-74.0905510678133,40.567091822045],[-74.0912395445571,40.5665148379243],[-74.0940721780493,40.5627398439864],[-74.1087416515224,40.569924719604],[-74.106377242074,40.5722325958736],[-74.1060449978283,40.5720724048942],[-74.1047112617952,40.5740141657736],[-74.0927720488738,40.5679516361987],[-74.0894618423176,40.5716885241513],[-74.0881350186596,40.5728359462749],[-74.0876988412789,40.5730701106529],[-74.0859779396792,40.5722451975673],[-74.0846922244707,40.5714861401784]]]}},{"type":"Feature","properties":{"id":"staten-island-great-kills-park","name":"Great Kills Park","ntaName":"Great Kills Park","nta":"SI9593","type":"park","price":6,"blocks":8,"boro":"staten-island","borough":"Staten Island"},"geometry":{"type":"Polygon","coordinates":[[[-74.1133848781867,40.5480815954461],[-74.1147392849842,40.548004831411],[-74.1154632517416,40.5475235823295],[-74.1165467956707,40.5478806132906],[-74.1180428051829,40.5473148333774],[-74.119822175567,40.5454564507323],[-74.1222152517347,40.5450716027687],[-74.1242459732021,40.5431185998479],[-74.1263833279119,40.540528973812],[-74.1307133203506,40.5345432924596],[-74.1335659133345,40.5315193916365],[-74.1369094700496,40.5292901341524],[-74.1372865219529,40.5297486833316],[-74.1381742117945,40.5296888233934],[-74.1388658203831,40.5299417794215],[-74.1391522402625,40.5315283281962],[-74.140612407794,40.5341388167864],[-74.1402572379715,40.5354517647202],[-74.1357690930348,40.5352404653204],[-74.1339184601425,40.5355933793884],[-74.1330275941782,40.536248553726],[-74.1333705325452,40.5363644120111],[-74.1330135551508,40.536264282324],[-74.1331626799292,40.5363822200001],[-74.1329441429808,40.5363302503785],[-74.1311969348736,40.5378806264374],[-74.1315271269068,40.5377267597568],[-74.1312941760127,40.5379649190442],[-74.1318153502213,40.5383155764124],[-74.1321139232392,40.5380605143437],[-74.131699154159,40.5378653404553],[-74.1318477496544,40.5377428609099],[-74.1321370834134,40.5380413443416],[-74.1324258634998,40.5377831783355],[-74.1319132994345,40.5375410585479],[-74.1320810010291,40.5374032511757],[-74.1324545060165,40.5377684989607],[-74.132756283357,40.5375127540157],[-74.1322374409679,40.537270768243],[-74.1323994941593,40.5371270813999],[-74.1327775155785,40.5374922284469],[-74.1330759342569,40.5372373407744],[-74.1325593397527,40.5369996251991],[-74.1327370807436,40.5368627526518],[-74.1330960536605,40.5372202343889],[-74.1333933523999,40.5369662017535],[-74.1328758612567,40.5367278496795],[-74.1330365668847,40.536583092969],[-74.1334115222849,40.5369479392726],[-74.1338620201574,40.5366061793099],[-74.1299708197451,40.5399759877322],[-74.1302101713906,40.5397108818748],[-74.1296852320213,40.5394799376238],[-74.1298470326711,40.539335074958],[-74.1302290207572,40.5396919351068],[-74.1305231206886,40.5394337761117],[-74.1300042058275,40.5391806121216],[-74.1301708357065,40.5390410959505],[-74.1305432430752,40.5394175242438],[-74.1308405464607,40.5391558103161],[-74.1303239267558,40.5389086891402],[-74.1304867614134,40.5387671346201],[-74.1308606664892,40.5391395577247],[-74.1311547651803,40.5388817924675],[-74.1306557582701,40.5386255289614],[-74.1308011968536,40.5385007081129],[-74.131175847881,40.5388633782503],[-74.1314757202649,40.538606532176],[-74.1309765690975,40.538349967665],[-74.1311211008023,40.5382271100589],[-74.1314988788428,40.5385895981647],[-74.1317949863538,40.5383342092202],[-74.1311661410984,40.5379083535385],[-74.1281723689323,40.5405223030602],[-74.1275981843339,40.5413851645903],[-74.127389687121,40.5423383126602],[-74.1276715101412,40.5433895646405],[-74.1279297816848,40.5433814659162],[-74.1276314175681,40.5436171125345],[-74.1279911605423,40.5434925625111],[-74.1278204117096,40.5435726185456],[-74.1284623541001,40.5444468239891],[-74.1301155252738,40.5459839449252],[-74.1331096219299,40.5468445144681],[-74.1358586034534,40.546459915904],[-74.1371133361037,40.5470317020659],[-74.1386541387788,40.5484940369367],[-74.1373913610115,40.5496005899415],[-74.1345601614617,40.5512632983811],[-74.1304260738052,40.554445264012],[-74.1273020552489,40.5573033947382],[-74.1194600666882,40.5522301269431],[-74.1185713373093,40.5514811586829],[-74.1186588377168,40.5511585594819],[-74.116564373887,40.5491359626185],[-74.1149435018229,40.5495968706535],[-74.1139529710264,40.5487335438742],[-74.1133848781867,40.5480815954461]]]}}]}